{"type":"FeatureCollection","features":[{"type":"Feature","properties":{"name":"British Columbia"},"geometry":{"type":"MultiLineString","coordinates":[[[-114.0638,48.9925],[-122.7530,48.9925],[-122.7818,49.0173],[-122.8232,49.0069],[-122.8530,49.0170],[-122.8760,49.0365],[-122.8677,49.0804],[-122.9066,49.0883],[-122.9512,49.0829],[-123.0328,49.0506],[-123.0485,49.0352],[-123.0353,48.9924],[-123.0905,48.9925],[-123.1083,49.0336],[-123.1429,49.0609],[-123.0542,49.1232],[-123.0406,49.1510],[-123.0811,49.1283],[-123.1234,49.1158],[-123.1671,49.1156],[-123.2119,49.1299],[-123.2001,49.1485],[-123.2047,49.1898],[-123.1983,49.2056],[-123.1797,49.2098],[-123.1376,49.1957],[-123.1433,49.2074],[-123.2359,49.2499],[-123.2468,49.2746],[-123.1430,49.2800],[-123.1619,49.2999],[-123.1548,49.3085],[-123.1385,49.3090],[-123.1086,49.2887],[-123.0742,49.2943],[-123.0673,49.2875],[-123.0394,49.2958],[-122.9608,49.2818],[-122.9219,49.2995],[-122.8924,49.3336],[-122.8557,49.4417],[-122.8782,49.4573],[-122.8823,49.4042],[-122.9381,49.3258],[-123.0206,49.3068],[-123.2119,49.3427],[-123.2700,49.3353],[-123.2939,49.3701],[-123.2454,49.4110],[-123.2401,49.4415],[-123.2511,49.5228],[-123.2181,49.5960],[-123.2256,49.6034],[-123.2068,49.6215],[-123.2119,49.6500],[-123.1539,49.6929],[-123.1710,49.7052],[-123.2474,49.6582],[-123.2529,49.6500],[-123.2454,49.6131],[-123.2564,49.5930],[-123.2872,49.5808],[-123.3280,49.5817],[-123.3553,49.5550],[-123.3965,49.5582],[-123.5026,49.5054],[-123.4857,49.4935],[-123.4913,49.4730],[-123.4732,49.4345],[-123.4822,49.4142],[-123.4998,49.3998],[-123.5335,49.3884],[-123.7811,49.4654],[-123.8855,49.4772],[-123.9034,49.4861],[-123.9195,49.5074],[-123.9754,49.5309],[-124.0269,49.6034],[-124.0611,49.6308],[-124.0679,49.6623],[-124.0638,49.6784],[-124.0443,49.6912],[-124.0201,49.7326],[-123.9900,49.7450],[-123.9392,49.7435],[-123.9208,49.7158],[-123.8351,49.6339],[-123.8283,49.5817],[-123.8050,49.5286],[-123.7770,49.5053],[-123.7525,49.5407],[-123.7716,49.5754],[-123.7722,49.5939],[-123.7600,49.6096],[-123.7184,49.6165],[-123.6936,49.6348],[-123.5897,49.6536],[-123.5502,49.6748],[-123.5335,49.7052],[-123.6644,49.6561],[-123.7945,49.6440],[-123.8078,49.6469],[-123.8232,49.6831],[-123.8836,49.7394],[-123.9276,49.7636],[-123.9337,49.7832],[-123.8897,49.8288],[-123.8818,49.8473],[-123.8836,49.9011],[-123.8906,49.9214],[-123.9449,49.9448],[-123.9578,49.9671],[-123.9536,49.9896],[-123.9356,50.0073],[-123.8957,50.0175],[-123.8780,50.0311],[-123.8078,50.0410],[-123.7545,50.0937],[-123.7563,50.1031],[-123.7774,50.1116],[-123.8283,50.1583],[-123.9934,50.2197],[-123.9449,50.1720],[-123.8814,50.1537],[-123.8624,50.1441],[-123.8456,50.1205],[-123.8078,50.1031],[-123.8331,50.0755],[-123.8692,50.0547],[-123.9811,50.0213],[-123.9931,50.0108],[-124.0000,49.9736],[-123.9890,49.9337],[-123.9619,49.9039],[-123.9260,49.8861],[-123.9108,49.8697],[-123.9382,49.8288],[-123.9781,49.8090],[-124.0011,49.8118],[-124.0085,49.8206],[-124.0132,49.8635],[-124.0344,49.8834],[-124.0204,49.9077],[-124.0230,49.9198],[-124.0374,49.9249],[-124.0747,49.8697],[-124.0481,49.8411],[-124.0849,49.8305],[-124.0892,49.8219],[-124.0816,49.8082],[-124.1478,49.7843],[-124.2739,49.7741],[-124.2674,49.7516],[-124.2830,49.7465],[-124.3042,49.7526],[-124.3272,49.7743],[-124.4037,49.7673],[-124.5132,49.7975],[-124.5322,49.8443],[-124.5831,49.8824],[-124.6349,49.9020],[-124.6497,49.9207],[-124.7321,49.9542],[-124.7643,49.9773],[-124.8289,50.0547],[-124.8203,50.0714],[-124.6848,49.9864],[-124.7044,50.0409],[-124.6830,50.0524],[-124.6718,50.0827],[-124.7053,50.1031],[-124.6656,50.1267],[-124.6718,50.1441],[-124.6283,50.1693],[-124.6175,50.1889],[-124.6234,50.2055],[-124.6029,50.2403],[-124.6398,50.2938],[-124.7134,50.3313],[-124.6774,50.3546],[-124.6598,50.3920],[-124.5997,50.4052],[-124.5340,50.3973],[-124.5062,50.4160],[-124.4112,50.4457],[-124.3567,50.4861],[-124.3485,50.4972],[-124.3589,50.5092],[-124.4247,50.4662],[-124.5042,50.4384],[-124.5892,50.4252],[-124.6719,50.4308],[-124.7499,50.3521],[-124.8301,50.3176],[-124.9517,50.3284],[-124.9627,50.3407],[-124.9455,50.3706],[-124.9521,50.3917],[-124.9859,50.4275],[-125.0069,50.4321],[-124.9905,50.3838],[-124.9951,50.3602],[-125.0815,50.3246],[-125.0855,50.3638],[-125.0616,50.3768],[-125.0685,50.4242],[-125.0574,50.4772],[-125.0417,50.4867],[-124.9704,50.5008],[-124.9592,50.5106],[-124.9529,50.5371],[-124.9368,50.5472],[-124.8909,50.5549],[-124.8698,50.5829],[-124.8742,50.6078],[-124.8655,50.6298],[-124.8640,50.6716],[-124.8236,50.7345],[-124.8356,50.7542],[-124.9063,50.7785],[-124.9104,50.7936],[-124.8250,50.8696],[-124.7872,50.8845],[-124.8138,50.9271],[-124.8605,50.9274],[-124.8698,50.8945],[-124.9182,50.8436],[-124.9864,50.8082],[-124.9561,50.7987],[-124.9486,50.7610],[-124.9093,50.7492],[-124.9000,50.7352],[-124.9251,50.6580],[-124.9081,50.6273],[-124.9396,50.5979],[-124.9592,50.6034],[-124.9666,50.5908],[-125.0274,50.5587],[-125.0403,50.5311],[-125.1021,50.4989],[-125.1236,50.4737],[-125.1124,50.4544],[-125.1278,50.4369],[-125.1783,50.4190],[-125.2081,50.4267],[-125.2426,50.4665],[-125.2435,50.5040],[-125.2557,50.5066],[-125.2986,50.4666],[-125.3254,50.4737],[-125.3421,50.4892],[-125.3566,50.5431],[-125.3843,50.5345],[-125.3974,50.4867],[-125.4322,50.4660],[-125.5440,50.4556],[-125.5770,50.4706],[-125.5412,50.5062],[-125.5284,50.5549],[-125.5420,50.5891],[-125.5174,50.6507],[-125.4527,50.6852],[-125.4247,50.7133],[-125.4545,50.7203],[-125.5038,50.6881],[-125.5555,50.6662],[-125.5687,50.6381],[-125.5709,50.6079],[-125.5625,50.5891],[-125.5772,50.5521],[-125.5856,50.5349],[-125.6223,50.5224],[-125.6103,50.4935],[-125.6131,50.4791],[-125.6438,50.4484],[-125.6702,50.4394],[-125.7095,50.4399],[-125.7735,50.4879],[-125.7952,50.4935],[-125.7857,50.5062],[-125.7522,50.5087],[-125.7400,50.5202],[-125.7872,50.5316],[-125.8362,50.5276],[-125.8635,50.5009],[-125.9545,50.4757],[-126.0077,50.4715],[-126.0573,50.4785],[-126.0895,50.5009],[-126.1312,50.4897],[-126.2422,50.5010],[-126.2806,50.5194],[-126.2277,50.5443],[-126.1788,50.5202],[-126.1856,50.5487],[-126.1788,50.5755],[-126.1037,50.5966],[-126.0862,50.5891],[-126.0628,50.6034],[-125.9775,50.6132],[-125.9386,50.6301],[-125.9598,50.6455],[-125.9853,50.6438],[-126.1603,50.5977],[-126.2437,50.5966],[-126.2772,50.6258],[-126.2689,50.6302],[-126.2215,50.6426],[-126.1188,50.6467],[-126.0484,50.6648],[-125.9389,50.6518],[-125.8264,50.6770],[-125.7503,50.6852],[-125.7164,50.6785],[-125.6991,50.6893],[-125.6717,50.7399],[-125.6202,50.7577],[-125.6081,50.7809],[-125.6512,50.8361],[-125.6454,50.8549],[-125.6278,50.8626],[-125.5596,50.8656],[-125.5345,50.9119],[-125.5116,50.9268],[-125.5073,50.9391],[-125.5625,51.0553],[-125.5775,51.0723],[-125.6370,51.1037],[-125.6307,51.0626],[-125.5829,50.9665],[-125.5420,50.9391],[-125.5755,50.9071],[-125.6387,50.8952],[-125.6792,50.8703],[-125.6856,50.8288],[-125.6444,50.7986],[-125.6476,50.7824],[-125.6854,50.7747],[-125.7434,50.7172],[-125.7674,50.7064],[-125.7674,50.7133],[-125.8796,50.7091],[-125.9212,50.6848],[-125.9529,50.6852],[-125.9850,50.7150],[-126.0075,50.7133],[-126.0590,50.6852],[-126.2122,50.6751],[-126.2266,50.6928],[-126.2100,50.7094],[-126.1676,50.7182],[-126.1258,50.7484],[-126.0312,50.7893],[-126.0345,50.7951],[-126.0799,50.7951],[-126.1518,50.7739],[-126.1788,50.7809],[-126.1964,50.798],[-126.1788,50.8532],[-126.1838,50.8678],[-126.2329,50.8436],[-126.2403,50.8634],[-126.3882,50.8519],[-126.4886,50.8167],[-126.5473,50.8373],[-126.5562,50.8436],[-126.5624,50.8771],[-126.4989,50.9223],[-126.4668,50.9119],[-126.3607,50.9042],[-126.3189,50.9142],[-126.2232,50.9050],[-126.1841,50.9229],[-126.1730,50.9387],[-126.1788,50.9535],[-126.2432,50.9281],[-126.4054,50.9391],[-126.4594,50.9517],[-126.4835,50.9646],[-126.5056,51.0115],[-126.5147,51.0763],[-126.5214,51.0763],[-126.5521,51.0050],[-126.5268,50.9558],[-126.5350,50.9417],[-126.5754,50.9064],[-126.6742,50.8781],[-126.7474,50.8908],[-126.7698,50.9097],[-126.8152,50.9177],[-126.8461,50.9434],[-126.8695,50.9381],[-126.8991,50.9069],[-127.0272,50.9064],[-127.0803,50.9269],[-127.1657,50.9391],[-127.1741,50.9259],[-127.1563,50.9151],[-127.0339,50.8883],[-126.9534,50.8845],[-126.9219,50.8722],[-126.9575,50.8635],[-127.0217,50.8219],[-127.0673,50.8307],[-127.1309,50.8661],[-127.2135,50.8771],[-127.2483,50.8982],[-127.2551,50.9181],[-127.3103,50.9129],[-127.4290,50.9431],[-127.4469,50.9535],[-127.4171,50.9704],[-127.4236,50.9832],[-127.4732,50.9840],[-127.5307,51.0037],[-127.5322,51.0180],[-127.4995,51.0953],[-127.4810,51.1099],[-127.5026,51.1197],[-127.6619,51.0974],[-127.6865,51.1099],[-127.6899,51.1289],[-127.7770,51.1672],[-127.7939,51.1979],[-127.7895,51.2333],[-127.7363,51.2578],[-127.6263,51.2753],[-127.5714,51.3006],[-127.4158,51.2892],[-127.3780,51.2750],[-127.2210,51.2892],[-127.1384,51.3228],[-127.1178,51.3604],[-127.1173,51.3985],[-127.1760,51.3364],[-127.2818,51.3023],[-127.5152,51.3165],[-127.5152,51.3228],[-127.4643,51.3532],[-127.4844,51.3575],[-127.5903,51.3296],[-127.6803,51.3361],[-127.7215,51.3213],[-127.7518,51.3219],[-127.7796,51.3305],[-127.7895,51.3500],[-127.7784,51.3648],[-127.7288,51.3874],[-127.6642,51.3981],[-127.6044,51.4562],[-127.5518,51.4708],[-127.5528,51.4975],[-127.5217,51.5160],[-127.5152,51.5282],[-127.5212,51.5890],[-127.5118,51.6073],[-127.4680,51.6284],[-127.3157,51.6557],[-127.0435,51.6686],[-126.6772,51.6457],[-126.6552,51.6555],[-126.6481,51.6791],[-126.6245,51.6784],[-126.6034,51.7138],[-126.6375,51.7616],[-126.6380,51.7732],[-126.6661,51.8025],[-126.6586,51.7882],[-126.6677,51.7664],[-126.6443,51.7200],[-126.6486,51.7066],[-126.6785,51.6926],[-126.6993,51.6654],[-127.0955,51.7041],[-127.2585,51.6858],[-127.3500,51.7138],[-127.3544,51.6886],[-127.3856,51.6737],[-127.4232,51.6718],[-127.4469,51.6858],[-127.4264,51.7063],[-127.4326,51.7063],[-127.4326,51.7547],[-127.3749,51.7685],[-127.3623,51.7802],[-127.3370,51.8571],[-127.3500,51.8701],[-127.3871,51.8163],[-127.3938,51.7837],[-127.4532,51.7745],[-127.4767,51.7134],[-127.4926,51.6987],[-127.5829,51.7118],[-127.6455,51.7001],[-127.6455,51.6926],[-127.5493,51.6722],[-127.4767,51.6751],[-127.4674,51.6622],[-127.4784,51.6515],[-127.5456,51.6343],[-127.5588,51.6188],[-127.5751,51.5884],[-127.5903,51.5766],[-127.5670,51.5439],[-127.5716,51.5281],[-127.6227,51.4781],[-127.6429,51.4651],[-127.7138,51.4577],[-127.7281,51.4599],[-127.7616,51.4940],[-127.7455,51.5053],[-127.6806,51.5051],[-127.6592,51.5083],[-127.6592,51.5145],[-127.7001,51.5350],[-127.7913,51.5269],[-127.8027,51.5376],[-127.7895,51.5555],[-127.8026,51.6039],[-127.8264,51.5987],[-127.8373,51.6449],[-127.8736,51.6734],[-127.8770,51.7148],[-127.8648,51.7376],[-127.8776,51.7582],[-127.8776,51.7852],[-127.8919,51.8162],[-127.8776,51.8435],[-127.8825,51.8655],[-127.8714,51.8701],[-127.8495,51.9201],[-127.7653,51.9534],[-127.6849,51.9500],[-127.6660,51.9596],[-127.6734,51.9670],[-127.6591,51.9920],[-127.6380,52.0837],[-127.5826,52.1278],[-127.5152,52.1520],[-127.4770,52.1505],[-127.4680,52.1411],[-127.4754,52.1066],[-127.4891,52.0981],[-127.5657,52.1000],[-127.5765,52.0936],[-127.6244,52.0285],[-127.5495,52.0822],[-127.4304,52.0888],[-127.4053,52.1042],[-127.4494,52.1631],[-127.4517,52.1818],[-127.3983,52.1964],[-127.3814,52.2196],[-127.3572,52.2291],[-127.2637,52.2460],[-127.1864,52.3093],[-127.1482,52.3190],[-127.0430,52.3097],[-126.9976,52.2975],[-126.9430,52.2531],[-126.9372,52.2346],[-126.9466,52.2128],[-126.9077,52.1784],[-126.7106,52.0468],[-126.6722,51.9874],[-126.6721,52.0473],[-126.6859,52.0626],[-126.7164,52.0769],[-126.7508,52.1278],[-126.8851,52.1945],[-126.9125,52.2271],[-126.9025,52.2578],[-126.9385,52.3058],[-126.9390,52.3200],[-126.9255,52.3369],[-126.8846,52.3444],[-126.8746,52.3581],[-126.7337,52.3711],[-126.7530,52.3933],[-126.7850,52.3974],[-126.9129,52.3719],[-127.0023,52.3393],[-127.0416,52.3378],[-127.1521,52.3506],[-127.1896,52.3878],[-127.1929,52.3987],[-127.1794,52.4120],[-127.1998,52.4393],[-127.2249,52.4561],[-127.2327,52.5078],[-127.2276,52.5228],[-127.1496,52.5794],[-127.1090,52.5893],[-127.0558,52.6249],[-127.0030,52.6336],[-126.9823,52.6447],[-126.9659,52.6856],[-126.9317,52.7128],[-126.9255,52.7342],[-126.9695,52.8294],[-127.0764,52.8850],[-127.0172,52.8136],[-127.0012,52.7826],[-127.0012,52.7516],[-126.9801,52.7243],[-126.9868,52.7108],[-127.0538,52.6530],[-127.1521,52.6113],[-127.2233,52.5663],[-127.2586,52.5532],[-127.2551,52.5362],[-127.2818,52.5151],[-127.2619,52.4844],[-127.2688,52.4689],[-127.4524,52.4117],[-127.4951,52.3588],[-127.5893,52.3308],[-127.6108,52.3196],[-127.6165,52.2985],[-127.6734,52.3034],[-127.7303,52.2762],[-127.7554,52.2818],[-127.7445,52.3196],[-127.7144,52.3581],[-127.7366,52.3543],[-127.7827,52.3034],[-127.8005,52.2562],[-127.8607,52.2160],[-127.8724,52.2195],[-127.8845,52.2407],[-127.8898,52.2770],[-127.9144,52.2851],[-127.9329,52.3164],[-127.9093,52.3475],[-127.8578,52.3581],[-127.8474,52.3713],[-127.8919,52.4120],[-127.9186,52.4502],[-127.9147,52.4644],[-127.8726,52.5041],[-127.8736,52.5119],[-127.8882,52.5151],[-127.9186,52.4878],[-127.9146,52.4797],[-127.9261,52.4468],[-127.9252,52.4328],[-127.8987,52.4059],[-127.9025,52.3853],[-127.9676,52.3226],[-128.0159,52.3467],[-128.0274,52.3759],[-128.0638,52.4059],[-128.0564,52.4120],[-128.0665,52.4496],[-128.0530,52.4851],[-128.0233,52.5115],[-127.9844,52.5219],[-127.9472,52.5015],[-127.9342,52.5059],[-127.9398,52.5294],[-127.8987,52.5424],[-127.8776,52.5840],[-127.9317,52.5604],[-128.0281,52.5475],[-128.0711,52.5178],[-128.0923,52.5132],[-128.1656,52.4059],[-128.1970,52.3885],[-128.2346,52.3264],[-128.2967,52.2755],[-128.3922,52.2960],[-128.3795,52.3093],[-128.3301,52.3302],[-128.3391,52.3488],[-128.3284,52.3863],[-128.2986,52.4024],[-128.2604,52.4024],[-128.2516,52.4294],[-128.2262,52.4605],[-128.2219,52.4794],[-128.2339,52.5053],[-128.2420,52.5703],[-128.1935,52.6393],[-128.1830,52.6765],[-128.1566,52.6956],[-128.1256,52.7528],[-128.1383,52.8441],[-128.1322,52.8731],[-128.1095,52.8920],[-128.0376,52.9070],[-128.0287,52.9166],[-128.0417,52.9235],[-128.1051,52.9120],[-128.1383,52.9266],[-128.1415,52.9074],[-128.1680,52.8635],[-128.2481,52.8031],[-128.3054,52.8028],[-128.3714,52.8202],[-128.4429,52.8277],[-128.4504,52.8517],[-128.4778,52.8683],[-128.4974,52.8947],[-128.4966,52.9294],[-128.5219,53.0464],[-128.5362,53.0802],[-128.5318,53.0895],[-128.4952,53.0973],[-128.5118,53.1073],[-128.5494,53.1094],[-128.5567,53.1287],[-128.4810,53.1457],[-128.5759,53.1503],[-128.6617,53.2421],[-128.6724,53.2272],[-128.6591,53.2009],[-128.6802,53.1928],[-128.8491,53.2785],[-128.8842,53.3263],[-128.8760,53.3449],[-128.8447,53.3716],[-128.8876,53.3771],[-128.8738,53.4005],[-128.8863,53.4269],[-128.8806,53.4476],[-128.8442,53.4708],[-128.8310,53.4883],[-128.8771,53.4863],[-128.9079,53.4586],[-128.9176,53.4586],[-128.9473,53.4858],[-128.9744,53.5566],[-128.8646,53.5362],[-128.8127,53.5729],[-128.7894,53.5702],[-128.7755,53.5556],[-128.7485,53.4951],[-128.7075,53.4815],[-128.6728,53.4535],[-128.6666,53.4610],[-128.6939,53.4883],[-128.6676,53.4893],[-128.6392,53.4747],[-128.5629,53.4195],[-128.4975,53.3871],[-128.4925,53.3812],[-128.5014,53.3760],[-128.5030,53.3633],[-128.4938,53.3440],[-128.4834,53.3571],[-128.4820,53.3980],[-128.5083,53.4064],[-128.5083,53.4126],[-128.4673,53.4337],[-128.3795,53.4474],[-128.3631,53.4588],[-128.3519,53.4815],[-128.3087,53.4606],[-128.2535,53.4528],[-128.1270,53.4508],[-128.0899,53.4312],[-128.0701,53.3989],[-128.1042,53.3375],[-128.0510,53.3738],[-127.9769,53.3423],[-127.9563,53.3184],[-127.9534,53.2652],[-127.9426,53.2537],[-127.8714,53.2283],[-127.8771,53.2501],[-127.9175,53.2714],[-127.9329,53.2891],[-127.9329,53.3375],[-128.0018,53.3622],[-128.0301,53.3822],[-128.0851,53.4482],[-128.1123,53.4651],[-128.1110,53.4883],[-128.3001,53.4815],[-128.3741,53.5035],[-128.3902,53.4745],[-128.4205,53.4527],[-128.4918,53.4474],[-128.5294,53.4337],[-128.5528,53.4572],[-128.5943,53.4739],[-128.6121,53.5045],[-128.6870,53.5194],[-128.7005,53.5471],[-128.7280,53.5702],[-128.7491,53.5624],[-128.8077,53.6153],[-128.8160,53.6503],[-128.7737,53.7047],[-128.7703,53.7214],[-128.7919,53.7601],[-128.7888,53.7809],[-128.7751,53.7982],[-128.7553,53.8104],[-128.6934,53.8212],[-128.6778,53.8593],[-128.6563,53.8622],[-128.5589,53.8417],[-128.4737,53.8414],[-128.5011,53.8626],[-128.5724,53.8609],[-128.6628,53.8910],[-128.6826,53.8893],[-128.6939,53.8993],[-128.6355,53.9712],[-128.6276,54.0130],[-128.5982,54.0302],[-128.6219,54.0321],[-128.6817,54.0006],[-128.7485,53.9203],[-128.7645,53.9135],[-128.7827,53.9203],[-128.7892,53.8925],[-128.8393,53.8656],[-128.8616,53.8302],[-128.9328,53.7763],[-128.9061,53.8446],[-128.9148,53.8576],[-128.9471,53.8104],[-128.9402,53.8651],[-128.9658,53.8905],[-129.0091,53.8993],[-128.9777,53.8668],[-128.9654,53.8205],[-128.9732,53.7775],[-129.0017,53.7621],[-129.0480,53.8123],[-129.0638,53.8104],[-129.0644,53.7912],[-129.0332,53.7494],[-129.1121,53.7218],[-129.1290,53.7111],[-129.1461,53.6776],[-129.1894,53.6621],[-129.2283,53.6327],[-129.2382,53.6188],[-129.2447,53.5303],[-129.2624,53.5225],[-129.2624,53.5163],[-129.2423,53.5118],[-129.2357,53.4920],[-129.2420,53.4474],[-129.2633,53.4106],[-129.2897,53.3854],[-129.3349,53.3969],[-129.5931,53.5722],[-129.6153,53.5771],[-129.7429,53.6801],[-129.7429,53.6869],[-129.7315,53.6857],[-129.7018,53.6727],[-129.7157,53.6954],[-129.7764,53.7211],[-129.8030,53.7552],[-129.8452,53.7552],[-129.9204,53.8036],[-129.9483,53.8378],[-129.9961,53.8515],[-129.9742,53.8658],[-129.9613,53.8889],[-130.0196,53.8756],[-130.0637,53.9061],[-130.1047,53.9470],[-130.0866,53.9706],[-130.0916,54.0811],[-130.0501,54.1561],[-129.9613,54.1668],[-129.9504,54.1593],[-129.9409,54.1326],[-129.8998,54.1121],[-129.8732,54.0855],[-129.8384,54.0302],[-129.8030,54.0227],[-129.7838,54.0023],[-129.7565,54.0023],[-129.7350,53.9645],[-129.7149,53.9538],[-129.7454,54.0089],[-129.7823,54.0217],[-129.8246,54.0513],[-129.8657,54.1046],[-129.8998,54.1289],[-129.9322,54.1682],[-129.9272,54.1873],[-129.8865,54.2119],[-129.8381,54.2220],[-129.7921,54.2180],[-129.7656,54.2041],[-129.7210,54.2077],[-129.6369,54.1811],[-129.6119,54.1839],[-129.5533,54.2163],[-129.4753,54.2350],[-129.4918,54.2514],[-129.5178,54.2472],[-129.5753,54.2238],[-129.5951,54.2003],[-129.7678,54.2365],[-129.8289,54.2421],[-129.8863,54.2350],[-129.9787,54.2077],[-130.0196,54.1804],[-130.0780,54.1804],[-130.1016,54.1622],[-130.1249,54.1608],[-130.1542,54.1736],[-130.1763,54.1952],[-130.2772,54.2077],[-130.2814,54.2144],[-130.2840,54.2315],[-130.2928,54.2374],[-130.2310,54.2600],[-130.1947,54.2630],[-130.2394,54.2868],[-130.2431,54.3256],[-130.2581,54.3410],[-130.2464,54.3871],[-130.2493,54.4063],[-130.2722,54.3581],[-130.3488,54.3337],[-130.3728,54.3318],[-130.4582,54.3486],[-130.4825,54.3736],[-130.4752,54.3920],[-130.4810,54.4186],[-130.4654,54.4442],[-130.3797,54.4610],[-130.4353,54.5021],[-130.4398,54.5489],[-130.4312,54.5677],[-130.3855,54.5652],[-130.3797,54.5777],[-130.4395,54.6239],[-130.4312,54.6329],[-130.3627,54.6122],[-130.2760,54.5198],[-130.0529,54.3373],[-130.0060,54.3199],[-129.9588,54.3220],[-129.9756,54.3318],[-130.0134,54.3341],[-130.0848,54.3920],[-130.0845,54.4112],[-130.0640,54.4468],[-130.0711,54.4610],[-130.0631,54.4789],[-129.9990,54.4945],[-129.9814,54.5154],[-129.9961,54.5236],[-130.0637,54.5019],[-130.0767,54.4911],[-130.0848,54.4442],[-130.1011,54.4263],[-130.1370,54.4420],[-130.2116,54.4933],[-130.2909,54.5707],[-130.2835,54.5851],[-130.3597,54.6321],[-130.3724,54.6642],[-130.3381,54.6937],[-130.2876,54.7077],[-130.2344,54.7114],[-130.1816,54.7047],[-130.0848,54.6738],[-130.0606,54.6432],[-130.0116,54.6198],[-129.9064,54.6091],[-129.8795,54.6205],[-129.9898,54.6305],[-130.0165,54.6397],[-130.0757,54.6933],[-130.1549,54.7225],[-130.2015,54.7285],[-130.1947,54.7564],[-130.1599,54.7974],[-130.1531,54.8246],[-130.0985,54.8445],[-130.0501,54.8930],[-130.0672,54.8966],[-130.1047,54.8662],[-130.1736,54.8445],[-130.1343,54.8871],[-130.1043,54.9008],[-130.0637,54.9544],[-130.0220,54.9738],[-129.9750,54.9718],[-129.9566,54.9574],[-129.9892,54.9203],[-129.9652,54.9250],[-129.9346,54.9481],[-129.8807,54.9552],[-129.8452,54.9870],[-129.8248,54.9954],[-129.7696,54.9755],[-129.7180,54.9892],[-129.6633,54.9843],[-129.6413,54.9895],[-129.6256,55.0097],[-129.6756,54.9945],[-129.9548,55.0097],[-129.9878,55.0057],[-130.0010,55.0224],[-129.9566,55.1013],[-129.9413,55.1187],[-129.9166,55.1257],[-129.8609,55.1771],[-129.8521,55.1884],[-129.8521,55.2083],[-129.8139,55.2595],[-129.7527,55.2870],[-129.7490,55.3113],[-129.7213,55.3490],[-129.6752,55.3781],[-129.6742,55.4015],[-129.6392,55.4410],[-129.6104,55.4464],[-129.5432,55.4378],[-129.4756,55.4640],[-129.4780,55.4834],[-129.5436,55.4553],[-129.6346,55.4616],[-129.6566,55.4516],[-129.6944,55.4137],[-129.7129,55.4208],[-129.7161,55.4652],[-129.7433,55.4835],[-129.7540,55.5016],[-129.7905,55.5983],[-129.8065,55.6244],[-129.8248,55.6192],[-129.8117,55.5826],[-129.8105,55.5407],[-129.7770,55.4794],[-129.7901,55.4638],[-129.7900,55.4348],[-129.8321,55.4044],[-129.8384,55.3727],[-129.8247,55.3673],[-129.8248,55.3864],[-129.7900,55.4000],[-129.8105,55.3802],[-129.8012,55.3674],[-129.7838,55.3659],[-129.7862,55.3567],[-129.7977,55.3412],[-129.8201,55.3355],[-129.8219,55.2902],[-129.8775,55.2481],[-129.9123,55.1688],[-129.9961,55.0990],[-130.0564,55.0093],[-130.0831,54.9967],[-130.1248,55.0052],[-130.1673,55.0853],[-130.0786,55.1925],[-129.9579,55.2735],[-129.9493,55.2931],[-129.9961,55.3386],[-130.0066,55.4103],[-130.0250,55.4654],[-130.0765,55.5222],[-130.0939,55.5526],[-130.0997,55.5872],[-130.0799,55.6599],[-130.0807,55.6850],[-130.1121,55.7011],[-130.1306,55.7362],[-130.1288,55.7592],[-130.1155,55.7799],[-129.9613,55.9208],[-129.9699,55.9316],[-129.9959,55.9334],[-130.0097,55.9282],[-130.0196,55.9079],[-130.0190,56.0]],[[-120.0006,56.0],[-120.0010,53.8228],[-119.9809,53.7906],[-119.9189,53.7833],[-119.9044,53.7753],[-119.9214,53.7295],[-119.9146,53.7158],[-119.8762,53.7098],[-119.8545,53.6978],[-119.8300,53.7075],[-119.8077,53.7047],[-119.7897,53.6811],[-119.7370,53.6421],[-119.7324,53.6231],[-119.7536,53.6048],[-119.7936,53.6026],[-119.9265,53.6149],[-119.9309,53.6051],[-119.8870,53.5666],[-119.8859,53.5568],[-119.9091,53.5320],[-119.9049,53.5219],[-119.8826,53.5070],[-119.8480,53.5133],[-119.8274,53.5080],[-119.7907,53.4708],[-119.7416,53.3995],[-119.6416,53.3538],[-119.6061,53.3781],[-119.4764,53.3566],[-119.4255,53.3668],[-119.3932,53.3644],[-119.3808,53.3559],[-119.3754,53.3233],[-119.3540,53.2834],[-119.2633,53.1983],[-119.1563,53.1824],[-119.1255,53.1614],[-119.0901,53.1572],[-119.0287,53.1346],[-119.0153,53.1421],[-119.0255,53.1756],[-119.0108,53.1927],[-119.0065,53.2310],[-118.9966,53.2364],[-118.9628,53.2333],[-118.8502,53.1832],[-118.7513,53.1150],[-118.7510,53.1039],[-118.7802,53.0675],[-118.7765,53.0531],[-118.7260,53.0612],[-118.7124,53.0392],[-118.6721,53.0340],[-118.6632,53.0156],[-118.6737,52.9659],[-118.6370,52.9298],[-118.6242,52.8869],[-118.6049,52.8775],[-118.4982,52.8996],[-118.4828,52.8925],[-118.4708,52.8623],[-118.4206,52.8403],[-118.4172,52.8262],[-118.4324,52.7908],[-118.4231,52.7785],[-118.3553,52.7483],[-118.3062,52.6774],[-118.3049,52.6672],[-118.3166,52.6539],[-118.3523,52.6284],[-118.3480,52.6164],[-118.3291,52.5881],[-118.2785,52.5592],[-118.2841,52.5339],[-118.2759,52.5158],[-118.2438,52.4928],[-118.2074,52.4820],[-118.2085,52.4709],[-118.2502,52.4555],[-118.2589,52.4453],[-118.2583,52.4307],[-118.2324,52.3992],[-118.2266,52.3703],[-118.2112,52.3667],[-118.1557,52.3958],[-118.0635,52.3988],[-118.0432,52.4081],[-118.0386,52.4239],[-118.0452,52.4446],[-118.0118,52.4850],[-117.9919,52.4846],[-117.9335,52.4414],[-117.8908,52.4254],[-117.8023,52.4156],[-117.7583,52.4050],[-117.7362,52.3912],[-117.7270,52.3729],[-117.7421,52.3300],[-117.8217,52.2795],[-117.8217,52.2627],[-117.7536,52.2002],[-117.6644,52.1814],[-117.6163,52.1403],[-117.5908,52.1304],[-117.4930,52.1495],[-117.4175,52.1345],[-117.3761,52.1341],[-117.3456,52.1482],[-117.3315,52.1816],[-117.3188,52.1819],[-117.3019,52.1564],[-117.2980,52.1050],[-117.2705,52.0625],[-117.2699,52.0450],[-117.2369,52.0295],[-117.1845,51.9877],[-117.1118,51.9650],[-117.0473,51.9152],[-117.0316,51.8911],[-117.0266,51.8545],[-116.9943,51.8353],[-116.9872,51.8049],[-116.9376,51.7198],[-116.8878,51.7057],[-116.8226,51.7129],[-116.8066,51.7286],[-116.8198,51.7405],[-116.8177,51.7480],[-116.7637,51.7918],[-116.6849,51.8093],[-116.6715,51.8059],[-116.6510,51.7889],[-116.6460,51.7584],[-116.5960,51.7089],[-116.5932,51.6646],[-116.5763,51.6442],[-116.4946,51.6167],[-116.4608,51.5687],[-116.4050,51.5471],[-116.3880,51.4951],[-116.3149,51.4663],[-116.2957,51.4506],[-116.2999,51.3792],[-116.2766,51.3603],[-116.2747,51.3336],[-116.2574,51.3143],[-116.2338,51.3031],[-116.1657,51.2989],[-116.1457,51.2631],[-116.0512,51.2412],[-116.0275,51.2196],[-116.0181,51.1424],[-115.9770,51.1145],[-115.9036,51.0874],[-115.8157,51.0842],[-115.7785,51.0729],[-115.7568,51.0342],[-115.6949,51.0176],[-115.6767,51.0068],[-115.6588,50.9792],[-115.6203,50.9702],[-115.6030,50.9299],[-115.5719,50.9002],[-115.6329,50.8842],[-115.6452,50.8748],[-115.6467,50.8520],[-115.5725,50.8348],[-115.5420,50.7996],[-115.4843,50.7806],[-115.4644,50.7605],[-115.4191,50.7542],[-115.4031,50.7223],[-115.3913,50.7164],[-115.3573,50.7329],[-115.3347,50.7251],[-115.3099,50.7052],[-115.2871,50.6664],[-115.2883,50.6557],[-115.3155,50.6489],[-115.3125,50.6359],[-115.2389,50.5818],[-115.2206,50.5504],[-115.1880,50.5477],[-115.1592,50.5786],[-115.0959,50.5891],[-115.0276,50.5786],[-114.9997,50.5628],[-114.8795,50.4410],[-114.8559,50.4077],[-114.7751,50.3541],[-114.7905,50.3380],[-114.7897,50.3277],[-114.7600,50.2878],[-114.7536,50.2423],[-114.7325,50.2034],[-114.7243,50.1260],[-114.6847,50.0759],[-114.6611,50.0642],[-114.6602,50.0150],[-114.6427,49.9728],[-114.6500,49.9630],[-114.6833,49.9593],[-114.6864,49.9070],[-114.6705,49.8700],[-114.6383,49.8271],[-114.6248,49.7802],[-114.6500,49.7591],[-114.6364,49.7298],[-114.6662,49.6966],[-114.6629,49.6859],[-114.6808,49.6357],[-114.7306,49.6180],[-114.7438,49.5876],[-114.7007,49.5650],[-114.6894,49.5473],[-114.6594,49.5531],[-114.6225,49.5434],[-114.5763,49.5562],[-114.5636,49.5388],[-114.5979,49.4440],[-114.5780,49.3945],[-114.5205,49.3538],[-114.4702,49.3336],[-114.4607,49.3070],[-114.4407,49.2922],[-114.4262,49.2641],[-114.3798,49.2578],[-114.3721,49.2503],[-114.3876,49.2296],[-114.3763,49.2045],[-114.2253,49.1859],[-114.1541,49.1481],[-114.1566,49.1036],[-114.1320,49.0802],[-114.1038,49.0600],[-114.0482,49.0490],[-114.0374,49.0342],[-114.0375,49.0227],[-114.0638,48.9925]],[[-130.0467,56.0],[-130.0715,56.0841],[-130.4039,56.1218],[-130.4722,56.2248],[-130.7603,56.3451],[-131.5603,56.5940],[-131.8255,56.5933],[-131.8715,56.7934],[-132.1073,56.8587],[-132.0318,57.0284],[-132.3412,57.0803],[-132.2309,57.1968],[-133.4150,58.3305],[-133.3922,58.4038],[-133.8311,58.7180],[-134.2221,58.8427],[-134.6920,59.2352],[-134.9578,59.2809],[-135.0957,59.4188],[-135.0185,59.5593],[-135.4651,59.7896],[-136.3503,59.5923],[-136.2447,59.5282],[-136.4675,59.4616],[-136.4665,59.2878],[-136.5694,59.1721],[-136.8408,59.1481],[-137.4868,58.9000],[-137.6113,59.2393],[-138.5992,59.7538],[-138.7048,59.8984],[-139.0602,60.0000],[-119.9999,60.0000],[-120.0006,56.0]],[[-127.9186,51.5220],[-127.8882,51.4957],[-127.8714,51.4565],[-127.8975,51.4297],[-127.9329,51.4190],[-128.0076,51.4676],[-128.0270,51.4586],[-128.0502,51.4599],[-128.0860,51.4868],[-128.1091,51.5451],[-128.1452,51.5902],[-128.1566,51.6278],[-128.1390,51.6580],[-128.1043,51.6818],[-128.0098,51.7237],[-127.9765,51.6821],[-127.9712,51.6640],[-127.9813,51.6517],[-127.9203,51.5961],[-127.9048,51.5587],[-127.9186,51.5220]],[[-128.1383,51.864],[-128.2303,51.8560],[-128.2481,51.864],[-128.2510,51.8759],[-128.2306,51.9059],[-128.1960,51.9160],[-128.2222,51.9541],[-128.1592,52.0348],[-128.1072,52.0543],[-127.9988,52.0656],[-127.9704,52.0631],[-127.9534,52.0490],[-127.9605,52.0023],[-127.9534,51.9874],[-127.9875,51.9118],[-128.036,51.8435],[-128.0285,51.8367],[-128.036,51.8299],[-128.0095,51.7954],[-128.0176,51.7721],[-128.0638,51.7547],[-128.0751,51.7650],[-128.1352,51.7473],[-128.1382,51.7638],[-128.1175,51.8014],[-128.1221,51.8238],[-128.1383,51.8435],[-128.1383,51.864]],[[-130.9966,52.1117],[-130.9602,52.1043],[-130.9507,52.0949],[-130.9550,52.0768],[-130.9669,52.0679],[-131.0171,52.0694],[-131.0448,52.0615],[-131.0649,52.0837],[-131.0713,52.0609],[-130.9922,52.0133],[-131.0444,52.0285],[-131.0400,52.0137],[-131.0096,51.9801],[-131.0444,51.9738],[-131.0239,51.9466],[-131.0506,51.9535],[-131.1127,52.0018],[-131.0877,52.0310],[-131.1131,52.0421],[-131.1268,52.1115],[-131.1087,52.1540],[-131.0987,52.1560],[-131.0609,52.1473],[-131.0649,52.1309],[-131.0168,52.1079],[-130.9966,52.1117]],[[-128.036,52.1657],[-127.9093,52.1588],[-127.8776,52.1719],[-127.8948,52.1358],[-127.9197,52.1188],[-127.9398,52.0899],[-127.9614,52.0828],[-128.0143,52.0914],[-128.0524,52.0763],[-128.0698,52.0802],[-128.0974,52.0973],[-128.1229,52.1516],[-128.0769,52.1452],[-128.036,52.1657]],[[-128.2481,52.0216],[-128.2551,52.0490],[-128.2790,52.0907],[-128.2963,52.1059],[-128.2906,52.1247],[-128.2365,52.1873],[-128.1802,52.1998],[-128.1452,52.1935],[-128.1526,52.1861],[-128.1551,52.0943],[-128.1625,52.0731],[-128.1935,52.0564],[-128.2072,52.0216],[-128.2281,52.0166],[-128.2481,52.0216]],[[-128.2277,52.2128],[-128.2660,52.1975],[-128.2783,52.1847],[-128.3035,52.1309],[-128.3136,52.1314],[-128.3298,52.1478],[-128.3366,52.1162],[-128.3215,52.0904],[-128.3397,52.0793],[-128.3842,52.0980],[-128.3578,52.1445],[-128.3945,52.1555],[-128.4224,52.1276],[-128.4417,52.1227],[-128.4546,52.1308],[-128.4300,52.1540],[-128.5224,52.1575],[-128.5179,52.1747],[-128.4836,52.1866],[-128.4565,52.2108],[-128.4472,52.2380],[-128.2788,52.2372],[-128.2465,52.2289],[-128.2277,52.2128]],[[-128.0974,52.2407],[-128.1376,52.2416],[-128.1731,52.2550],[-128.1002,52.2785],[-128.0554,52.3034],[-127.9852,52.3020],[-127.9608,52.2960],[-127.9077,52.2008],[-127.9155,52.1827],[-127.9320,52.1762],[-127.9950,52.1861],[-128.0712,52.1823],[-128.0912,52.1935],[-128.0939,52.2051],[-128.0866,52.2160],[-128.0335,52.2315],[-128.0206,52.2411],[-128.0216,52.2506],[-128.0543,52.2534],[-128.0974,52.2407]],[[-127.2408,52.4264],[-127.2376,52.3659],[-127.2066,52.3506],[-127.2380,52.3129],[-127.2769,52.2893],[-127.3643,52.2612],[-127.3780,52.2482],[-127.4128,52.2550],[-127.4537,52.2376],[-127.4628,52.2227],[-127.4843,52.2101],[-127.5766,52.1861],[-127.5945,52.1561],[-127.6422,52.1381],[-127.6932,52.0676],[-127.7057,52.0434],[-127.6981,52.0040],[-127.7180,51.9882],[-127.8728,51.9547],[-127.8882,51.9534],[-127.9021,51.9682],[-127.8782,52.0835],[-127.8646,52.1042],[-127.8435,52.1179],[-127.8509,52.1486],[-127.8417,52.1681],[-127.8202,52.1957],[-127.7950,52.2176],[-127.7752,52.2203],[-127.7510,52.2501],[-127.6705,52.2550],[-127.6189,52.2809],[-127.5115,52.3128],[-127.4758,52.3362],[-127.4469,52.3779],[-127.4317,52.3871],[-127.3117,52.4132],[-127.2703,52.4353],[-127.2408,52.4264]],[[-128.6182,52.4536],[-128.6256,52.4195],[-128.6127,52.3773],[-128.6231,52.3301],[-128.6483,52.2897],[-128.6795,52.2681],[-128.6863,52.2860],[-128.7280,52.3226],[-128.7280,52.3643],[-128.7485,52.3711],[-128.7638,52.4495],[-128.7553,52.4673],[-128.7411,52.4745],[-128.6728,52.4878],[-128.6870,52.4673],[-128.6529,52.4809],[-128.6182,52.4536]],[[-128.5629,52.6113],[-128.5612,52.6522],[-128.5506,52.6647],[-128.5362,52.6522],[-128.5251,52.5979],[-128.4720,52.4882],[-128.4847,52.4431],[-128.4978,52.4363],[-128.5340,52.4359],[-128.6787,52.5008],[-128.6988,52.5181],[-128.7137,52.5077],[-128.7018,52.4987],[-128.7062,52.4909],[-128.7197,52.4883],[-128.7348,52.4946],[-128.7572,52.4903],[-128.8174,52.5219],[-128.8118,52.5406],[-128.8013,52.5470],[-128.7348,52.5151],[-128.7132,52.5288],[-128.7001,52.5219],[-128.6939,52.5294],[-128.7211,52.5424],[-128.7075,52.5492],[-128.7382,52.5598],[-128.7355,52.5813],[-128.7419,52.5861],[-128.7320,52.5955],[-128.5833,52.6004],[-128.5629,52.6113]],[[-131.5645,52.7274],[-131.6568,52.7216],[-131.6744,52.7069],[-131.6446,52.7139],[-131.6273,52.6933],[-131.5546,52.7001],[-131.5107,52.7300],[-131.4689,52.7342],[-131.4447,52.7027],[-131.4621,52.6591],[-131.4527,52.6452],[-131.4669,52.6361],[-131.5099,52.6318],[-131.5925,52.6659],[-131.5863,52.6591],[-131.5936,52.6388],[-131.5545,52.6146],[-131.5788,52.5977],[-131.6020,52.5951],[-131.6539,52.6454],[-131.6469,52.6646],[-131.6956,52.7001],[-131.7023,52.7212],[-131.6790,52.7348],[-131.6387,52.7371],[-131.5645,52.7274]],[[-128.3103,52.4294],[-128.3785,52.3779],[-128.4386,52.3743],[-128.4664,52.3827],[-128.4642,52.4024],[-128.411,52.4393],[-128.3985,52.4673],[-128.4249,52.4876],[-128.4359,52.5264],[-128.4400,52.6113],[-128.4518,52.6309],[-128.4379,52.6525],[-128.4416,52.6727],[-128.4244,52.7151],[-128.4468,52.7410],[-128.4146,52.7824],[-128.3912,52.7965],[-128.3717,52.7957],[-128.3519,52.7174],[-128.3185,52.6875],[-128.3239,52.6591],[-128.3145,52.5882],[-128.3031,52.5734],[-128.2815,52.4982],[-128.2840,52.4785],[-128.3103,52.4294]],[[-128.9300,52.6144],[-128.9247,52.5855],[-128.9324,52.4989],[-128.9495,52.4732],[-128.9812,52.4536],[-128.9864,52.4800],[-129.0091,52.4878],[-129.0005,52.5041],[-129.0138,52.5298],[-129.0433,52.5175],[-129.0601,52.5241],[-129.0781,52.5567],[-129.1022,52.5536],[-129.1192,52.5658],[-129.1258,52.5871],[-129.1190,52.6113],[-129.1546,52.6048],[-129.1841,52.6266],[-129.2276,52.6802],[-129.1942,52.6802],[-129.2088,52.6944],[-129.2761,52.7274],[-129.2686,52.7342],[-129.2919,52.7626],[-129.2686,52.7894],[-129.2814,52.8104],[-129.2750,52.8246],[-129.2569,52.8280],[-129.1805,52.7894],[-129.1357,52.7531],[-129.1017,52.7433],[-128.9300,52.6144]],[[-128.2884,52.6837],[-128.3233,52.7507],[-128.3229,52.7787],[-128.2350,52.7876],[-128.2141,52.7957],[-128.1900,52.8301],[-128.1731,52.8236],[-128.1826,52.7755],[-128.2005,52.7516],[-128.2105,52.7067],[-128.2277,52.6836],[-128.2551,52.6175],[-128.2749,52.6025],[-128.2876,52.6073],[-128.2910,52.6227],[-128.2830,52.6454],[-128.2967,52.6659],[-128.2884,52.6837]],[[-128.5328,52.7274],[-128.5359,52.7664],[-128.5103,52.8627],[-128.5021,52.8720],[-128.4733,52.8535],[-128.4555,52.7890],[-128.4611,52.7758],[-128.4810,52.7826],[-128.4776,52.7066],[-128.5098,52.6538],[-128.5167,52.6539],[-128.5294,52.6802],[-128.5219,52.6870],[-128.5395,52.7084],[-128.5423,52.7216],[-128.5328,52.7274]],[[-129.5720,53.0197],[-129.5297,52.9649],[-129.5436,52.9601],[-129.5920,52.9818],[-129.6205,52.9581],[-129.6292,52.9922],[-129.6534,53.0222],[-129.5720,53.0197]],[[-129.5640,53.0563],[-129.5438,53.0397],[-129.5157,53.0358],[-129.5196,53.0265],[-129.5436,53.0086],[-129.5703,53.0358],[-129.6016,53.0284],[-129.6876,53.0638],[-129.5640,53.0563]],[[-129.6534,53.1320],[-129.5989,53.0935],[-129.5888,53.0717],[-129.6187,53.0638],[-129.6612,53.0698],[-129.6935,53.0831],[-129.7429,53.1320],[-129.6939,53.1388],[-129.6534,53.1320]],[[-129.3040,53.0358],[-129.2911,52.9823],[-129.3003,52.9744],[-129.3379,52.9726],[-129.3949,53.0003],[-129.4269,53.0426],[-129.4709,53.0822],[-129.4796,53.1120],[-129.5057,53.0973],[-129.5153,53.1002],[-129.5026,53.1184],[-129.5517,53.1428],[-129.5504,53.1662],[-129.5340,53.1847],[-129.5098,53.1917],[-129.4610,53.1867],[-129.4566,53.1695],[-129.4139,53.1383],[-129.3623,53.0802],[-129.3152,53.0532],[-129.3040,53.0358]],[[-131.1127,52.1719],[-131.1277,52.2091],[-131.1475,52.2128],[-131.1404,52.1769],[-131.1520,52.1424],[-131.1749,52.1244],[-131.2015,52.1383],[-131.2157,52.1997],[-131.2772,52.2407],[-131.2427,52.1704],[-131.2371,52.1360],[-131.2629,52.1247],[-131.2796,52.1323],[-131.3104,52.1901],[-131.3375,52.2160],[-131.3455,52.2345],[-131.3522,52.2345],[-131.3565,52.2003],[-131.3800,52.2029],[-131.4317,52.2445],[-131.4586,52.2843],[-131.4890,52.2940],[-131.5174,52.3302],[-131.5375,52.3226],[-131.5584,52.3302],[-131.5379,52.3581],[-131.5754,52.3543],[-131.5863,52.3885],[-131.5749,52.4033],[-131.5031,52.3916],[-131.5115,52.4085],[-131.5683,52.4325],[-131.6037,52.4229],[-131.6471,52.4570],[-131.6577,52.4778],[-131.7609,52.5116],[-131.8826,52.5761],[-131.8972,52.5874],[-131.9022,52.6203],[-131.9297,52.6296],[-131.9283,52.6488],[-132.0102,52.6802],[-132.0860,52.7342],[-132.0452,52.7649],[-132.0111,52.7562],[-131.9693,52.7274],[-131.9630,52.7342],[-132.0170,52.7752],[-132.0040,52.7826],[-131.9221,52.7274],[-131.9413,52.7484],[-131.9387,52.7731],[-132.0170,52.8031],[-132.0650,52.8500],[-132.0860,52.8577],[-132.0605,52.8034],[-132.0900,52.7879],[-132.1102,52.7571],[-132.1337,52.7547],[-132.1753,52.7826],[-132.1822,52.7957],[-132.2128,52.8062],[-132.2401,52.8340],[-132.2429,52.8508],[-132.2231,52.8645],[-132.2888,52.8830],[-132.3267,52.9132],[-132.3422,52.9424],[-132.3173,52.9544],[-132.2891,52.9490],[-132.2598,52.9577],[-132.1804,52.9273],[-132.1678,52.9403],[-132.1894,52.9487],[-132.2020,52.9675],[-132.1406,52.9334],[-132.1610,52.9675],[-132.1302,52.9799],[-132.1138,53.0011],[-132.1291,53.0064],[-132.1802,52.9985],[-132.2310,53.0263],[-132.3466,53.0284],[-132.3392,53.0426],[-132.4081,53.0284],[-132.4205,53.0427],[-132.4695,53.0284],[-132.4888,53.0316],[-132.5043,53.0404],[-132.5094,53.0536],[-132.4974,53.0700],[-132.5516,53.0991],[-132.5325,53.1098],[-132.5657,53.1457],[-132.5421,53.1520],[-132.4595,53.1320],[-132.3731,53.1327],[-132.2950,53.1612],[-132.2467,53.1519],[-132.0655,53.1612],[-132.0403,53.1826],[-131.9767,53.2146],[-131.9556,53.2146],[-131.9413,53.2283],[-131.9039,53.2407],[-131.8392,53.2419],[-131.8102,53.2573],[-131.7979,53.2556],[-131.7654,53.1987],[-131.7643,53.1817],[-131.7842,53.1737],[-131.7842,53.1662],[-131.7196,53.1529],[-131.7023,53.1457],[-131.6818,53.1184],[-131.6409,53.1110],[-131.6130,53.0563],[-131.5955,53.0419],[-131.6303,53.0348],[-131.6690,53.0548],[-131.7210,53.0554],[-131.7841,53.0736],[-131.8290,53.0768],[-131.9041,53.0638],[-132.0040,53.0638],[-131.9413,53.0392],[-131.9370,53.0091],[-131.9221,52.9874],[-131.9003,53.0222],[-131.8366,53.0502],[-131.7501,53.0222],[-131.6262,52.9981],[-131.5951,52.9765],[-131.6273,52.9403],[-131.6130,52.9266],[-131.6946,52.8768],[-131.8000,52.8748],[-131.8207,52.8789],[-131.8775,52.9303],[-131.9221,52.9403],[-131.9488,52.9334],[-131.9254,52.9220],[-131.8941,52.9191],[-131.8941,52.9130],[-131.9835,52.8850],[-131.9835,52.8782],[-131.9005,52.8947],[-131.8736,52.8850],[-131.8524,52.8671],[-131.8785,52.8436],[-131.8776,52.8307],[-131.8563,52.8338],[-131.8290,52.8031],[-131.6608,52.8057],[-131.6539,52.7957],[-131.7710,52.7832],[-131.7979,52.7621],[-131.8243,52.7731],[-131.8531,52.7683],[-131.8047,52.7547],[-131.8395,52.7137],[-131.7819,52.7173],[-131.7296,52.7006],[-131.6923,52.6541],[-131.6873,52.6310],[-131.7092,52.6249],[-131.6591,52.5834],[-131.6204,52.5731],[-131.6252,52.5643],[-131.6607,52.5492],[-131.6607,52.5424],[-131.6236,52.5362],[-131.5925,52.5151],[-131.5556,52.5365],[-131.5379,52.5294],[-131.5398,52.5131],[-131.4689,52.5077],[-131.4830,52.4851],[-131.4143,52.4536],[-131.4485,52.3916],[-131.3977,52.3897],[-131.3871,52.3781],[-131.4075,52.3581],[-131.3661,52.3701],[-131.3522,52.3643],[-131.3548,52.4124],[-131.3455,52.4264],[-131.2484,52.4469],[-131.2415,52.4352],[-131.2479,52.4198],[-131.2830,52.4069],[-131.3041,52.3764],[-131.3045,52.3581],[-131.2810,52.3705],[-131.2499,52.3711],[-131.2545,52.3552],[-131.3070,52.3430],[-131.3255,52.3302],[-131.3406,52.3544],[-131.3497,52.3559],[-131.3597,52.3444],[-131.3443,52.3354],[-131.3321,52.2971],[-131.3181,52.2818],[-131.3019,52.2936],[-131.2429,52.2621],[-131.2157,52.2612],[-131.2602,52.2897],[-131.2567,52.3034],[-131.2256,52.2960],[-131.1841,52.3184],[-131.1425,52.3162],[-131.1280,52.2962],[-131.0984,52.2879],[-131.0854,52.2755],[-131.0994,52.2560],[-131.1549,52.2477],[-131.1810,52.2407],[-131.1810,52.2345],[-131.1260,52.2345],[-131.0786,52.2203],[-131.0239,52.2352],[-131.0096,52.2271],[-131.0156,52.1952],[-131.0376,52.1719],[-131.1127,52.1719]],[[-128.8037,52.7006],[-128.8257,52.6716],[-128.8564,52.6590],[-128.8914,52.6602],[-128.9273,52.6727],[-129.0569,52.7410],[-129.0364,52.7547],[-129.0364,52.7621],[-129.0772,52.7783],[-129.1212,52.8445],[-129.1253,52.8678],[-129.1153,52.8782],[-129.0168,52.8593],[-129.0706,52.8925],[-128.9886,52.9337],[-128.9651,52.9658],[-128.9471,52.9744],[-128.9477,52.9989],[-128.9139,53.0167],[-128.8379,53.0358],[-128.8773,53.0720],[-129.0154,53.1457],[-129.0122,53.1244],[-128.9920,53.0963],[-128.9633,53.1044],[-128.9099,53.0734],[-128.8816,53.0468],[-128.8646,53.0426],[-128.8646,53.0358],[-128.9048,53.0340],[-128.9402,53.0222],[-128.9666,53.0034],[-128.9881,52.9675],[-129.0128,52.9467],[-129.0573,52.9179],[-129.1000,52.9029],[-129.1256,52.9318],[-129.1605,52.9303],[-129.1771,52.9368],[-129.1837,52.9495],[-129.1942,53.0048],[-129.1589,53.0741],[-129.1265,53.0814],[-129.1190,53.0700],[-129.0905,53.0885],[-129.0789,53.1110],[-129.0823,53.2014],[-129.0651,53.2145],[-129.0639,53.2311],[-129.0706,53.2617],[-129.0883,53.2910],[-129.0781,53.3028],[-129.0197,53.3105],[-128.9760,53.2948],[-128.9050,53.2933],[-128.7951,53.2186],[-128.7045,53.1746],[-128.6346,53.1631],[-128.5870,53.1135],[-128.5387,53.0197],[-128.5219,52.9334],[-128.5240,52.8917],[-128.5645,52.7432],[-128.5712,52.7373],[-128.5846,52.7410],[-128.5774,52.7009],[-128.6051,52.6659],[-128.5772,52.6591],[-128.5945,52.6144],[-128.7036,52.6112],[-128.7485,52.5977],[-128.7553,52.6039],[-128.7359,52.6561],[-128.7485,52.7448],[-128.7430,52.7637],[-128.7191,52.7953],[-128.7108,52.8366],[-128.6728,52.8645],[-128.6484,52.9160],[-128.6461,52.9601],[-128.6644,52.9708],[-128.6795,52.9639],[-128.6693,52.9079],[-128.6833,52.8993],[-128.7329,52.9180],[-128.7485,52.9130],[-128.7276,52.8761],[-128.7278,52.8539],[-128.7572,52.8348],[-128.7787,52.7301],[-128.7593,52.6869],[-128.7604,52.6690],[-128.7818,52.6698],[-128.8037,52.7006]],[[-129.2767,53.0919],[-129.3313,53.1320],[-129.3387,53.1781],[-129.3238,53.2208],[-129.2620,53.2653],[-129.2494,53.2829],[-129.2541,53.3043],[-129.2757,53.331],[-129.2414,53.3336],[-129.1978,53.3216],[-129.1736,53.3028],[-129.1736,53.2617],[-129.1525,53.2283],[-129.1600,53.1867],[-129.1341,53.1201],[-129.1395,53.1048],[-129.1628,53.0994],[-129.2624,53.1048],[-129.2767,53.0919]],[[-128.9136,53.4064],[-128.9064,53.3809],[-128.9273,53.3580],[-128.9207,53.3380],[-128.9400,53.3239],[-129.0128,53.3402],[-129.0604,53.3375],[-129.1037,53.3188],[-129.1184,53.3205],[-129.1481,53.3637],[-129.0657,53.4524],[-129.0638,53.4883],[-129.0484,53.5086],[-128.9972,53.5439],[-128.9767,53.4801],[-128.9136,53.4064]],[[-129.7429,53.2352],[-129.7379,53.1913],[-129.7483,53.1699],[-129.7696,53.1594],[-129.7852,53.1624],[-129.8173,53.1867],[-129.8583,53.1594],[-129.9129,53.1594],[-129.9394,53.1688],[-129.9939,53.2141],[-130.0077,53.2312],[-130.0097,53.2481],[-130.0755,53.2689],[-130.0848,53.2792],[-130.0861,53.3123],[-130.0940,53.3225],[-130.1556,53.3372],[-130.1646,53.3627],[-130.1981,53.3648],[-130.2220,53.3854],[-130.3145,53.3927],[-130.3255,53.3999],[-130.4138,53.4986],[-130.4042,53.5101],[-130.3381,53.5163],[-130.3648,53.5273],[-130.4498,53.5167],[-130.5025,53.5497],[-130.5270,53.5526],[-130.5297,53.5829],[-130.5152,53.6303],[-130.4960,53.6392],[-130.4444,53.6354],[-130.3155,53.5897],[-130.2613,53.5806],[-130.1878,53.5436],[-130.1151,53.5194],[-130.0750,53.4928],[-129.9739,53.4579],[-129.8826,53.3981],[-129.8678,53.3676],[-129.7429,53.2352]],[[-129.1662,53.3854],[-129.1743,53.4502],[-129.1717,53.4932],[-129.1588,53.5326],[-129.1662,53.5907],[-129.1599,53.6270],[-129.1361,53.6494],[-129.0795,53.6673],[-129.0606,53.6843],[-129.0377,53.6918],[-128.9955,53.7006],[-128.9027,53.7006],[-128.8421,53.7159],[-128.8236,53.7080],[-128.8682,53.6675],[-128.8646,53.6528],[-128.8816,53.6212],[-128.8842,53.5762],[-128.9533,53.5914],[-128.9805,53.5846],[-129.0938,53.5089],[-129.0843,53.4679],[-129.0914,53.4502],[-129.1290,53.4303],[-129.1662,53.3854]],[[-130.4063,53.6869],[-130.2909,53.7552],[-130.3017,53.7894],[-130.2963,53.8009],[-130.2608,53.7978],[-130.2220,53.7763],[-130.2346,53.7407],[-130.2167,53.7180],[-130.1844,53.7153],[-130.1247,53.6956],[-130.1190,53.6835],[-130.1275,53.6535],[-130.1190,53.6392],[-130.1264,53.6317],[-130.0916,53.5702],[-130.1170,53.5703],[-130.1736,53.5907],[-130.2516,53.5970],[-130.2938,53.6191],[-130.3318,53.6240],[-130.3728,53.6664],[-130.4063,53.6869]],[[-130.2673,53.8861],[-130.1961,53.9165],[-130.1810,53.9129],[-130.0704,53.8564],[-130.0302,53.8480],[-130.0180,53.8324],[-129.9326,53.7819],[-129.9002,53.7734],[-129.8651,53.7461],[-129.8309,53.7354],[-129.6747,53.5927],[-129.5345,53.5081],[-129.5157,53.4883],[-129.5508,53.4822],[-129.6163,53.4990],[-129.6297,53.4968],[-129.6392,53.4815],[-129.6119,53.4883],[-129.5880,53.4746],[-129.4989,53.4747],[-129.4781,53.4683],[-129.4269,53.4350],[-129.4027,53.3983],[-129.3365,53.3606],[-129.3457,53.3280],[-129.3257,53.2959],[-129.3287,53.2634],[-129.3614,53.2455],[-129.3793,53.2802],[-129.3965,53.2924],[-129.3909,53.3087],[-129.4064,53.3322],[-129.4295,53.3356],[-129.4591,53.2948],[-129.4752,53.2974],[-129.5026,53.3170],[-129.5129,53.3106],[-129.5026,53.2686],[-129.4822,53.2449],[-129.4830,53.2241],[-129.4986,53.2155],[-129.5231,53.2283],[-129.5675,53.2153],[-129.5850,53.2237],[-129.5920,53.2450],[-129.6597,53.3096],[-129.6392,53.3170],[-129.6739,53.3300],[-129.6739,53.3375],[-129.6597,53.3444],[-129.6725,53.3492],[-129.7149,53.3375],[-129.7627,53.3648],[-129.7661,53.3854],[-129.7968,53.3784],[-129.8309,53.4126],[-129.8210,53.4713],[-129.8754,53.4663],[-129.8967,53.4780],[-129.8719,53.5362],[-129.8770,53.5541],[-129.8887,53.5617],[-129.9272,53.5628],[-129.8863,53.5846],[-129.9134,53.5953],[-129.9409,53.5907],[-129.9409,53.5982],[-129.9129,53.6112],[-129.9385,53.6204],[-129.9855,53.5846],[-130.0303,53.5816],[-130.0496,53.5877],[-130.0575,53.6078],[-130.0333,53.6312],[-129.9780,53.6430],[-129.9180,53.6431],[-129.8793,53.6317],[-129.8719,53.6392],[-129.9024,53.6587],[-129.9461,53.6642],[-129.9923,53.6607],[-130.0757,53.6376],[-130.0916,53.6460],[-130.0985,53.7080],[-130.1673,53.7279],[-130.2023,53.7302],[-130.2115,53.7366],[-130.2145,53.7552],[-130.2040,53.8011],[-130.2145,53.8173],[-130.2909,53.8378],[-130.2673,53.8861]],[[-130.4473,53.9818],[-130.4715,53.9102],[-130.4892,53.8993],[-130.5443,53.9107],[-130.6185,53.9657],[-130.6489,53.9494],[-130.6572,53.9509],[-130.6602,53.9675],[-130.6757,53.9610],[-130.7012,53.9203],[-130.6901,53.9058],[-130.6403,53.8855],[-130.6222,53.8564],[-130.6282,53.8433],[-130.6502,53.8378],[-130.7154,53.8576],[-130.7084,53.9058],[-130.7236,53.9204],[-130.7177,53.9371],[-130.6865,53.9650],[-130.6738,53.9892],[-130.6465,53.9892],[-130.6038,54.0252],[-130.5666,54.0329],[-130.5162,54.0569],[-130.5185,54.0686],[-130.4343,54.0811],[-130.4216,54.1000],[-130.3924,54.0954],[-130.3381,54.0712],[-130.2459,53.9964],[-130.2288,53.9538],[-130.2418,53.9374],[-130.3008,53.9027],[-130.3517,53.8378],[-130.4063,53.8378],[-130.4243,53.8719],[-130.4786,53.8439],[-130.4914,53.8775],[-130.4601,53.8922],[-130.4107,53.9531],[-130.3960,53.9621],[-130.3312,53.9675],[-130.3312,53.9750],[-130.3502,53.9824],[-130.3381,53.9954],[-130.3494,53.9994],[-130.4473,53.9818]],[[-132.5794,53.2072],[-132.5521,53.2351],[-132.6271,53.2556],[-132.7097,53.2617],[-132.6984,53.2788],[-132.6203,53.3028],[-132.6129,53.3170],[-132.5787,53.3239],[-132.5426,53.3120],[-132.5384,53.3269],[-132.5689,53.3368],[-132.7575,53.3170],[-132.7029,53.3784],[-132.6483,53.3648],[-132.5188,53.3617],[-132.4647,53.3270],[-132.4276,53.3154],[-132.4149,53.2965],[-132.4001,53.3303],[-132.4251,53.3507],[-132.4974,53.3784],[-132.5179,53.4126],[-132.5289,53.4173],[-132.6613,53.4399],[-132.6552,53.4630],[-132.6705,53.4909],[-132.6846,53.4576],[-132.7065,53.4509],[-132.7575,53.4610],[-132.7275,53.4900],[-132.7226,53.5049],[-132.7364,53.5163],[-132.7488,53.5161],[-132.7609,53.4951],[-132.8618,53.4668],[-132.8736,53.4747],[-132.8702,53.4879],[-132.8264,53.5225],[-132.9288,53.5225],[-132.8941,53.5566],[-132.9080,53.5675],[-132.9772,53.5566],[-132.9724,53.5764],[-132.9906,53.5898],[-132.9484,53.5982],[-132.9002,53.5889],[-132.8841,53.5944],[-132.8911,53.6196],[-133.0108,53.6869],[-132.9868,53.6799],[-132.9698,53.6944],[-132.9558,53.6878],[-132.9307,53.6901],[-132.9356,53.7006],[-132.9837,53.7175],[-132.9772,53.7354],[-132.9835,53.7695],[-133.0286,53.7555],[-133.1104,53.7866],[-133.1114,53.7979],[-133.0654,53.8173],[-133.1374,53.8756],[-133.1443,53.8969],[-133.1206,53.9408],[-133.1008,53.9545],[-133.1007,54.0023],[-133.0728,54.0023],[-133.0380,54.0438],[-133.0666,54.0949],[-133.0865,54.1046],[-133.0447,54.1480],[-133.0405,54.1645],[-133.0728,54.1668],[-133.0533,54.1830],[-132.9978,54.1636],[-132.9527,54.1677],[-132.9088,54.1453],[-132.8343,54.1281],[-132.7780,54.1251],[-132.6756,54.1456],[-132.5756,54.1183],[-132.5633,54.0850],[-132.5657,54.0438],[-132.5801,54.0226],[-132.6446,53.9989],[-132.6752,53.9686],[-132.6813,53.9508],[-132.6613,53.9408],[-132.6210,53.9705],[-132.5681,53.9818],[-132.5550,53.9987],[-132.5446,54.0401],[-132.4565,54.0637],[-132.4068,54.0993],[-132.2840,54.1084],[-132.2755,54.0951],[-132.2383,54.0716],[-132.2303,54.0307],[-132.1610,54.0084],[-132.1445,53.9743],[-132.1548,53.9340],[-132.1268,53.9020],[-132.1142,53.8812],[-132.1170,53.8719],[-132.1439,53.8412],[-132.1958,53.831],[-132.2406,53.7770],[-132.3740,53.7621],[-132.4332,53.7267],[-132.5250,53.7038],[-132.6371,53.7009],[-132.6579,53.6907],[-132.6659,53.6769],[-132.6151,53.6796],[-132.5983,53.6709],[-132.5941,53.6537],[-132.6067,53.6317],[-132.5521,53.6664],[-132.4974,53.6460],[-132.3911,53.6711],[-132.3528,53.6727],[-132.3815,53.6479],[-132.4592,53.6164],[-132.4837,53.5771],[-132.4678,53.5778],[-132.4348,53.6044],[-132.4080,53.6130],[-132.2897,53.6227],[-132.2709,53.6392],[-132.3282,53.6485],[-132.3329,53.6596],[-132.3188,53.6727],[-132.2023,53.6554],[-132.1887,53.6811],[-132.1591,53.6998],[-132.1548,53.7143],[-132.1880,53.7414],[-132.1958,53.7552],[-132.1938,53.7739],[-132.1610,53.8136],[-132.1170,53.8412],[-132.0785,53.8924],[-132.1138,53.9303],[-132.1303,54.0109],[-132.1822,54.0438],[-132.0464,54.0226],[-131.9163,54.0401],[-131.8643,54.0670],[-131.7943,54.0803],[-131.7092,54.1183],[-131.6607,54.1668],[-131.6682,54.1531],[-131.6602,54.1369],[-131.6682,54.1251],[-131.6787,54.0341],[-131.6932,53.9918],[-131.7486,53.9164],[-131.8190,53.8549],[-131.8643,53.7999],[-131.8839,53.6979],[-131.9333,53.6186],[-131.9361,53.5960],[-131.9221,53.5637],[-131.9426,53.5216],[-131.9157,53.4530],[-131.9190,53.3888],[-131.9078,53.3580],[-131.9630,53.2829],[-131.9844,53.2609],[-132.0078,53.2535],[-132.0956,53.2545],[-132.1657,53.2459],[-132.2243,53.2306],[-132.2357,53.2075],[-132.2777,53.2146],[-132.2451,53.1966],[-132.1269,53.2009],[-132.1546,53.1760],[-132.1958,53.1594],[-132.2554,53.1613],[-132.3150,53.1980],[-132.3244,53.1652],[-132.4433,53.1459],[-132.4695,53.1519],[-132.4578,53.1704],[-132.4595,53.1844],[-132.4732,53.1867],[-132.4845,53.1679],[-132.5034,53.1674],[-132.5384,53.1798],[-132.5384,53.1867],[-132.5179,53.1935],[-132.5794,53.2072]],[[-130.2291,54.1183],[-130.2433,54.1226],[-130.2698,54.1531],[-130.2527,54.1906],[-130.2164,54.1944],[-130.2145,54.1873],[-130.1859,54.1798],[-130.1625,54.1609],[-130.1558,54.1415],[-130.2291,54.1183]],[[-130.6540,54.1183],[-130.6976,54.1149],[-130.8048,54.1736],[-130.7760,54.2140],[-130.7564,54.2145],[-130.6810,54.1720],[-130.6494,54.1445],[-130.6540,54.1183]],[[-130.3532,54.2676],[-130.3707,54.2522],[-130.3653,54.2424],[-130.4691,54.3039],[-130.4509,54.3275],[-130.4206,54.3318],[-130.3797,54.3039],[-130.3532,54.2676]],[[-130.3521,54.2677],[-130.3542,54.2967],[-130.3342,54.3197],[-130.3050,54.3336],[-130.2772,54.3318],[-130.2530,54.3113],[-130.2650,54.2787],[-130.2984,54.2536],[-130.3381,54.2555],[-130.3521,54.2677]],[[-130.7601,54.3620],[-130.7696,54.3811],[-130.7560,54.3938],[-130.7154,54.4138],[-130.7086,54.4063],[-130.7012,54.4138],[-130.6875,54.3996],[-130.6949,54.3858],[-130.6910,54.3670],[-130.7133,54.3589],[-130.7601,54.3620]],[[-130.7427,54.6056],[-130.7769,54.5503],[-130.8383,54.5128],[-130.9619,54.4547],[-130.9691,54.4619],[-130.9619,54.4851],[-130.9619,54.5397],[-130.9278,54.5913],[-130.9312,54.6227],[-130.8973,54.6337],[-130.8799,54.6309],[-130.8731,54.6192],[-130.8541,54.6300],[-130.8079,54.6118],[-130.7569,54.6337],[-130.7427,54.6056]],[[-130.5346,54.7060],[-130.6151,54.7650],[-130.4835,54.8103],[-130.4615,54.8036],[-130.4343,54.7694],[-130.4617,54.7121],[-130.5100,54.7216],[-130.5346,54.7060]],[[-130.2083,54.8111],[-130.2220,54.7899],[-130.2015,54.7899],[-130.2083,54.7626],[-130.2399,54.7305],[-130.2835,54.7148],[-130.3776,54.6981],[-130.3404,54.7368],[-130.2740,54.7651],[-130.2331,54.8030],[-130.2083,54.8111]],[[-130.4094,54.7674],[-130.4615,54.8315],[-130.4211,54.8508],[-130.2547,54.9696],[-130.2040,55.0213],[-130.1817,55.0315],[-130.1673,55.0165],[-130.1500,54.9694],[-130.1578,54.9477],[-130.1773,54.9240],[-130.2254,54.8895],[-130.2698,54.8315],[-130.3244,54.8111],[-130.3996,54.7694],[-130.4094,54.7674]],[[-123.2869,48.6126],[-123.2803,48.6013],[-123.2879,48.5912],[-123.3028,48.5969],[-123.3366,48.6310],[-123.3374,48.6484],[-123.3052,48.6188],[-123.2869,48.6126]],[[-123.3690,48.7742],[-123.3823,48.7561],[-123.4075,48.7540],[-123.4584,48.7674],[-123.4276,48.7295],[-123.4610,48.7153],[-123.4962,48.7155],[-123.5311,48.7343],[-123.5497,48.7707],[-123.5335,48.8009],[-123.5698,48.8324],[-123.5715,48.8497],[-123.5471,48.8623],[-123.5866,48.8980],[-123.5955,48.9518],[-123.5818,48.9313],[-123.5030,48.8916],[-123.4310,48.8419],[-123.4588,48.8449],[-123.4886,48.8622],[-123.4987,48.8562],[-123.4960,48.8455],[-123.3690,48.7742]],[[-123.6539,49.0336],[-123.6979,49.0820],[-123.7027,49.0999],[-123.6972,49.1093],[-123.6870,49.1085],[-123.6585,49.0726],[-123.5467,48.9762],[-123.4719,48.9381],[-123.3344,48.9029],[-123.3218,48.8965],[-123.3171,48.8698],[-123.3692,48.8618],[-123.3945,48.8723],[-123.4373,48.9039],[-123.5307,48.9419],[-123.6329,49.0243],[-123.6539,49.0336]],[[-123.7686,49.1690],[-123.7044,49.1559],[-123.6970,49.1371],[-123.7495,49.1288],[-123.7766,49.1332],[-123.8428,49.1510],[-123.8619,49.1635],[-123.8697,49.1904],[-123.8338,49.2011],[-123.7686,49.1690]],[[-125.9499,49.2007],[-125.9381,49.1848],[-125.9540,49.1813],[-125.9689,49.1487],[-126.0117,49.1591],[-126.0350,49.2018],[-126.0243,49.2119],[-126.0064,49.2140],[-125.9499,49.2007]],[[-126.0833,49.3148],[-126.0637,49.2775],[-126.0484,49.2670],[-126.0694,49.2555],[-126.0895,49.2543],[-126.1583,49.2735],[-126.2235,49.2770],[-126.2403,49.3018],[-126.2274,49.3078],[-126.2403,49.3427],[-126.2313,49.3573],[-126.2314,49.3786],[-126.1317,49.3967],[-126.0862,49.3631],[-126.0751,49.3385],[-126.0833,49.3148]],[[-123.3306,49.3728],[-123.3593,49.3429],[-123.3758,49.3371],[-123.4160,49.3372],[-123.4294,49.3467],[-123.4181,49.3809],[-123.3499,49.4175],[-123.3263,49.4204],[-123.3151,49.4133],[-123.3306,49.3728]],[[-124.2321,49.4993],[-124.1717,49.4642],[-124.1717,49.4547],[-124.1861,49.4470],[-124.2324,49.4585],[-124.3179,49.4629],[-124.3610,49.4800],[-124.3557,49.4903],[-124.3790,49.5072],[-124.3546,49.5224],[-124.2321,49.4993]],[[-123.4515,49.4452],[-123.4566,49.4782],[-123.4447,49.4935],[-123.4526,49.5081],[-123.4181,49.5309],[-123.3621,49.5407],[-123.3224,49.4860],[-123.3238,49.4618],[-123.3426,49.4429],[-123.3758,49.4383],[-123.3674,49.4538],[-123.3893,49.4674],[-123.4334,49.4459],[-123.4515,49.4452]],[[-124.6837,49.5492],[-124.5941,49.5216],[-124.6245,49.5234],[-124.6629,49.4943],[-124.7037,49.5211],[-124.7025,49.5376],[-124.6837,49.5492]],[[-124.7924,49.5797],[-124.6908,49.4828],[-124.7464,49.4884],[-124.8254,49.5401],[-124.8385,49.5565],[-124.8360,49.5977],[-124.8272,49.6029],[-124.7924,49.5797]],[[-124.1094,49.6779],[-124.1363,49.6565],[-124.1636,49.6598],[-124.2050,49.7052],[-124.1331,49.7538],[-124.1026,49.7468],[-124.0981,49.7669],[-124.0902,49.7703],[-124.0201,49.7809],[-124.0745,49.7413],[-124.1094,49.6779]],[[-124.6644,49.7468],[-124.6517,49.7615],[-124.6575,49.8015],[-124.6326,49.8016],[-124.6092,49.7946],[-124.5620,49.7537],[-124.3912,49.7200],[-124.3478,49.7041],[-124.2697,49.6158],[-124.1732,49.5541],[-124.1231,49.4998],[-124.1434,49.4893],[-124.1622,49.4959],[-124.1976,49.5209],[-124.3784,49.6028],[-124.4388,49.6118],[-124.4390,49.6308],[-124.4725,49.6717],[-124.4930,49.6717],[-124.5721,49.7084],[-124.6144,49.7164],[-124.6644,49.7468]],[[-126.6905,49.8571],[-126.6425,49.7587],[-126.6176,49.6308],[-126.6388,49.5950],[-126.6794,49.5917],[-126.8067,49.6273],[-126.8561,49.6656],[-126.9125,49.6916],[-126.9739,49.7359],[-126.9705,49.7547],[-126.9615,49.7585],[-126.9330,49.7394],[-126.9087,49.7650],[-126.8557,49.7798],[-126.8738,49.7888],[-126.8982,49.7809],[-126.9439,49.8062],[-126.9870,49.8151],[-126.9695,49.8334],[-126.8641,49.8554],[-126.8009,49.8807],[-126.7685,49.8834],[-126.7421,49.8563],[-126.7228,49.8497],[-126.7027,49.8601],[-126.6905,49.8571]],[[-127.2406,50.0217],[-127.2342,50.0053],[-127.2510,49.9995],[-127.2723,49.9779],[-127.3185,49.9995],[-127.3113,50.0261],[-127.286,50.0370],[-127.2406,50.0217]],[[-125.0598,50.1154],[-124.9797,50.1887],[-125.0069,50.2328],[-124.9956,50.2320],[-124.9291,50.1693],[-124.9174,50.1454],[-124.9256,50.1276],[-124.9107,50.1137],[-124.9061,50.0877],[-124.8909,50.0690],[-124.9630,50.0487],[-124.9763,50.0216],[-124.9864,50.0143],[-125.0054,50.0176],[-125.0074,50.0722],[-125.0598,50.1154]],[[-125.1988,50.0410],[-125.2267,50.0690],[-125.2124,50.0751],[-125.3237,50.1432],[-125.3348,50.1937],[-125.3489,50.2200],[-125.3494,50.2416],[-125.3360,50.2744],[-125.2631,50.2940],[-125.2472,50.2875],[-125.2353,50.2653],[-125.1714,50.2189],[-125.1646,50.1925],[-125.1912,50.1581],[-125.1851,50.1441],[-125.2252,50.1316],[-125.2276,50.1207],[-125.1783,50.0827],[-125.1630,49.9931],[-125.1868,50.0098],[-125.1988,50.0410]],[[-124.8909,50.1925],[-124.9259,50.1998],[-124.9651,50.2492],[-124.9642,50.2621],[-124.9368,50.2761],[-124.9170,50.3034],[-124.8157,50.2738],[-124.8220,50.2465],[-124.8156,50.2115],[-124.7658,50.1891],[-124.7537,50.1682],[-124.7862,50.1392],[-124.8323,50.1173],[-124.8522,50.1332],[-124.8693,50.1663],[-124.8289,50.1850],[-124.8404,50.1983],[-124.8909,50.1925]],[[-124.7679,50.2142],[-124.8122,50.2398],[-124.7864,50.2772],[-124.7485,50.3039],[-124.7250,50.3045],[-124.6898,50.2906],[-124.6614,50.2628],[-124.6507,50.2244],[-124.6645,50.1912],[-124.6938,50.1710],[-124.7258,50.1632],[-124.7428,50.2041],[-124.7053,50.2741],[-124.7232,50.2928],[-124.7267,50.2663],[-124.7566,50.2193],[-124.7679,50.2142]],[[-125.3360,50.3017],[-125.3821,50.2962],[-125.3980,50.3078],[-125.4042,50.3321],[-125.3943,50.3495],[-125.3291,50.3427],[-125.3137,50.3496],[-125.3148,50.3973],[-125.2879,50.4374],[-125.2161,50.4090],[-125.1988,50.3910],[-125.1714,50.3910],[-125.1524,50.3445],[-125.0771,50.2621],[-125.0489,50.2191],[-125.0479,50.2055],[-125.0653,50.1935],[-125.0827,50.2055],[-125.1060,50.1452],[-125.1422,50.1258],[-125.1544,50.1338],[-125.1320,50.1909],[-125.1360,50.2323],[-125.1669,50.2472],[-125.2124,50.3222],[-125.2458,50.3143],[-125.2770,50.3266],[-125.3126,50.3198],[-125.3360,50.3017]],[[-125.5066,50.4308],[-125.5032,50.4049],[-125.6358,50.3825],[-125.7434,50.3773],[-125.7808,50.3857],[-125.7833,50.3974],[-125.7349,50.4107],[-125.6876,50.4103],[-125.5930,50.4378],[-125.5468,50.4434],[-125.5234,50.4417],[-125.5066,50.4308]],[[-125.3679,50.4611],[-125.3395,50.4525],[-125.3278,50.4337],[-125.3463,50.4022],[-125.3820,50.3935],[-125.3785,50.3755],[-125.3924,50.3674],[-125.4477,50.3537],[-125.4865,50.3576],[-125.5447,50.3778],[-125.4995,50.4010],[-125.4910,50.4219],[-125.4780,50.4295],[-125.3679,50.4611]],[[-125.7391,50.4286],[-125.8236,50.4088],[-125.9486,50.4249],[-125.9654,50.4382],[-125.8885,50.4612],[-125.8058,50.4750],[-125.7700,50.4591],[-125.7432,50.4366],[-125.7391,50.4286]],[[-126.5377,50.5838],[-126.5189,50.5700],[-126.6148,50.5526],[-126.6502,50.5587],[-126.6579,50.5639],[-126.6483,50.5698],[-126.6536,50.5785],[-126.6708,50.5895],[-126.5869,50.5948],[-126.5377,50.5838]],[[-126.3365,50.6034],[-126.2880,50.6034],[-126.2448,50.5715],[-126.2266,50.5692],[-126.2348,50.5570],[-126.2682,50.5549],[-126.3054,50.5345],[-126.4481,50.5192],[-126.6245,50.5345],[-126.5841,50.5480],[-126.3675,50.5829],[-126.3365,50.6034]],[[-126.4037,50.6298],[-126.3635,50.6188],[-126.3744,50.6049],[-126.4854,50.5785],[-126.5585,50.6031],[-126.5475,50.6137],[-126.4712,50.6282],[-126.4037,50.6298]],[[-126.8947,50.6659],[-126.8330,50.6252],[-127.0032,50.6264],[-127.0374,50.6400],[-127.1221,50.6299],[-127.1503,50.6399],[-127.1414,50.6547],[-127.1074,50.6710],[-127.0370,50.6625],[-126.8947,50.6659]],[[-126.6176,50.6723],[-126.5901,50.6793],[-126.5877,50.7010],[-126.5499,50.7328],[-126.5270,50.7437],[-126.5078,50.7399],[-126.4282,50.7945],[-126.3979,50.8082],[-126.3234,50.8157],[-126.2894,50.8285],[-126.2722,50.8300],[-126.2442,50.8163],[-126.2134,50.7715],[-126.1788,50.7508],[-126.1859,50.7416],[-126.2447,50.7174],[-126.2682,50.6852],[-126.2643,50.6646],[-126.2880,50.6546],[-126.3502,50.6518],[-126.4346,50.6691],[-126.4600,50.6648],[-126.4489,50.6504],[-126.4702,50.6444],[-126.5214,50.6580],[-126.6034,50.6548],[-126.6176,50.6723]],[[-126.7821,50.7747],[-126.8548,50.7860],[-126.9051,50.8219],[-126.9051,50.8293],[-126.8262,50.8361],[-126.7934,50.8073],[-126.7821,50.8219],[-126.7843,50.8323],[-126.7706,50.8363],[-126.6824,50.8343],[-126.6409,50.8497],[-126.5624,50.8020],[-126.6034,50.8082],[-126.7412,50.7747],[-126.7685,50.7883],[-126.7821,50.7747]],[[-123.3457,48.5233],[-123.2871,48.4683],[-123.2806,48.4483],[-123.2870,48.4241],[-123.3024,48.4142],[-123.3570,48.4005],[-123.4373,48.4446],[-123.4533,48.4335],[-123.4802,48.3923],[-123.5110,48.3805],[-123.5198,48.3552],[-123.5545,48.3279],[-123.5506,48.3130],[-123.5721,48.3060],[-123.5952,48.3100],[-123.5955,48.3279],[-123.6539,48.3142],[-123.7337,48.3507],[-123.7806,48.3628],[-123.8907,48.3668],[-124.1315,48.4334],[-124.3891,48.5179],[-124.4378,48.5255],[-124.4296,48.5385],[-124.3906,48.5607],[-124.4014,48.5652],[-124.4453,48.5681],[-124.4856,48.5402],[-124.6653,48.5732],[-124.7693,48.6150],[-124.8162,48.6471],[-125.0939,48.7300],[-125.1851,48.8009],[-125.1711,48.8159],[-125.1100,48.8419],[-125.0784,48.8761],[-125.0114,48.8919],[-125.0136,48.9281],[-124.9841,48.956],[-124.9182,48.9722],[-124.8469,49.0204],[-124.8194,49.0580],[-124.8084,49.0991],[-124.7794,49.1520],[-124.7988,49.1887],[-124.8084,49.2465],[-124.8289,49.2254],[-124.8220,49.1813],[-124.8280,49.1198],[-124.8698,49.0746],[-124.8880,49.0139],[-124.9077,49.0064],[-124.9676,48.9879],[-125.0448,48.9927],[-125.0858,48.9790],[-125.1468,48.9985],[-125.1714,48.9927],[-125.2212,48.9547],[-125.2403,48.9554],[-125.3360,48.9722],[-125.3024,49.0031],[-125.2608,49.0206],[-125.2608,49.0275],[-125.3087,49.0275],[-125.3334,49.0418],[-125.3538,49.0272],[-125.3662,48.9873],[-125.4005,48.9726],[-125.4694,48.9176],[-125.4983,48.9204],[-125.5730,48.9557],[-125.6065,48.9618],[-125.6723,49.0178],[-125.7358,49.0530],[-125.8362,49.0690],[-125.8716,49.0901],[-125.8710,49.1026],[-125.8615,49.1100],[-125.8157,49.1230],[-125.7847,49.1049],[-125.7675,49.1034],[-125.6922,49.1333],[-125.6835,49.1484],[-125.6456,49.1640],[-125.6129,49.2063],[-125.6103,49.2254],[-125.7466,49.1481],[-125.7551,49.1688],[-125.7537,49.2223],[-125.7405,49.2674],[-125.7773,49.2477],[-125.8021,49.2534],[-125.8019,49.3001],[-125.7816,49.3384],[-125.7747,49.3701],[-125.8063,49.3434],[-125.8437,49.2670],[-125.8772,49.2800],[-125.9011,49.2744],[-125.9560,49.2328],[-125.9943,49.2423],[-126.0280,49.2738],[-126.0089,49.2923],[-125.9509,49.3202],[-125.8989,49.4221],[-125.9119,49.4383],[-125.9217,49.4198],[-125.9584,49.3932],[-125.9792,49.3417],[-126.0143,49.3223],[-126.0590,49.3458],[-126.0764,49.3837],[-126.0581,49.4119],[-126.0550,49.4452],[-126.1739,49.4153],[-126.1856,49.4042],[-126.2271,49.4127],[-126.2435,49.4462],[-126.2547,49.4505],[-126.2682,49.4452],[-126.2587,49.4314],[-126.2613,49.4003],[-126.2880,49.3626],[-126.4050,49.4213],[-126.3911,49.4308],[-126.4321,49.4725],[-126.4653,49.4601],[-126.4873,49.4383],[-126.4639,49.4055],[-126.4643,49.3956],[-126.4873,49.3837],[-126.5278,49.3788],[-126.5726,49.4142],[-126.5578,49.5032],[-126.5624,49.5209],[-126.5562,49.5271],[-126.5767,49.5482],[-126.5650,49.5835],[-126.5488,49.5960],[-126.4990,49.6105],[-126.4525,49.6362],[-126.3365,49.6308],[-126.2181,49.6456],[-126.1856,49.6574],[-126.1379,49.6500],[-126.0895,49.6608],[-126.1074,49.6832],[-126.1949,49.6813],[-126.2967,49.6608],[-126.3243,49.6482],[-126.4532,49.6743],[-126.4873,49.6950],[-126.4794,49.7118],[-126.4112,49.7782],[-126.4673,49.7923],[-126.4737,49.7843],[-126.4722,49.7497],[-126.4935,49.7189],[-126.5167,49.7084],[-126.5731,49.7069],[-126.5934,49.7158],[-126.6052,49.7321],[-126.6372,49.8171],[-126.6497,49.8980],[-126.7058,49.8771],[-126.7263,49.8823],[-126.7672,49.9124],[-126.7829,49.9424],[-126.8436,49.9734],[-126.8426,49.9606],[-126.8108,49.9433],[-126.8026,49.9281],[-126.8085,49.9143],[-126.8394,49.8881],[-126.8716,49.8824],[-126.8915,49.8910],[-126.9193,49.9734],[-126.9361,49.8666],[-127.1219,49.8577],[-127.1419,49.8666],[-127.2375,49.9618],[-127.1998,50.0075],[-127.1835,50.0132],[-127.1795,50.0261],[-127.1862,50.0342],[-127.1642,50.0712],[-127.1475,50.0844],[-127.1061,50.0955],[-127.0887,50.1107],[-127.0831,50.1307],[-127.0969,50.1509],[-127.1173,50.1173],[-127.1474,50.1105],[-127.1638,50.0973],[-127.1896,50.0956],[-127.2154,50.0994],[-127.2852,50.1509],[-127.2920,50.1442],[-127.2756,50.0929],[-127.2833,50.0624],[-127.3165,50.0410],[-127.3625,50.0325],[-127.4053,50.0410],[-127.4405,50.0606],[-127.4674,50.0895],[-127.4694,50.1078],[-127.4190,50.1304],[-127.4879,50.1304],[-127.4264,50.1788],[-127.4634,50.1869],[-127.5528,50.1304],[-127.6141,50.1188],[-127.6312,50.1304],[-127.6356,50.1454],[-127.6108,50.1850],[-127.6498,50.1780],[-127.6887,50.1601],[-127.7741,50.0919],[-127.7963,50.0827],[-127.8265,50.1031],[-127.8981,50.1140],[-127.9062,50.1304],[-127.8968,50.1429],[-127.8404,50.1754],[-127.7752,50.2328],[-127.7469,50.2432],[-127.7551,50.2594],[-127.8043,50.2528],[-127.8509,50.2812],[-127.8409,50.2917],[-127.8026,50.3017],[-127.8002,50.3143],[-127.8089,50.3217],[-127.8426,50.3187],[-127.878,50.3427],[-127.9186,50.3222],[-127.9680,50.3422],[-127.9788,50.3570],[-127.9642,50.3638],[-127.9421,50.4143],[-127.9261,50.4252],[-127.9313,50.4409],[-127.9257,50.4621],[-127.8641,50.4595],[-127.8578,50.4737],[-127.8243,50.4663],[-127.7445,50.4867],[-127.5911,50.4857],[-127.5523,50.4640],[-127.4754,50.3837],[-127.4469,50.3768],[-127.5078,50.4659],[-127.5578,50.4929],[-127.5624,50.5210],[-127.5496,50.5438],[-127.5226,50.5419],[-127.5004,50.5672],[-127.4236,50.5812],[-127.4190,50.6034],[-127.5117,50.5890],[-127.5458,50.5702],[-127.6145,50.6034],[-127.8198,50.6111],[-127.8776,50.6301],[-127.8433,50.6039],[-127.7994,50.5891],[-127.6865,50.5891],[-127.6348,50.5796],[-127.5937,50.5587],[-127.5926,50.5436],[-127.6626,50.5345],[-127.8373,50.4901],[-127.8459,50.5062],[-127.8658,50.5043],[-127.9505,50.4772],[-127.9969,50.4740],[-128.0500,50.4957],[-128.0638,50.4793],[-128.0519,50.4769],[-128.0417,50.4599],[-128.0601,50.4525],[-128.1043,50.4766],[-128.1452,50.4867],[-128.1731,50.5140],[-128.2180,50.5302],[-128.2481,50.5966],[-128.2892,50.6102],[-128.3198,50.6098],[-128.3386,50.6471],[-128.2777,50.6691],[-128.3410,50.6648],[-128.3734,50.6823],[-128.4058,50.7440],[-128.4058,50.7610],[-128.4172,50.7718],[-128.3683,50.7883],[-128.3482,50.8051],[-128.3034,50.8020],[-128.1867,50.8450],[-128.1526,50.8361],[-128.0769,50.8703],[-128.0176,50.8622],[-127.9183,50.8707],[-127.8824,50.8668],[-127.5180,50.7797],[-127.4955,50.7623],[-127.4879,50.7473],[-127.4944,50.7312],[-127.4736,50.6989],[-127.4290,50.7518],[-127.4053,50.7473],[-127.4212,50.7289],[-127.4036,50.7077],[-127.3500,50.6785],[-127.2632,50.6559],[-127.1985,50.6212],[-127.1264,50.6200],[-127.1111,50.6170],[-127.0969,50.5966],[-126.9868,50.5877],[-126.9739,50.5829],[-126.9944,50.5692],[-126.9771,50.5629],[-126.8572,50.5591],[-126.8504,50.5515],[-126.8642,50.5300],[-126.8444,50.5303],[-126.8293,50.5481],[-126.7655,50.5444],[-126.6315,50.5071],[-126.5953,50.4802],[-126.5693,50.4793],[-126.5556,50.5009],[-126.4598,50.4748],[-126.3644,50.4867],[-126.2716,50.4662],[-126.1931,50.4697],[-126.1172,50.4553],[-126.0235,50.4256],[-125.9575,50.3950],[-125.8375,50.3872],[-125.7403,50.3563],[-125.5892,50.3706],[-125.5244,50.3470],[-125.4767,50.3390],[-125.4361,50.3136],[-125.4247,50.2949],[-125.4322,50.2875],[-125.4105,50.2569],[-125.3880,50.1985],[-125.3495,50.1441],[-125.3695,50.1385],[-125.3018,50.1065],[-125.2927,50.0903],[-125.2591,50.0646],[-125.2608,50.0485],[-125.2230,50.0177],[-125.2158,49.9830],[-125.1783,49.9249],[-124.8820,49.7249],[-124.8698,49.6950],[-124.8758,49.6774],[-124.8909,49.6720],[-124.9732,49.6849],[-124.9797,49.6817],[-124.9762,49.6680],[-124.9182,49.6308],[-124.8380,49.5172],[-124.8084,49.5066],[-124.7947,49.4725],[-124.7725,49.4614],[-124.7236,49.4650],[-124.6681,49.4430],[-124.6370,49.4110],[-124.5960,49.3911],[-124.5450,49.3771],[-124.3599,49.3566],[-124.3195,49.3349],[-124.2084,49.3080],[-124.1746,49.3148],[-124.1094,49.2800],[-124.1630,49.2716],[-124.1783,49.2602],[-124.1648,49.2548],[-124.1228,49.2602],[-124.0713,49.2465],[-123.9776,49.2409],[-123.9549,49.2291],[-123.9462,49.2084],[-123.9641,49.2030],[-123.9307,49.1435],[-123.9171,49.1349],[-123.8283,49.1299],[-123.8133,49.1185],[-123.7873,49.0690],[-123.7569,49.0421],[-123.7513,49.0279],[-123.7737,49.0206],[-123.7608,48.9958],[-123.7648,48.9875],[-123.7798,48.9859],[-123.8160,49.0126],[-123.8351,49.0064],[-123.8351,49.0001],[-123.7873,48.9653],[-123.7397,48.9428],[-123.5799,48.8216],[-123.5960,48.8114],[-123.6022,48.7973],[-123.5682,48.7941],[-123.5729,48.7462],[-123.6175,48.7632],[-123.6507,48.7599],[-123.6507,48.7531],[-123.5608,48.7121],[-123.5266,48.6780],[-123.5423,48.6502],[-123.5409,48.6364],[-123.5169,48.6108],[-123.5136,48.5954],[-123.5175,48.5803],[-123.5409,48.5545],[-123.5354,48.5401],[-123.4720,48.5750],[-123.4788,48.6364],[-123.4373,48.6500],[-123.4717,48.6724],[-123.4720,48.6848],[-123.4168,48.6911],[-123.3992,48.6815],[-123.3900,48.6204],[-123.3553,48.5607],[-123.3457,48.5233]],[[-127.8455,50.9229],[-127.8401,50.9032],[-127.8749,50.8903],[-127.9810,50.9070],[-127.9830,50.9167],[-127.9400,50.9248],[-127.9153,50.9396],[-127.8605,50.9357],[-127.8455,50.9229]],[[-127.5453,51.0897],[-127.5269,51.0837],[-127.5265,51.0662],[-127.5419,51.0521],[-127.5911,51.0519],[-127.6116,51.0751],[-127.5453,51.0897]],[[-131.7434,52.8401],[-131.6536,52.8377],[-131.6551,52.8305],[-131.7435,52.8113],[-131.8079,52.8148],[-131.8319,52.8261],[-131.8376,52.8409],[-131.7594,52.8571],[-131.7358,52.8536],[-131.7305,52.8446],[-131.7434,52.8401]],[[-132.2296,52.9951],[-132.2018,52.9844],[-132.2156,52.9750],[-132.3030,52.9667],[-132.3240,52.9686],[-132.3825,53.0040],[-132.2296,52.9951]],[[-133.0056,54.2551],[-132.9660,54.2341],[-132.9772,54.2180],[-132.9780,54.1969],[-133.0004,54.1900],[-133.0126,54.1944],[-133.0208,54.2149],[-133.0772,54.2238],[-133.0817,54.2317],[-133.0613,54.2562],[-133.0056,54.2551]],[[-123.2872,48.8128],[-123.2518,48.7901],[-123.2503,48.7660],[-123.1881,48.7561],[-123.1866,48.7363],[-123.2574,48.7392],[-123.3069,48.7646],[-123.3112,48.7972],[-123.3226,48.8128],[-123.2872,48.8128]],[[-123.0890,48.7675],[-123.1583,48.7632],[-123.1852,48.7746],[-123.2036,48.7844],[-123.2036,48.8085],[-123.2220,48.8226],[-123.2235,48.8326],[-123.1414,48.8014],[-123.0536,48.7958],[-123.0437,48.7887],[-123.0890,48.7675]],[[-125.8616,49.2373],[-125.7970,49.2270],[-125.7860,49.2092],[-125.8013,49.1438],[-125.8417,49.1337],[-125.8798,49.1460],[-125.8875,49.1731],[-125.9149,49.1762],[-125.9234,49.1969],[-125.9148,49.2132],[-125.9010,49.2255],[-125.8616,49.2373]],[[-128.6390,50.8046],[-128.6065,50.8123],[-128.6037,50.8198],[-128.5740,50.8085],[-128.5725,50.7951],[-128.6015,50.7930],[-128.6034,50.7850],[-128.6158,50.7828],[-128.6351,50.7898],[-128.6390,50.8046]],[[-128.7021,50.8365],[-128.6621,50.8250],[-128.6704,50.8188],[-128.6550,50.8087],[-128.6915,50.8015],[-128.7044,50.8072],[-128.7158,50.8144],[-128.7021,50.8365]],[[-127.8348,50.8891],[-127.7134,50.9130],[-127.6881,50.9008],[-127.6692,50.8803],[-127.6559,50.8378],[-127.7289,50.8460],[-127.7525,50.8592],[-127.8173,50.8685],[-127.8343,50.8787],[-127.8348,50.8891]],[[-128.4382,51.9807],[-128.4320,51.9951],[-128.4174,52.0034],[-128.4134,51.9831],[-128.4323,51.9023],[-128.4454,51.8981],[-128.4543,51.9173],[-128.4788,51.9068],[-128.4926,51.9260],[-128.4869,51.9536],[-128.4382,51.9807]],[[-129.4327,52.6831],[-129.4133,52.6876],[-129.4001,52.6795],[-129.4024,52.6466],[-129.4354,52.6376],[-129.4495,52.6439],[-129.4274,52.6742],[-129.4327,52.6831]],[[-129.3546,52.8625],[-129.3120,52.8393],[-129.3289,52.7996],[-129.3477,52.7998],[-129.3661,52.8145],[-129.3676,52.8449],[-129.3546,52.8625]],[[-130.5921,53.4961],[-130.5869,53.4661],[-130.6246,53.4815],[-130.6360,53.4984],[-130.6165,53.5064],[-130.5921,53.4961]],[[-130.6091,53.7970],[-130.6172,53.8231],[-130.5693,53.8367],[-130.5098,53.8263],[-130.4199,53.7832],[-130.4378,53.7568],[-130.4972,53.7651],[-130.5127,53.7934],[-130.5532,53.7843],[-130.6091,53.7970]],[[-130.8175,54.4863],[-130.7900,54.4937],[-130.7284,54.4378],[-130.7295,54.4208],[-130.7847,54.4122],[-130.8234,54.4208],[-130.8285,54.4387],[-130.8700,54.4347],[-130.8613,54.4554],[-130.8175,54.4863]],[[-131.0987,54.6279],[-131.0568,54.6257],[-131.0499,54.6060],[-131.0694,54.5878],[-131.0909,54.5822],[-131.1022,54.5955],[-131.0987,54.6279]]]}},{"type":"Feature","properties":{"name":"Alberta"},"geometry":{"type":"MultiLineString","coordinates":[[[-110.0,48.9926],[-114.0638,48.9925],[-114.0375,49.0227],[-114.0374,49.0342],[-114.0482,49.0490],[-114.1038,49.0600],[-114.1477,49.0937],[-114.1598,49.1170],[-114.1541,49.1481],[-114.2253,49.1859],[-114.3763,49.2045],[-114.3876,49.2296],[-114.3721,49.2503],[-114.3798,49.2578],[-114.4262,49.2641],[-114.4407,49.2922],[-114.4607,49.3070],[-114.4702,49.3336],[-114.5205,49.3538],[-114.5780,49.3945],[-114.5979,49.4440],[-114.5636,49.5388],[-114.5763,49.5562],[-114.6225,49.5434],[-114.6594,49.5531],[-114.6894,49.5473],[-114.7007,49.5650],[-114.7438,49.5876],[-114.7306,49.6180],[-114.6808,49.6357],[-114.6629,49.6859],[-114.6662,49.6966],[-114.6364,49.7298],[-114.6500,49.7591],[-114.6248,49.7802],[-114.6383,49.8271],[-114.6705,49.8700],[-114.6864,49.9070],[-114.6833,49.9593],[-114.6500,49.9630],[-114.6427,49.9728],[-114.6602,50.0150],[-114.6611,50.0642],[-114.6847,50.0759],[-114.7243,50.1260],[-114.7325,50.2034],[-114.7536,50.2423],[-114.7600,50.2878],[-114.7897,50.3277],[-114.7905,50.3380],[-114.7751,50.3541],[-114.8559,50.4077],[-114.8795,50.4410],[-114.9997,50.5628],[-115.0276,50.5786],[-115.0959,50.5891],[-115.1592,50.5786],[-115.1880,50.5477],[-115.2206,50.5504],[-115.2389,50.5818],[-115.3125,50.6359],[-115.3155,50.6489],[-115.2883,50.6557],[-115.2871,50.6664],[-115.3099,50.7052],[-115.3347,50.7251],[-115.3573,50.7329],[-115.3913,50.7164],[-115.4031,50.7223],[-115.4191,50.7542],[-115.4644,50.7605],[-115.4843,50.7806],[-115.5420,50.7996],[-115.5725,50.8348],[-115.6467,50.8520],[-115.6452,50.8748],[-115.6329,50.8842],[-115.5719,50.9002],[-115.6030,50.9299],[-115.6203,50.9702],[-115.6588,50.9792],[-115.6767,51.0068],[-115.6949,51.0176],[-115.7568,51.0342],[-115.7785,51.0729],[-115.8157,51.0842],[-115.9036,51.0874],[-115.9770,51.1145],[-116.0181,51.1424],[-116.0275,51.2196],[-116.0512,51.2412],[-116.1457,51.2631],[-116.1657,51.2989],[-116.2338,51.3031],[-116.2574,51.3143],[-116.2747,51.3336],[-116.2766,51.3603],[-116.2999,51.3792],[-116.2957,51.4506],[-116.3149,51.4663],[-116.3880,51.4951],[-116.4050,51.5471],[-116.4608,51.5687],[-116.4946,51.6167],[-116.5763,51.6442],[-116.5932,51.6646],[-116.5960,51.7089],[-116.6460,51.7584],[-116.6510,51.7889],[-116.6715,51.8059],[-116.6849,51.8093],[-116.7637,51.7918],[-116.8177,51.7480],[-116.8198,51.7405],[-116.8066,51.7286],[-116.8226,51.7129],[-116.8878,51.7057],[-116.9376,51.7198],[-116.9872,51.8049],[-116.9943,51.8353],[-117.0266,51.8545],[-117.0316,51.8911],[-117.0473,51.9152],[-117.1118,51.9650],[-117.1845,51.9877],[-117.2369,52.0295],[-117.2699,52.0450],[-117.2705,52.0625],[-117.2980,52.1050],[-117.3019,52.1564],[-117.3188,52.1819],[-117.3315,52.1816],[-117.3456,52.1482],[-117.3761,52.1341],[-117.4175,52.1345],[-117.4930,52.1495],[-117.5908,52.1304],[-117.6163,52.1403],[-117.6644,52.1814],[-117.7536,52.2002],[-117.8217,52.2627],[-117.8217,52.2795],[-117.7421,52.3300],[-117.7270,52.3729],[-117.7362,52.3912],[-117.7583,52.4050],[-117.8023,52.4156],[-117.8908,52.4254],[-117.9335,52.4414],[-117.9919,52.4846],[-118.0118,52.4850],[-118.0452,52.4446],[-118.0386,52.4239],[-118.0432,52.4081],[-118.0635,52.3988],[-118.1557,52.3958],[-118.2112,52.3667],[-118.2266,52.3703],[-118.2324,52.3992],[-118.2583,52.4307],[-118.2589,52.4453],[-118.2502,52.4555],[-118.2085,52.4709],[-118.2074,52.4820],[-118.2438,52.4928],[-118.2759,52.5158],[-118.2841,52.5339],[-118.2785,52.5592],[-118.3291,52.5881],[-118.3480,52.6164],[-118.3523,52.6284],[-118.3166,52.6539],[-118.3049,52.6672],[-118.3062,52.6774],[-118.3553,52.7483],[-118.4231,52.7785],[-118.4324,52.7908],[-118.4172,52.8262],[-118.4206,52.8403],[-118.4708,52.8623],[-118.4828,52.8925],[-118.4982,52.8996],[-118.6049,52.8775],[-118.6242,52.8869],[-118.6370,52.9298],[-118.6737,52.9659],[-118.6632,53.0156],[-118.6721,53.0340],[-118.7124,53.0392],[-118.7260,53.0612],[-118.7765,53.0531],[-118.7802,53.0675],[-118.7510,53.1039],[-118.7513,53.1150],[-118.8502,53.1832],[-118.9628,53.2333],[-118.9966,53.2364],[-119.0065,53.2310],[-119.0108,53.1927],[-119.0255,53.1756],[-119.0153,53.1421],[-119.0287,53.1346],[-119.0901,53.1572],[-119.1255,53.1614],[-119.1563,53.1824],[-119.2633,53.1983],[-119.3540,53.2834],[-119.3754,53.3233],[-119.3808,53.3559],[-119.3932,53.3644],[-119.4255,53.3668],[-119.4764,53.3566],[-119.6061,53.3781],[-119.6416,53.3538],[-119.7416,53.3995],[-119.7907,53.4708],[-119.8274,53.5080],[-119.8480,53.5133],[-119.8826,53.5070],[-119.9049,53.5219],[-119.9091,53.5320],[-119.8859,53.5568],[-119.8870,53.5666],[-119.9309,53.6051],[-119.9265,53.6149],[-119.7936,53.6026],[-119.7536,53.6048],[-119.7324,53.6231],[-119.7370,53.6421],[-119.7897,53.6811],[-119.8077,53.7047],[-119.8300,53.7075],[-119.8545,53.6978],[-119.8762,53.7098],[-119.9146,53.7158],[-119.9214,53.7295],[-119.9044,53.7753],[-119.9189,53.7833],[-119.9809,53.7906],[-120.0010,53.8228],[-120.0006,56.0]],[[-109.9993,48.9926],[-110.0,48.9926]],[[-120.0006,56.0],[-119.9999,60.0000],[-109.9999,60.0000],[-109.9993,48.9926]]]}},{"type":"Feature","properties":{"name":"Saskatchewan"},"geometry":{"type":"MultiLineString","coordinates":[[[-101.3643,48.9926],[-109.9993,48.9926],[-109.9999,60.0000],[-102.0015,60.0000],[-102.0010,55.8164],[-101.3643,48.9926]]]}},{"type":"Feature","properties":{"name":"Manitoba"},"geometry":{"type":"MultiLineString","coordinates":[[[-95.1618,49.0011],[-101.3643,48.9926],[-102.0010,55.8164],[-102.0015,60.0000],[-94.8031,60.0000],[-94.8194,59.6386],[-94.7385,59.3477],[-94.6601,59.3587],[-94.7722,59.2980],[-94.7931,59.0938],[-94.9672,59.0859],[-94.9991,59.0528],[-94.8040,59.0630],[-94.6832,58.9503],[-94.7459,58.8331],[-94.6081,58.8815],[-94.4368,58.7238],[-94.2040,58.8064],[-94.3617,58.2230],[-94.2320,58.4011],[-94.1773,58.7791],[-93.1557,58.7443],[-93.1234,58.5128],[-92.8077,58.0757],[-92.7857,57.8394],[-92.4235,57.3544],[-92.5971,57.0483],[-92.8819,56.9145],[-92.2181,57.0628],[-92.4705,56.9350],[-92.3373,56.9595],[-91.0311,57.2646],[-90.5855,57.2299],[-89.9629,57.0039],[-88.947,56.8532],[-91.3783,55.3159],[-93.6201,53.7469],[-95.1537,52.8213],[-95.1618,49.0011]]]}},{"type":"Feature","properties":{"name":"Ontario"},"geometry":{"type":"MultiLineString","coordinates":[[[-89.3403,47.9841],[-89.9204,47.9874],[-90.1203,48.1153],[-90.7503,48.0839],[-90.8738,48.2343],[-91.2763,48.0647],[-91.5748,48.0482],[-92.0704,48.3467],[-92.2815,48.3317],[-92.3718,48.2225],[-92.4906,48.4331],[-92.7040,48.4451],[-92.6486,48.5362],[-92.9555,48.6122],[-93.2577,48.6303],[-93.7567,48.5165],[-93.8748,48.6362],[-94.6888,48.7788],[-94.8391,49.3088],[-95.1611,49.3738],[-95.1537,52.8213],[-93.6201,53.7469],[-91.3783,55.3159],[-88.8911,56.8612],[-88.3113,56.5380],[-87.9795,56.4428],[-87.5892,56.0798],[-87.6185,56.0027],[-87.5008,56.0448],[-87.3551,56.0036],[-87.3653,55.9481],[-86.9800,55.9335],[-85.9042,55.6620],[-85.1279,55.3497],[-85.3890,55.1121],[-85.4173,54.9992],[-85.1991,55.2424],[-85.0539,55.2941],[-84.6131,55.2451],[-83.9290,55.3265],[-83.6114,55.2321],[-83.5668,55.1907],[-83.5882,55.1568],[-83.5611,55.1331],[-83.5580,55.1846],[-83.5828,55.2324],[-83.7132,55.2765],[-82.9756,55.2390],[-82.8976,55.1741],[-82.9516,55.1127],[-82.6443,55.1741],[-82.3210,55.0711],[-82.3558,55.1679],[-82.2522,55.1179],[-82.2726,54.9378],[-82.2014,54.8339],[-82.4444,54.3654],[-82.3830,54.1251],[-82.2425,54.0650],[-82.1260,53.8122],[-82.2192,53.6044],[-82.1144,53.2890],[-82.2505,53.2129],[-82.3011,52.9675],[-82.0418,52.8428],[-81.5638,52.4562],[-81.4787,52.3034],[-81.8201,52.2593],[-81.8828,52.1935],[-81.5120,52.2393],[-81.3552,52.1042],[-80.9791,52.0018],[-80.5948,51.7113],[-80.4297,51.3571],[-81.0126,51.0353],[-80.9511,51.0081],[-80.3851,51.3413],[-79.9859,51.2551],[-79.5208,50.9428],[-79.5129,47.5968],[-79.5803,47.4518],[-79.4453,47.2746],[-79.4312,47.0869],[-78.7197,46.3470],[-77.6584,46.1839],[-76.9934,45.7902],[-76.8177,45.8858],[-76.6228,45.5650],[-76.3434,45.4735],[-76.0488,45.5154],[-75.8409,45.3871],[-75.2835,45.5766],[-74.6436,45.6560],[-74.3935,45.5726],[-74.4780,45.3168],[-74.3461,45.2205],[-74.7129,44.9992],[-74.9037,45.0052],[-75.2702,44.8637],[-75.8703,44.4086],[-76.1497,44.3045],[-76.4546,44.0842],[-76.8415,43.6255],[-78.7508,43.6170],[-79.1743,43.4645],[-79.0584,43.2777],[-79.0319,43.0134],[-78.9090,42.9302],[-79.0193,42.8026],[-80.2465,42.3654],[-81.2766,42.2086],[-82.4248,41.6768],[-82.6669,41.6690],[-83.0684,41.8477],[-83.1594,42.0463],[-83.0799,42.3050],[-82.5262,42.6199],[-82.4110,43.0512],[-82.1456,43.5764],[-82.5482,45.3345],[-83.4839,45.7719],[-83.6368,45.7739],[-83.4628,46.0077],[-83.6138,46.1156],[-83.9645,46.0631],[-84.0967,46.2248],[-84.1588,46.4333],[-84.1104,46.5264],[-84.5665,46.4611],[-84.7733,46.6334],[-84.8786,46.8979],[-88.3472,48.2986],[-89.3403,47.9841]]]}},{"type":"Feature","properties":{"name":"Québec"},"geometry":{"type":"MultiLineString","coordinates":[[[-71.5040,45.0137],[-74.7129,44.9992],[-74.0043,45.2451],[-73.7346,45.4186],[-73.5189,45.4262],[-73.4488,45.7044],[-73.2172,45.8988],[-73.1561,46.0497],[-72.7310,46.1766],[-72.1899,46.5262],[-70.5349,47.0105],[-69.4454,47.9918],[-68.2056,48.6419],[-66.6220,49.1226],[-65.5657,49.2664],[-64.6133,49.1230],[-64.2987,48.9592],[-64.1553,48.7742],[-64.5593,48.8828],[-64.1750,48.6444],[-64.2821,48.5690],[-64.1888,48.5265],[-64.3290,48.4196],[-64.7232,48.3353],[-64.7793,48.2040],[-65.2855,48.0126],[-65.7838,48.1155],[-65.8957,48.2255],[-66.0670,48.1019],[-66.4732,48.1201],[-66.9191,47.9814],[-66.9616,47.8945],[-67.3198,47.8961],[-67.3637,47.8392],[-67.6128,47.9975],[-68.3778,47.9283],[-68.4080,47.5362],[-69.0635,47.2908],[-69.0540,47.4183],[-69.2509,47.4529],[-70.0077,46.7040],[-70.0743,46.4195],[-70.2808,46.2118],[-70.2625,45.9230],[-70.4193,45.7169],[-70.6867,45.5727],[-70.7320,45.4915],[-70.6413,45.4084],[-70.8129,45.4234],[-70.8924,45.2346],[-70.9931,45.3478],[-71.1603,45.2457],[-71.3343,45.2887],[-71.4490,45.2269],[-71.5040,45.0137]],[[-79.5208,50.9428],[-79.3342,50.7269],[-79.5208,50.9654],[-79.5601,51.5555],[-79.2554,51.6387],[-79.2756,51.5316],[-79.0115,51.4673],[-78.9531,51.2192],[-78.8470,51.1644],[-78.9197,51.2329],[-78.8265,51.3500],[-78.8821,51.4032],[-78.6900,51.4872],[-78.8128,51.5145],[-78.7923,51.6107],[-79.0388,51.7685],[-78.8405,51.8422],[-78.8925,51.9467],[-78.5912,52.1061],[-78.5467,52.2466],[-78.4081,52.2482],[-78.5528,52.2681],[-78.5159,52.4767],[-78.7651,52.5703],[-78.6900,52.5977],[-78.8501,52.7573],[-78.6900,52.8850],[-78.8552,52.8838],[-78.9016,52.9266],[-78.7855,52.9818],[-78.9842,53.0284],[-78.9159,53.0638],[-78.9773,53.0700],[-78.8954,53.2686],[-78.9916,53.4535],[-79.1145,53.5088],[-78.9230,53.5667],[-79.0661,53.5982],[-79.0192,53.6939],[-79.1561,53.7080],[-79.0488,53.7256],[-79.0524,53.8378],[-78.9016,53.8173],[-79.0661,53.8576],[-79.1077,53.9061],[-78.9916,53.9129],[-79.1350,53.9613],[-78.9795,54.0192],[-79.2926,54.0910],[-79.0462,54.1804],[-79.3820,54.1940],[-79.2858,54.2555],[-79.4639,54.3101],[-79.4503,54.4200],[-79.6011,54.5571],[-79.5254,54.5913],[-79.7656,54.6596],[-78.3922,55.0275],[-77.7816,55.2735],[-77.1380,55.6577],[-77.0886,55.7142],[-77.1891,55.6818],[-76.6815,56.0429],[-76.5184,56.4136],[-76.5327,57.1153],[-76.8087,57.6755],[-77.1482,58.0175],[-77.4706,58.2119],[-78.0314,58.3881],[-78.4093,58.6297],[-78.3200,58.5463],[-78.5709,58.6386],[-78.4685,58.706],[-78.5657,58.9577],[-78.3163,58.9255],[-78.2437,58.9982],[-78.3200,58.9914],[-78.2852,59.0528],[-78.1314,59.1078],[-78.1065,59.2099],[-77.6751,59.4022],[-77.9153,59.4190],[-77.7303,59.5486],[-77.7781,59.7101],[-77.5703,59.6934],[-77.4429,59.5775],[-77.3127,59.5667],[-77.5454,59.7449],[-77.2916,59.7995],[-77.4250,59.9192],[-77.1891,60.0602],[-77.6341,60.0664],[-77.4082,60.1353],[-77.7431,60.4042],[-77.5469,60.5474],[-77.4151,60.5468],[-77.6860,60.5582],[-77.8292,60.6432],[-77.6068,60.7591],[-77.7440,60.7665],[-77.5106,60.8410],[-77.8948,60.7523],[-77.8600,60.7926],[-77.9699,60.7926],[-77.9194,60.8352],[-78.1965,60.7926],[-77.6927,61.2073],[-77.7852,61.4546],[-77.5454,61.4853],[-77.6412,61.5602],[-77.4765,61.5399],[-77.7927,61.7013],[-77.9897,61.7148],[-78.1369,62.0134],[-78.1548,62.2973],[-77.4717,62.5938],[-75.5921,62.2730],[-75.8937,62.1637],[-75.3277,62.3174],[-74.5580,62.1091],[-74.7550,62.2135],[-73.6707,62.4821],[-73.2095,62.3128],[-72.8989,62.1432],[-72.9473,62.1227],[-72.6291,62.1168],[-72.6077,61.9721],[-72.7959,61.8353],[-72.6661,61.8831],[-72.6018,61.8125],[-72.6052,61.9436],[-72.2323,61.8812],[-72.1318,61.8006],[-72.2237,61.7501],[-71.9952,61.6771],[-72.0851,61.6062],[-72.2434,61.6176],[-72.3030,61.5678],[-71.9794,61.6038],[-71.9567,61.7112],[-71.5809,61.6138],[-71.5557,61.5610],[-71.8574,61.5337],[-71.7481,61.4791],[-71.8915,61.4307],[-71.5831,61.4102],[-71.8226,61.3549],[-71.6656,61.3344],[-71.7271,61.2872],[-71.5967,61.2593],[-71.5728,61.1557],[-71.4976,61.2309],[-71.3715,61.1290],[-71.2132,61.1672],[-70.5353,61.0123],[-70.5266,61.0654],[-70.4255,61.0265],[-70.4255,61.0880],[-70.1553,61.0876],[-70.0897,60.9611],[-70.1511,60.8820],[-69.9158,60.8100],[-69.7769,60.9195],[-69.6623,60.8852],[-69.6510,61.0642],[-69.5366,61.0796],[-69.3697,60.9168],[-69.3813,60.7998],[-69.7197,60.6840],[-69.6667,60.5672],[-69.8290,60.5257],[-69.7197,60.3755],[-69.7654,60.3170],[-69.6024,60.2246],[-69.6280,60.0767],[-69.8262,60.0716],[-69.8216,59.9892],[-71.0350,60.0664],[-70.5777,59.9772],[-69.7350,59.9702],[-69.7675,59.9155],[-69.5615,59.8646],[-69.6121,59.7838],[-69.5478,59.7647],[-69.6577,59.7033],[-69.5162,59.6492],[-69.7485,59.5160],[-69.6320,59.3851],[-69.7551,59.3176],[-69.4225,59.3615],[-69.2547,59.3248],[-69.2325,59.2412],[-69.5425,59.1695],[-69.3424,59.0938],[-69.4302,59.0254],[-69.5035,59.0733],[-69.4516,58.8952],[-69.6651,58.7921],[-69.7197,58.8672],[-69.6718,58.9274],[-69.8631,59.0596],[-69.8979,58.9634],[-69.8034,58.9190],[-69.8017,58.8262],[-69.9116,58.8740],[-70.2542,58.7716],[-69.9212,58.7791],[-69.9182,58.6863],[-69.7974,58.7007],[-69.8768,58.6447],[-69.8135,58.5965],[-69.3781,58.8694],[-68.7734,58.9216],[-68.4102,58.8239],[-68.3487,58.6003],[-68.1910,58.5463],[-68.3540,58.1237],[-68.9701,57.9603],[-69.3697,57.7704],[-68.9496,57.9410],[-68.4175,58.0386],[-68.3098,58.1209],[-68.1739,58.4910],[-68.0062,58.5795],[-67.8897,58.4987],[-67.8627,58.3092],[-68.1295,58.0829],[-67.8627,58.2372],[-67.7385,58.4691],[-67.6754,58.4234],[-67.7323,58.2851],[-67.6480,58.2361],[-67.7401,57.9637],[-67.7134,57.9270],[-67.5678,58.2304],[-67.0869,58.3627],[-66.9466,58.4983],[-66.8522,58.4250],[-66.8068,58.4979],[-66.6151,58.4979],[-66.6692,58.5399],[-66.5953,58.6771],[-66.3823,58.8535],[-65.9441,58.6208],[-66.0533,58.3328],[-65.9230,58.4426],[-65.9795,58.4900],[-65.8275,58.5799],[-66.1086,58.7791],[-66.0191,58.8611],[-65.7956,58.8634],[-65.9822,58.9171],[-65.8616,58.9429],[-65.8854,59.0081],[-65.6773,58.9285],[-65.7933,59.0050],[-65.6834,59.0528],[-65.5070,58.9881],[-65.5941,59.0460],[-65.3197,59.0460],[-65.6424,59.0733],[-65.7176,59.1583],[-65.7393,59.2706],[-65.5941,59.1893],[-65.6029,59.2571],[-65.4916,59.2582],[-65.5589,59.3766],[-65.3575,59.2821],[-65.4471,59.3667],[-65.3818,59.4022],[-65.5599,59.4910],[-64.9839,59.3811],[-65.4118,59.5178],[-65.5462,59.7312],[-65.3234,59.8479],[-65.0840,59.7717],[-64.9839,59.7647],[-65.2309,59.8820],[-65.1404,59.8713],[-65.2098,59.9230],[-65.0709,59.9433],[-65.1285,60.0465],[-64.8740,60.2042],[-64.9572,60.2588],[-64.8487,60.3657],[-64.5314,60.3039],[-64.8446,60.2641],[-64.5991,60.1178],[-64.9042,60.0477],[-64.6543,59.9166],[-64.7676,59.8800],[-64.7744,59.6992],[-64.9031,59.6038],[-64.7020,59.4472],[-64.3493,59.5051],[-64.5034,59.4295],[-64.5339,59.1953],[-64.2920,59.0072],[-64.7542,59.0650],[-64.8821,58.9350],[-64.3104,58.8846],[-64.1570,58.7507],[-63.7604,58.8790],[-63.4837,58.7586],[-64.0594,58.6690],[-64.0779,58.5520],[-63.8904,58.5668],[-63.8198,58.4741],[-64.1564,58.3481],[-64.2091,58.2379],[-64.3896,58.1877],[-64.4276,58.0748],[-64.2213,58.0452],[-64.0538,57.7678],[-63.9394,57.8009],[-63.6959,57.6589],[-63.5839,57.7080],[-63.7649,57.5643],[-63.7079,57.3852],[-63.8691,57.2497],[-63.8501,57.1918],[-63.8204,57.2745],[-63.7433,57.2267],[-63.8760,57.0592],[-63.8713,56.8781],[-63.9974,56.8547],[-64.1257,56.7092],[-63.8771,56.4393],[-64.1696,56.4256],[-64.0910,56.2628],[-63.8768,56.2172],[-64.0109,56.1555],[-64.0103,56.0697],[-63.8618,56.1232],[-63.8043,56.0432],[-63.4449,56.0228],[-63.8402,55.9132],[-63.6963,55.7766],[-63.7491,55.6545],[-63.6690,55.6236],[-63.7674,55.4614],[-63.3301,55.3886],[-63.6599,55.2701],[-63.4103,55.2519],[-63.5888,55.1208],[-63.6052,54.9021],[-63.8147,54.9404],[-63.9040,54.7819],[-63.7291,54.6471],[-63.8985,54.6016],[-64.3922,54.7892],[-64.7675,54.7382],[-64.7821,54.8347],[-65.1027,54.9568],[-65.2958,54.8256],[-65.4725,54.8420],[-65.4798,54.7309],[-65.6806,54.7148],[-65.8559,54.9075],[-66.2543,54.9981],[-66.7704,55.3387],[-66.8371,55.3172],[-66.6887,55.2017],[-66.7623,55.1042],[-66.6607,54.9842],[-66.7288,54.9386],[-66.6071,54.8039],[-66.7013,54.7401],[-66.9665,54.8143],[-67.3094,55.0156],[-67.2741,55.0659],[-67.4350,55.0634],[-67.0858,54.6806],[-67.2612,54.5705],[-67.2680,54.4845],[-67.4985,54.5946],[-67.5088,54.4880],[-67.7495,54.4261],[-67.6395,54.1887],[-67.8080,54.0340],[-67.5226,53.8379],[-67.5948,53.7829],[-67.3231,53.5662],[-66.8897,53.4149],[-67.0101,53.3530],[-66.9963,53.0813],[-67.2405,53.1673],[-67.3850,53.1053],[-67.3024,52.8680],[-67.1649,52.8199],[-67.0617,52.8749],[-67.0410,52.7752],[-66.8656,52.6617],[-66.8519,52.7305],[-66.7693,52.6789],[-66.7693,52.7649],[-66.6558,52.7958],[-66.6249,52.9368],[-66.3635,53.0022],[-66.2878,52.8474],[-66.4013,52.8440],[-66.2878,52.6101],[-66.4048,52.6479],[-66.3497,52.3590],[-66.4804,52.3349],[-66.3738,52.1423],[-66.2637,52.1561],[-66.2844,52.3074],[-65.9920,52.0598],[-65.6550,52.1079],[-65.6619,51.9876],[-65.5002,52.0976],[-65.3764,51.9841],[-65.3386,51.8190],[-65.2766,51.8672],[-64.9568,51.7227],[-64.7711,51.7640],[-64.5303,51.5920],[-64.2792,51.7399],[-64.3618,51.9669],[-64.2345,51.9807],[-64.2517,52.1148],[-64.1554,52.1320],[-64.2208,52.2661],[-64.1279,52.3865],[-64.1657,52.6754],[-63.6120,52.8612],[-63.5957,52.7708],[-63.3790,52.6511],[-63.8759,52.6084],[-64.0811,52.4734],[-63.9726,52.3535],[-63.7495,52.3223],[-63.6400,52.0506],[-63.8195,52.0681],[-63.7387,51.9997],[-57.1009,52.0000],[-57.1003,51.4190],[-57.2499,51.5082],[-57.6033,51.4326],[-57.6859,51.4804],[-58.0401,51.3136],[-58.6226,51.2773],[-58.6774,51.2442],[-58.6256,51.1514],[-58.8304,51.0900],[-58.8924,50.9944],[-58.8954,51.0549],[-59.0079,51.0149],[-58.9402,50.8845],[-59.0079,50.7610],[-59.0891,50.7843],[-59.0877,50.8876],[-59.2027,50.7319],[-59.4195,50.6648],[-59.4239,50.5400],[-59.8030,50.4457],[-59.8856,50.3768],[-59.8272,50.3280],[-60.1348,50.2129],[-60.1534,50.2883],[-60.7940,50.2046],[-60.8026,50.2670],[-61.7178,50.1000],[-61.7842,50.1099],[-61.5760,50.1873],[-61.7767,50.1341],[-61.8631,50.2301],[-62.7507,50.2874],[-62.7091,50.3154],[-63.4206,50.2189],[-63.8089,50.3154],[-65.9642,50.2931],[-66.0875,50.1924],[-66.4681,50.2685],[-66.5495,50.1983],[-66.4348,50.1575],[-66.6356,50.1850],[-66.7459,50.0536],[-66.9509,49.9864],[-67.0449,49.8283],[-67.1314,49.8312],[-67.2451,49.4588],[-67.3763,49.3392],[-68.0545,49.2943],[-68.3008,49.1981],[-68.1810,49.1244],[-68.3923,49.0639],[-68.4443,49.0616],[-68.3697,49.1155],[-68.4033,49.1845],[-68.4443,49.1981],[-68.4070,49.1230],[-68.6151,49.0394],[-68.6988,48.9448],[-68.6435,48.9176],[-69.0557,48.7735],[-69.4466,48.2962],[-69.6760,48.1498],[-70.3692,48.3741],[-70.9872,48.4651],[-71.0698,48.4446],[-70.7884,48.3956],[-70.8656,48.3241],[-70.4775,48.3564],[-69.7359,48.1225],[-69.9320,47.7730],[-70.1443,47.6563],[-70.2368,47.4955],[-70.4869,47.4447],[-70.7506,47.0917],[-71.3416,46.7423],[-71.8805,46.6906],[-72.6025,46.3013],[-72.9944,46.2108],[-73.4202,45.7651],[-73.7554,45.6763],[-73.9792,45.4984],[-74.3794,45.5616],[-74.0161,45.4504],[-73.9615,45.3542],[-74.3461,45.2205],[-74.4780,45.3168],[-74.3935,45.5726],[-74.6436,45.6560],[-75.2835,45.5766],[-75.7755,45.3938],[-76.1284,45.5296],[-76.3434,45.4735],[-76.6474,45.5808],[-76.8177,45.8858],[-77.0166,45.7962],[-77.4690,46.1150],[-78.6940,46.3365],[-78.9641,46.5330],[-79.4312,47.0869],[-79.4453,47.2746],[-79.5803,47.4518],[-79.5129,47.5968],[-79.5208,50.9428]],[[-63.7642,49.6019],[-64.5105,49.8680],[-64.1328,49.9501],[-63.1240,49.7838],[-61.8826,49.3544],[-61.6607,49.1510],[-61.8116,49.0690],[-62.2481,49.0679],[-63.0933,49.2328],[-63.5867,49.3899],[-63.7642,49.6019]]]}},{"type":"Feature","properties":{"name":"New Brunswick"},"geometry":{"type":"MultiLineString","coordinates":[[[-67.1760,45.1786],[-67.3192,45.1538],[-67.4713,45.2662],[-67.4313,45.5979],[-67.8070,45.7128],[-67.7578,45.9194],[-67.8135,47.0819],[-68.2464,47.3605],[-68.8897,47.1906],[-69.0635,47.2908],[-68.4080,47.5362],[-68.3778,47.9283],[-68.1134,47.9283],[-68.1134,47.9975],[-67.6128,47.9975],[-67.3637,47.8392],[-66.3858,48.0751],[-65.7722,47.8829],[-65.6357,47.6222],[-65.0257,47.8495],[-65.0733,47.7798],[-64.8262,47.8154],[-64.7897,47.7713],[-64.8604,47.7525],[-64.6686,47.7321],[-64.8921,47.5615],[-64.9596,47.2942],[-65.3675,47.0877],[-64.7996,47.0816],[-64.9058,46.8868],[-64.7921,46.7247],[-64.8394,46.7168],[-64.8542,46.6763],[-64.7136,46.6871],[-64.7110,46.4804],[-64.6133,46.4192],[-64.7040,46.3275],[-64.5585,46.3691],[-64.5593,46.2237],[-64.2532,46.2344],[-63.7711,46.1152],[-64.0727,46.0599],[-64.0513,45.9768],[-64.2734,45.8356],[-64.3614,45.8850],[-64.4949,45.7210],[-64.5314,45.9022],[-64.5724,45.8856],[-64.7039,46.0621],[-64.7648,46.0872],[-64.5724,45.8607],[-64.6413,45.7241],[-65.7523,45.2443],[-65.9293,45.2130],[-66.1359,45.3126],[-66.0018,45.3985],[-66.0097,45.4643],[-66.1967,45.3338],[-66.0602,45.2580],[-66.2021,45.1594],[-66.2493,45.2046],[-66.3100,45.2048],[-66.2589,45.1617],[-66.4406,45.0799],[-66.4909,45.1556],[-66.8889,45.0606],[-66.8478,45.1283],[-66.9434,45.1897],[-67.0400,45.0756],[-67.1902,45.2331],[-67.1760,45.1786]]]}},{"type":"Feature","properties":{"name":"Yukon"},"geometry":{"type":"MultiLineString","coordinates":[[[-140.5337,60.2185],[-141.0011,60.3210],[-141.0055,69.6509],[-139.9179,69.6213],[-139.1437,69.5136],[-138.6026,69.2426],[-138.3570,69.3046],[-138.0955,69.1401],[-137.2237,68.9509],[-136.4448,68.9099],[-136.4447,67.7255],[-136.1573,67.5042],[-136.2009,67.4080],[-136.0951,67.2971],[-136.2374,67.1780],[-136.1673,67.0059],[-133.8310,67.0034],[-134.0911,66.9638],[-133.7700,66.8089],[-133.8341,66.7258],[-133.5919,66.5692],[-133.6924,66.5197],[-133.6293,66.4453],[-133.7596,66.4371],[-133.8190,66.3101],[-133.5643,66.2606],[-133.5671,66.1538],[-133.7046,66.0720],[-133.6084,66.0499],[-133.6117,65.9618],[-132.9554,66.0297],[-132.9072,66.0031],[-132.9938,65.9231],[-132.9020,65.9083],[-132.5827,66.0318],[-132.3347,65.9674],[-132.5694,65.8441],[-132.1725,65.5945],[-132.5544,65.2841],[-132.7813,65.2262],[-132.3344,65.0314],[-132.5074,64.9645],[-132.4812,64.8799],[-132.6153,64.8155],[-132.0537,64.6964],[-131.6817,64.5211],[-131.8186,64.3775],[-131.5989,64.3689],[-131.3844,64.4679],[-131.1456,64.4241],[-131.0034,64.3252],[-131.0605,64.2795],[-130.8726,64.1904],[-130.9419,64.1289],[-130.8625,64.0418],[-130.1144,63.8039],[-130.3179,63.7030],[-130.0945,63.6975],[-129.8228,63.4779],[-130.1500,63.2681],[-129.9053,63.1969],[-129.8446,63.0913],[-129.6138,63.0721],[-129.7732,62.8686],[-129.5169,62.6725],[-129.5519,62.5663],[-129.1716,62.4790],[-129.3046,62.4229],[-129.2157,62.3775],[-129.3093,62.3212],[-129.2017,62.2105],[-129.2876,62.1533],[-128.7790,62.0568],[-128.5465,62.1217],[-127.8068,61.6108],[-127.1457,61.4651],[-127.0072,61.1876],[-127.1000,61.0707],[-126.9365,61.0590],[-126.8339,60.7548],[-126.2885,60.7796],[-126.2012,60.8639],[-126.0141,60.8034],[-125.9013,60.8947],[-125.3641,60.7820],[-124.8918,60.8551],[-124.8057,60.9681],[-124.5986,60.9645],[-124.4787,60.7878],[-124.6197,60.6820],[-124.4164,60.4793],[-124.2161,60.4613],[-124.1956,60.3300],[-123.9808,60.0984],[-124.0255,60.0199],[-123.8191,60.0000],[-139.0602,60.0000],[-139.1821,60.0733],[-139.1016,60.3466],[-139.6798,60.3268],[-139.9677,60.1883],[-140.4478,60.2944],[-140.5337,60.2185]]]}},{"type":"Feature","properties":{"name":"Nunavut"},"geometry":{"type":"MultiLineString","coordinates":[[[-103.3635,68.0114],[-102.2189,67.6918],[-101.9805,67.7915],[-101.5294,67.6804],[-101.2349,67.7759],[-100.9193,67.7554],[-100.9072,67.8285],[-100.7073,67.8511],[-100.5904,67.7964],[-99.7678,67.8264],[-98.9364,67.6968],[-98.6826,67.8126],[-98.3633,67.7946],[-98.7270,67.9578],[-98.7338,68.0708],[-98.5845,68.0963],[-98.0828,67.7554],[-97.5579,67.5954],[-97.0611,67.6804],[-97.2262,67.7145],[-97.1208,67.7930],[-97.2495,67.9246],[-97.3635,67.8769],[-97.6757,68.0203],[-98.0015,67.9594],[-98.0950,67.8366],[-98.5899,68.1527],[-98.4561,68.1837],[-98.4114,68.0824],[-98.3155,68.1670],[-98.7133,68.3792],[-98.5147,68.3315],[-98.4595,68.3650],[-98.5259,68.4254],[-98.2131,68.3041],[-97.7476,68.3687],[-98.0104,68.4990],[-97.9796,68.5470],[-97.7054,68.5278],[-97.6358,68.4554],[-97.5293,68.4207],[-97.6209,68.4621],[-97.2603,68.4686],[-96.9934,68.3377],[-97.0806,68.2656],[-96.6900,68.2864],[-96.6209,68.1856],[-96.5920,68.2542],[-96.4037,68.3178],[-96.7950,68.0719],[-96.7645,68.0171],[-96.4448,68.0503],[-96.5484,68.0850],[-95.8967,68.2967],[-96.0816,68.1459],[-96.0244,68.1157],[-96.2167,67.8102],[-96.1818,67.6428],[-96.3439,67.6893],[-96.4652,67.4780],[-96.0959,67.4674],[-96.253,67.2477],[-96.1107,67.2218],[-95.5813,67.3848],[-95.5541,67.3241],[-95.8352,67.1658],[-95.5218,67.2195],[-95.4825,67.1413],[-95.4374,67.2006],[-95.3303,67.0103],[-95.4214,66.9492],[-95.9137,66.9478],[-95.9922,67.0088],[-95.9558,67.0745],[-96.1270,66.9569],[-96.2598,66.9914],[-96.2803,67.0702],[-96.4556,67.0597],[-95.8520,66.7581],[-95.7800,66.6624],[-95.8209,66.5911],[-95.6434,66.6692],[-95.6647,66.7414],[-95.7543,66.6830],[-95.9095,66.8192],[-96.0934,66.9202],[-95.3163,66.9002],[-95.2183,66.9740],[-95.3481,67.1526],[-95.1728,67.2786],[-95.4138,67.4566],[-95.3381,67.5522],[-95.7076,67.7333],[-95.5454,67.8082],[-95.5820,67.8995],[-95.4217,68.0199],[-95.4783,68.0634],[-94.7982,68.0380],[-94.2109,68.2694],[-94.1223,68.4223],[-93.3748,68.6387],[-93.7522,68.6121],[-93.5706,68.8440],[-93.6349,68.9621],[-93.9092,68.9956],[-93.8271,69.0692],[-94.0805,68.8522],[-93.8262,68.8793],[-94.0942,68.7628],[-94.6360,68.7560],[-94.5505,68.8907],[-94.6019,68.9683],[-94.4429,68.9441],[-94.0054,69.1601],[-94.3240,69.1558],[-94.2816,69.3221],[-93.5257,69.4413],[-93.8819,69.2494],[-93.8131,69.2700],[-93.8819,69.2290],[-93.8131,69.2221],[-93.8403,69.1686],[-93.3618,69.3729],[-93.5877,69.3661],[-93.4505,69.4896],[-94.3221,69.4529],[-94.6298,69.6877],[-94.8751,69.5716],[-95.6690,69.7884],[-95.9759,69.7862],[-96.2058,69.8658],[-96.0816,69.8795],[-96.1100,69.9565],[-96.4863,70.0969],[-96.5737,70.2344],[-96.5460,70.3405],[-96.3470,70.4141],[-96.2329,70.5711],[-95.7936,70.5380],[-96.0539,70.6070],[-95.8148,70.7155],[-96.1903,70.6247],[-96.6024,70.7913],[-96.4999,71.0451],[-96.3760,71.0941],[-96.5615,71.1270],[-96.3758,71.1605],[-96.5069,71.2778],[-96.1335,71.4141],[-95.5364,71.2960],[-95.5882,71.3604],[-95.4374,71.3803],[-95.5462,71.4277],[-95.3759,71.5106],[-95.8073,71.5106],[-95.9444,71.5522],[-95.9103,71.6068],[-95.2772,71.7243],[-95.2160,71.8295],[-94.7407,71.8292],[-94.6081,71.8676],[-95.1787,71.8471],[-95.2545,71.8792],[-95.2251,71.9495],[-94.5486,72.0021],[-94.3934,71.9393],[-94.6491,71.8197],[-94.5951,71.7434],[-94.4920,71.8259],[-94.3548,71.7986],[-94.4155,71.6654],[-94.2107,71.7923],[-93.7612,71.7792],[-93.7067,71.7155],[-93.8205,71.6553],[-92.9906,71.3571],[-92.8587,71.1586],[-92.9093,70.9278],[-92.8541,70.8596],[-93.0408,70.8623],[-92.6929,70.7746],[-92.6765,70.6814],[-92.4158,70.6677],[-92.3032,70.5733],[-92.2154,70.6162],[-92.1551,70.5790],[-92.2608,70.5486],[-92.1931,70.5100],[-92.2855,70.4896],[-91.9764,70.3667],[-92.0862,70.3046],[-91.9586,70.2577],[-91.8535,70.3046],[-91.8785,70.3647],[-91.7232,70.3557],[-91.6965,70.2022],[-91.5109,70.1613],[-91.9954,70.1230],[-92.2992,70.2569],[-92.3675,70.2364],[-92.2653,70.2065],[-92.4842,70.1812],[-92.3885,70.1470],[-92.5872,70.0788],[-91.9429,70.0241],[-92.8683,69.7019],[-92.5388,69.7088],[-92.9230,69.6740],[-92.3674,69.7087],[-92.0911,69.6259],[-92.2992,69.6467],[-92.1279,69.5580],[-91.7983,69.4896],[-91.4973,69.6610],[-91.1675,69.6557],[-91.0932,69.6405],[-91.5723,69.5232],[-90.6843,69.5388],[-90.3117,69.4543],[-90.7027,69.4543],[-90.5855,69.4208],[-90.7977,69.3661],[-90.8052,69.2563],[-91.0863,69.2700],[-90.9560,69.3593],[-91.1890,69.2904],[-91.4495,69.3593],[-90.6706,69.0882],[-90.7089,69.0071],[-90.6121,68.9874],[-90.6210,68.9163],[-90.4352,68.8789],[-90.5997,68.8039],[-90.4421,68.8311],[-90.5650,68.6257],[-90.4771,68.5344],[-90.6070,68.4439],[-90.3185,68.3792],[-90.4756,68.3377],[-90.3383,68.3520],[-90.2370,68.2321],[-90.1199,68.2626],[-90.1641,68.3151],[-89.8209,68.5445],[-89.9383,68.5879],[-89.9008,68.6604],[-89.7944,68.7150],[-89.7705,68.6257],[-89.7159,68.6461],[-89.7053,69.0202],[-89.1987,69.2780],[-88.9419,69.2335],[-88.0226,68.8086],[-87.7922,68.3312],[-87.9437,68.2008],[-88.1795,68.2453],[-88.1993,68.3833],[-88.3984,68.2907],[-88.2833,68.1260],[-88.3736,67.9758],[-88.1405,67.6707],[-87.3629,67.2671],[-87.5161,67.1187],[-87.3721,67.1801],[-87.2892,67.0976],[-87.2281,67.2280],[-87.1141,67.1789],[-87.0706,67.2633],[-86.9606,67.2552],[-87.0777,67.3576],[-86.5019,67.3793],[-86.4529,67.6059],[-86.5292,67.6872],[-86.1306,68.0160],[-85.9017,68.0543],[-85.8873,68.1926],[-85.7894,68.2216],[-85.8440,68.3240],[-85.6652,68.4544],[-85.7410,68.4785],[-85.7428,68.6248],[-85.6681,68.7269],[-85.4598,68.7560],[-85.5628,68.7840],[-84.7882,68.7355],[-84.8092,68.8140],[-85.1929,68.8693],[-85.0005,68.8858],[-85.1187,68.9635],[-84.7957,68.9373],[-84.9531,69.0185],[-84.5281,69.0236],[-85.1382,69.1266],[-85.0122,69.1804],[-85.2702,69.1378],[-85.2066,69.1880],[-85.4735,69.2768],[-85.4881,69.3263],[-85.3369,69.3184],[-85.5082,69.4077],[-85.3443,69.4413],[-85.5340,69.4633],[-85.4803,69.5641],[-85.3853,69.5641],[-85.5440,69.6535],[-85.4400,69.7119],[-85.5144,69.7702],[-85.3331,69.7913],[-85.5632,69.8581],[-85.0557,69.7770],[-84.8628,69.8616],[-84.3398,69.8596],[-83.7311,69.7089],[-82.2534,69.6405],[-82.6164,69.6467],[-82.5543,69.5995],[-82.7536,69.5778],[-82.5161,69.4937],[-83.2532,69.5580],[-83.2938,69.5399],[-82.2815,69.4194],[-82.2254,69.3935],[-82.3899,69.4003],[-82.1434,69.2979],[-82.2696,69.2382],[-81.7530,69.2678],[-81.3447,69.1948],[-81.2733,69.0918],[-82.0615,68.8789],[-81.3961,68.8727],[-81.2330,68.7739],[-81.2665,68.6387],[-81.6496,68.5082],[-81.8145,68.5300],[-81.9537,68.4306],[-82.2738,68.5369],[-82.1768,68.4881],[-82.6116,68.5302],[-82.4969,68.4639],[-82.6506,68.4339],[-82.3489,68.3377],[-82.5065,68.3178],[-82.4417,68.2840],[-82.2726,68.2915],[-82.3148,68.1465],[-82.1747,68.1249],[-81.9936,68.2150],[-82.1776,68.0093],[-82.1015,67.9103],[-81.2379,67.4605],[-81.5029,67.0010],[-81.9549,66.9767],[-82.1761,66.7808],[-82.1565,66.7139],[-82.3731,66.7276],[-82.5908,66.5708],[-82.9986,66.5551],[-83.3693,66.3502],[-83.5891,66.3571],[-83.6387,66.4355],[-83.5286,66.3969],[-83.6781,66.5253],[-83.9807,66.5923],[-84.0045,66.6970],[-83.8565,66.6867],[-83.9589,66.7481],[-83.8845,66.8170],[-83.9180,66.8859],[-84.1379,66.7122],[-84.4119,66.8073],[-84.2401,66.8375],[-84.5828,66.9815],[-84.3705,66.9740],[-84.9100,67.0618],[-84.8845,66.9945],[-84.6374,66.9815],[-85.2127,66.9194],[-85.1277,66.8375],[-84.9107,66.9014],[-84.9745,66.9291],[-84.6033,66.9399],[-84.7473,66.8996],[-84.3221,66.7760],[-84.4524,66.7208],[-84.1446,66.6867],[-84.2110,66.5945],[-83.9317,66.4601],[-83.8627,66.3167],[-83.6852,66.2137],[-83.8066,66.1631],[-83.8565,66.1585],[-83.7914,66.2137],[-83.9711,66.2040],[-84.1775,66.3191],[-84.3708,66.2836],[-84.5374,66.4052],[-84.6367,66.3438],[-84.3783,66.1730],[-85.1178,66.3303],[-85.2415,66.2700],[-85.3223,66.4795],[-85.4654,66.5744],[-85.7828,66.5000],[-86.7825,66.5222],[-86.6317,66.4402],[-86.8078,66.4462],[-86.6205,66.3143],[-85.8566,66.1628],[-85.9743,66.0355],[-86.4262,65.8983],[-86.5497,65.6724],[-87.3807,65.3296],[-88.0638,65.3594],[-88.8314,65.6452],[-88.4136,65.6315],[-89.1093,65.7284],[-89.6879,65.9468],[-90.0038,65.9468],[-89.7670,65.8926],[-89.7705,65.8226],[-90.4352,65.8847],[-90.2369,65.9268],[-91.4973,65.9468],[-91.0316,65.8083],[-91.1076,65.9230],[-89.9581,65.7942],[-89.4681,65.6059],[-89.0398,65.3281],[-87.3727,65.2752],[-87.0469,65.2379],[-86.9382,65.1419],[-87.3002,64.7643],[-87.4964,64.7432],[-87.5776,64.5695],[-87.8098,64.5160],[-87.8995,64.3330],[-88.0417,64.2573],[-87.9816,64.1915],[-88.1126,64.1408],[-88.7346,63.9723],[-89.0027,63.9934],[-89.2523,64.1589],[-89.2906,64.1369],[-89.0493,63.9463],[-89.5455,64.0797],[-89.4825,63.9525],[-89.7068,64.0316],[-89.8257,64.1095],[-89.7363,64.1477],[-89.7863,64.2502],[-89.8871,64.2057],[-89.8323,64.1414],[-90.1274,64.1300],[-89.9321,64.1174],[-89.8530,64.0276],[-89.9139,64.0009],[-89.8133,63.9460],[-90.2776,64.0071],[-89.9658,63.8133],[-90.1199,63.7812],[-90.0615,63.7434],[-90.2205,63.6132],[-90.6481,63.7055],[-90.7027,63.6645],[-90.5445,63.6099],[-90.9101,63.5692],[-91.7005,63.7802],[-91.9907,63.7812],[-91.8882,63.8091],[-92.3737,63.7791],[-92.5062,63.831],[-92.7510,63.8631],[-92.7862,63.9009],[-93.4481,64.0231],[-93.6349,64.1648],[-93.7795,64.1915],[-93.5555,64.0336],[-93.7659,63.9934],[-93.6472,63.8814],[-93.2171,63.8427],[-93.4505,63.9320],[-93.4006,63.9773],[-92.0999,63.6992],[-92.5456,63.5547],[-92.4674,63.5283],[-91.7784,63.7144],[-91.3909,63.4877],[-90.7847,63.3976],[-90.9764,63.4243],[-90.6891,63.3566],[-90.7506,63.3213],[-90.7300,63.1847],[-90.6264,63.0612],[-90.7838,62.9450],[-91.0311,62.9514],[-91.3942,62.7868],[-92.1347,62.8768],[-92.0988,62.8039],[-92.4527,62.8249],[-92.2241,62.6919],[-92.2777,62.6787],[-91.8880,62.6204],[-91.9834,62.5316],[-92.1756,62.5473],[-92.1832,62.6125],[-92.4289,62.5410],[-92.6185,62.6225],[-92.5592,62.4927],[-92.5006,62.5131],[-92.5319,62.4448],[-92.7049,62.4688],[-92.6827,62.3766],[-92.8273,62.3555],[-92.6197,62.3228],[-92.6356,62.2599],[-92.4705,62.1500],[-92.7442,62.2940],[-93.2520,62.3698],[-92.7647,62.2183],[-93.1152,62.1597],[-92.9297,62.1165],[-93.1614,62.0475],[-93.1701,61.9855],[-93.4164,62.0340],[-93.2171,61.9583],[-93.3885,61.9514],[-93.2792,61.8968],[-93.6170,61.9523],[-93.4915,61.8893],[-93.6135,61.8610],[-93.2645,61.7444],[-93.4717,61.7665],[-93.3133,61.7323],[-93.8335,61.5746],[-93.9849,61.4579],[-93.8335,61.3283],[-94.1147,61.3283],[-93.9986,61.2245],[-94.1010,61.1631],[-93.9862,61.1006],[-94.3515,60.8581],[-94.5200,60.5468],[-94.8006,60.4983],[-94.6155,60.3922],[-94.8031,60.0000],[-102.0015,60.0000],[-101.9990,64.2273],[-108.9728,64.7781],[-109.5163,64.9018],[-110.6694,65.4961],[-112.5038,65.5012],[-120.6696,67.9969],[-120.6808,69.5566],[-120.0858,69.3635],[-118.6663,69.2254],[-118.0408,69.0246],[-117.1653,68.8939],[-116.9736,68.9462],[-115.9711,68.8092],[-116.3179,68.9683],[-115.5672,68.9718],[-114.5225,68.7172],[-114.0799,68.4944],[-114.1108,68.4134],[-113.9053,68.3998],[-114.0567,68.3041],[-114.0354,68.2411],[-114.9415,68.2913],[-114.7551,68.1943],[-115.2416,68.1869],[-115.1795,68.1418],[-115.2491,68.0429],[-115.1119,68.0161],[-115.5433,67.9234],[-115.1182,67.8039],[-113.8587,67.6962],[-112.4210,67.6824],[-112.0277,67.7486],[-111.8854,67.6852],[-111.9315,67.7486],[-111.5456,67.7213],[-111.1673,67.8460],[-111.2122,67.7623],[-111.0189,67.7681],[-110.3426,67.9684],[-110.1581,67.9184],[-110.1778,67.9988],[-110.0596,68.0050],[-109.9711,67.9672],[-109.9669,67.8338],[-109.8320,67.8736],[-109.6226,67.7418],[-109.7167,67.7191],[-109.5184,67.6913],[-109.4058,67.7697],[-109.0670,67.7201],[-108.9294,67.5318],[-109.0130,67.4613],[-108.8241,67.3571],[-108.7307,67.6157],[-108.6398,67.6294],[-108.4712,67.3514],[-108.3702,67.4475],[-107.9925,67.2824],[-107.8853,67.0482],[-108.2149,67.0274],[-108.6220,67.1528],[-108.5183,67.0371],[-108.1194,66.9393],[-108.1360,66.8600],[-108.2316,66.8511],[-107.9952,66.8322],[-107.8889,66.6697],[-107.8577,66.7600],[-107.2415,66.3485],[-107.7996,66.7686],[-107.6898,66.7686],[-107.7658,66.9963],[-107.6079,66.9740],[-107.6429,67.0770],[-107.4843,66.9194],[-107.6972,66.9535],[-107.5629,66.8395],[-107.4092,66.8170],[-107.4843,66.8859],[-107.3956,66.8921],[-107.4010,66.9743],[-107.0877,66.8307],[-107.4033,67.0411],[-107.2031,67.1249],[-107.5270,67.2123],[-107.7164,67.4046],[-107.5858,67.5011],[-108.0057,67.7096],[-107.9416,67.8543],[-107.6593,67.9467],[-107.9095,67.9951],[-107.8795,68.0930],[-107.6972,68.0776],[-107.8139,68.0571],[-107.7381,68.0429],[-107.8343,68.0094],[-107.7740,67.9885],[-107.1466,68.1318],[-106.7581,68.1049],[-106.8133,68.2079],[-106.6448,68.1732],[-106.6315,68.2495],[-106.4434,68.1527],[-106.3465,68.1869],[-106.4841,68.2286],[-106.4456,68.3512],[-105.7271,68.4265],[-105.6975,68.4888],[-105.7786,68.5506],[-105.6483,68.6387],[-106.5533,68.5158],[-106.4223,68.5158],[-106.6352,68.4686],[-106.4879,68.4074],[-106.5527,68.2967],[-106.7867,68.4149],[-107.1551,68.2700],[-107.5465,68.3517],[-107.8269,68.3445],[-107.8890,68.2694],[-107.6146,68.1670],[-108.3892,68.1110],[-108.4339,68.1561],[-108.3278,68.2045],[-108.4575,68.1869],[-108.4166,68.3041],[-108.8070,68.2626],[-108.3471,68.6000],[-107.2925,68.7014],[-106.1974,68.9444],[-105.7964,68.8827],[-105.4695,68.7219],[-105.5391,68.6500],[-105.3241,68.4824],[-105.5439,68.4138],[-105.3330,68.4134],[-105.0392,68.2591],[-105.0860,68.3103],[-104.8941,68.3513],[-104.8421,68.2918],[-104.9351,68.2359],[-104.6019,68.2353],[-104.6756,68.1397],[-104.4838,68.0339],[-103.7925,68.0262],[-103.4148,68.1693],[-103.3387,68.1118],[-103.3635,68.0114]],[[-95.2149,68.8622],[-95.5303,68.6784],[-95.5950,68.7560],[-95.7778,68.7413],[-95.8421,68.6195],[-96.5204,68.4475],[-97.1019,68.5898],[-97.1592,68.5181],[-97.4644,68.5352],[-97.7885,68.6604],[-98.1192,68.6749],[-98.3637,68.8575],[-98.5223,68.7503],[-98.8633,68.8344],[-98.8197,68.9277],[-98.9699,68.9547],[-99.1922,68.8297],[-99.5972,69.0266],[-99.4612,69.1345],[-99.0067,69.1390],[-98.7127,69.2021],[-98.6532,69.3010],[-98.4095,69.3078],[-98.6113,69.4491],[-98.4185,69.4760],[-98.5905,69.5202],[-98.5494,69.5851],[-98.0238,69.4346],[-98.3701,69.6057],[-98.2838,69.7571],[-97.9251,69.8959],[-97.3422,69.7088],[-97.4931,69.6740],[-97.3907,69.6001],[-97.2840,69.6969],[-96.8934,69.4977],[-96.2197,69.3139],[-96.2255,69.0544],[-96.1234,69.0333],[-96.1547,69.1642],[-96.0482,69.2297],[-95.8281,68.8758],[-95.2149,68.8622]],[[-110.0036,72.7104],[-109.7734,72.7167],[-110.0036,72.7554],[-110.0036,72.9850],[-109.6226,72.9159],[-109.7523,72.8811],[-109.4041,72.7520],[-109.1832,72.7670],[-108.9460,72.6737],[-109.0472,72.5733],[-108.6334,72.5655],[-108.5896,72.5038],[-108.6630,72.3610],[-108.5401,72.1487],[-108.4024,72.1487],[-108.4166,71.9904],[-108.2931,71.9762],[-108.3409,71.9358],[-108.1915,71.9629],[-108.2943,71.8814],[-108.2869,71.7987],[-108.1703,71.7540],[-108.2459,71.7229],[-107.8325,71.6082],[-107.7245,71.6348],[-107.8330,71.6791],[-107.8011,71.7343],[-107.2515,71.8061],[-107.4724,71.8702],[-107.2515,71.9016],[-107.7791,72.1413],[-107.8648,72.2958],[-107.7177,72.3026],[-107.8718,72.4348],[-107.786,72.4634],[-107.9852,72.5180],[-107.8753,72.5733],[-108.0131,72.6205],[-107.9579,72.6422],[-108.0836,72.7600],[-108.1360,72.9848],[-108.2346,73.0429],[-108.1565,73.0524],[-108.2983,73.1337],[-108.1649,73.2061],[-107.8679,73.1896],[-108.1565,73.3063],[-107.6620,73.3284],[-107.0732,73.1780],[-107.0113,73.1970],[-107.1287,73.2442],[-107.0877,73.2858],[-106.8734,73.3155],[-106.2339,73.0872],[-105.8500,73.0599],[-105.3671,72.7924],[-105.3187,72.7377],[-105.5105,72.7787],[-105.2896,72.6544],[-105.3187,72.5590],[-105.1958,72.4839],[-105.3050,72.4566],[-104.9662,72.1935],[-105.0245,72.0729],[-104.3653,71.5772],[-104.4075,71.5106],[-104.2813,71.3502],[-104.4869,71.3476],[-104.4405,71.2490],[-104.6478,71.1196],[-104.5911,71.0731],[-104.2025,70.9552],[-103.9981,70.7619],[-103.5718,70.6055],[-102.9278,70.4990],[-103.1252,70.5760],[-103.1612,70.6609],[-103.0869,70.6774],[-102.8597,70.5965],[-102.8510,70.5163],[-102.1922,70.3334],[-101.5949,70.2773],[-101.6474,70.2044],[-101.5294,70.1128],[-101.0222,70.1862],[-100.8782,69.7829],[-100.9643,69.6644],[-101.2947,69.6704],[-101.4301,69.7668],[-101.4573,69.9061],[-101.6734,69.6467],[-102.2249,69.9204],[-102.3359,69.7670],[-102.3953,69.8176],[-102.6725,69.7694],[-102.4871,69.6906],[-102.5702,69.5487],[-103.4896,69.6945],[-103.5100,69.6194],[-103.2207,69.5554],[-103.1255,69.4398],[-103.0851,69.5232],[-103.0166,69.4822],[-103.0235,69.2802],[-103.2084,69.2011],[-103.1980,69.1203],[-102.8429,69.3847],[-102.2825,69.5036],[-101.9390,69.4206],[-102.1731,69.3525],[-102.0378,69.2880],[-102.2215,69.2290],[-102.0898,69.1824],[-101.9274,69.2615],[-101.7560,69.1601],[-101.8467,68.9883],[-102.4071,68.9547],[-102.5230,68.8655],[-102.7491,68.8994],[-102.7140,68.8397],[-102.9658,68.7986],[-104.0997,68.8584],[-104.2642,68.9479],[-104.5936,68.8644],[-105.1230,68.8964],[-105.2778,68.9547],[-104.9184,69.0751],[-106.4120,69.1880],[-106.2742,69.2880],[-106.3175,69.4013],[-106.5838,69.5036],[-106.7513,69.3798],[-106.9634,69.3627],[-106.9373,69.2156],[-107.3348,69.0255],[-108.5394,68.9469],[-108.5648,68.8759],[-109.0285,68.7267],[-110.3760,68.5763],[-111.4182,68.5785],[-111.2053,68.5506],[-111.2510,68.5196],[-113.2440,68.4544],[-113.2980,68.4910],[-113.0391,68.4949],[-113.3504,68.5915],[-113.6681,68.8153],[-113.6192,68.8454],[-113.6721,68.9098],[-113.5718,68.9651],[-113.6378,69.0297],[-113.5497,69.0440],[-113.6931,69.1948],[-113.5411,69.1907],[-114.2547,69.2836],[-115.9748,69.3001],[-116.5276,69.4138],[-116.6326,69.4618],[-116.5576,69.4959],[-116.6196,69.5716],[-116.9056,69.5925],[-116.6347,69.6299],[-117.1436,69.8879],[-117.1236,70.0011],[-112.8987,70.0000],[-112.8748,69.8323],[-112.6499,69.8334],[-112.3954,69.8745],[-112.6591,69.9022],[-112.4997,69.9105],[-112.4999,70.0000],[-109.9999,70.0000],[-110.0036,72.4581],[-109.7802,72.4361],[-110.0037,72.4965],[-109.7877,72.5043],[-110.0036,72.6273],[-110.0036,72.7104]],[[-72.9489,66.7345],[-73.0058,66.8176],[-72.8034,67.0429],[-72.3509,67.1194],[-72.1933,67.2757],[-72.3698,67.3307],[-72.5080,67.5022],[-72.4260,67.5432],[-72.4820,67.6175],[-72.6629,67.6848],[-72.6082,67.7862],[-72.9440,67.9322],[-72.8990,68.0230],[-72.9946,68.2359],[-73.4949,68.2769],[-73.2137,68.3792],[-73.2791,68.3997],[-73.6190,68.2495],[-73.6879,68.2769],[-73.5842,68.3041],[-73.8444,68.3495],[-73.9473,68.4134],[-73.7386,68.5192],[-73.8170,68.5711],[-73.7215,68.6157],[-73.8245,68.6195],[-73.7077,68.6604],[-73.7556,68.6872],[-74.1875,68.7293],[-73.8852,68.5548],[-74.2200,68.5158],[-74.7207,68.7355],[-74.5744,68.8418],[-74.9827,68.8112],[-74.6848,68.8798],[-74.7031,68.9375],[-75.0441,68.9069],[-74.8449,68.9403],[-75.0441,68.9342],[-74.8592,68.9683],[-75.0236,68.9547],[-74.9406,68.9977],[-74.6400,69.0236],[-74.8090,69.0833],[-75.0515,69.0093],[-75.1160,68.8929],[-75.4863,69.0220],[-75.5704,68.9865],[-75.4966,68.9342],[-75.6065,68.8858],[-76.6249,68.6823],[-76.6731,68.7658],[-76.5338,68.8814],[-76.6446,68.9169],[-76.6381,69.0159],[-75.9898,69.0108],[-75.6209,69.0879],[-75.5955,69.2290],[-75.9621,69.3734],[-76.3913,69.4053],[-76.6295,69.5459],[-76.4695,69.6576],[-76.1818,69.6678],[-76.6220,69.6886],[-76.5170,69.6678],[-76.7029,69.5650],[-77.2028,69.6467],[-76.7947,69.7224],[-76.9012,69.7770],[-76.7767,69.8360],[-77.3128,69.8419],[-76.9763,69.9422],[-77.6342,69.8248],[-77.4424,69.7907],[-77.6143,69.7429],[-77.6826,69.8248],[-77.7039,70.2012],[-77.8915,70.2637],[-78.4082,70.2158],[-78.5392,70.3121],[-78.3884,70.3388],[-78.5816,70.3144],[-78.7447,70.4561],[-78.8917,70.4797],[-78.8970,70.4168],[-79.1009,70.5033],[-78.8817,70.6007],[-78.7817,70.5563],[-78.7173,70.5517],[-78.8399,70.6356],[-79.1554,70.6317],[-79.0032,70.6185],[-79.2133,70.4208],[-79.3467,70.4487],[-79.2306,70.5585],[-79.5912,70.4113],[-78.9253,70.3020],[-78.6651,70.0138],[-78.7999,69.8795],[-79.6808,69.8485],[-79.9060,69.9831],[-81.7624,70.1228],[-81.1932,70.0008],[-80.7703,69.7822],[-80.9512,69.7150],[-81.5675,69.9695],[-83.0479,70.3121],[-81.7115,69.9347],[-82.1383,69.7859],[-83.0516,70.0104],[-83.6728,69.9463],[-84.6947,70.0065],[-84.8338,70.0359],[-84.8117,70.1187],[-85.8748,70.0719],[-85.2346,69.9962],[-85.7829,69.9951],[-86.5498,70.2364],[-86.5908,70.3667],[-86.2969,70.4774],[-86.3709,70.5265],[-86.6637,70.3801],[-86.6392,70.3251],[-86.8834,70.3356],[-86.7416,70.3871],[-86.9018,70.3850],[-86.9745,70.4727],[-87.2487,70.3941],[-87.0097,70.3744],[-86.9744,70.2904],[-87.7797,70.3319],[-87.6118,70.2842],[-87.8525,70.2379],[-88.2629,70.3319],[-87.9040,70.3287],[-88.9072,70.5448],[-89.4490,70.9080],[-89.1884,70.9625],[-89.5577,71.0929],[-87.8930,70.9352],[-87.0023,70.9967],[-87.7490,71.1407],[-87.8641,71.2748],[-88.0811,71.2096],[-89.8531,71.3393],[-90.0039,71.4560],[-89.9592,71.5348],[-90.0449,71.5966],[-89.7979,71.7645],[-90.1186,71.9288],[-89.9965,71.9904],[-89.9925,72.0716],[-89.5781,72.1624],[-89.9009,72.1897],[-89.9506,72.3337],[-89.8330,72.4029],[-89.9129,72.4259],[-89.7875,72.4242],[-89.8876,72.4490],[-89.7906,72.4746],[-89.7350,72.6212],[-89.4683,72.6688],[-89.5669,72.7001],[-89.5781,72.7924],[-89.2765,72.7582],[-89.4136,72.8308],[-89.2980,72.9207],[-89.3606,72.9801],[-89.2149,73.0132],[-89.3118,73.0524],[-89.1475,73.1862],[-88.8867,73.2169],[-89.0512,73.2516],[-88.6192,73.2858],[-88.8594,73.3336],[-88.6874,73.4230],[-87.7644,73.7167],[-87.1341,73.8027],[-85.1057,73.8119],[-84.8367,73.7451],[-86.0303,73.3024],[-86.7375,72.7309],[-86.2420,72.4225],[-86.4324,72.2768],[-86.4081,72.0058],[-86.1110,71.7843],[-85.4969,71.5143],[-84.9476,71.4233],[-84.8376,71.2865],[-85.1931,71.2993],[-85.4715,71.2297],[-85.4061,71.1969],[-85.9453,71.1808],[-86.8235,70.9905],[-84.9726,71.1961],[-84.8568,71.1597],[-84.8776,71.0724],[-84.9822,71.1078],[-85.1452,71.0861],[-84.9596,71.0786],[-84.9679,70.9239],[-84.7991,70.9278],[-84.7971,71.1848],[-84.6647,71.2233],[-84.7986,71.2876],[-84.7613,71.4076],[-84.5282,71.4731],[-84.6449,71.5842],[-84.6223,71.6658],[-85.2578,71.6683],[-85.5834,71.7918],[-85.4378,71.8147],[-85.5555,71.9016],[-86.0213,71.9841],[-86.0506,72.0145],[-85.4977,72.0799],[-85.5424,72.1276],[-85.3985,72.1344],[-85.5083,72.1754],[-85.5424,72.2368],[-85.4189,72.2170],[-85.4764,72.2662],[-84.8620,72.2197],[-84.2713,72.0246],[-84.2066,71.9385],[-84.1645,72.0246],[-84.9391,72.2921],[-84.4320,72.3815],[-84.8731,72.3736],[-84.7801,72.4616],[-85.1319,72.3539],[-85.5145,72.4634],[-85.6182,72.5453],[-85.4735,72.5795],[-85.7063,72.6384],[-85.6820,72.8936],[-85.5706,72.9723],[-85.3179,72.9630],[-83.9528,72.7582],[-85.1180,73.0331],[-85.5356,73.0257],[-85.4635,73.1118],[-85.1247,73.0524],[-85.2271,73.1312],[-85.1754,73.1489],[-83.6375,72.9848],[-85.1929,73.2312],[-85.1133,73.3218],[-84.7972,73.3909],[-84.3426,73.2312],[-84.6580,73.3950],[-84.1822,73.4776],[-83.7809,73.4361],[-83.6051,73.3015],[-83.6652,73.4561],[-84.0075,73.5049],[-82.8311,73.7367],[-81.5283,73.7162],[-81.2290,73.5397],[-81.1875,73.2645],[-80.6197,73.1601],[-80.5498,73.0947],[-80.6403,72.9279],[-80.2454,72.7377],[-81.3826,72.2443],[-80.5062,72.4976],[-80.5124,72.3815],[-80.9717,72.2033],[-80.5668,72.0822],[-81.0263,72.0934],[-81.0877,72.0525],[-80.8004,72.0177],[-80.9853,71.8880],[-80.3966,72.0501],[-80.3653,72.1109],[-80.4828,72.1807],[-80.2381,72.2096],[-80.3069,72.2573],[-80.2452,72.2998],[-80.0053,72.1828],[-79.6763,72.1276],[-80.1697,72.3263],[-79.8188,72.5064],[-79.5938,72.3405],[-79.7680,72.2223],[-79.5456,72.2750],[-79.4503,72.1959],[-79.5459,72.2921],[-79.3316,72.4022],[-78.9572,72.2831],[-79.0388,72.0729],[-79.2306,71.9762],[-78.5044,71.8744],[-78.9144,72.0141],[-78.8304,72.1726],[-78.5044,72.1003],[-78.2089,71.8237],[-77.9086,71.7713],[-78.3083,71.9498],[-78.1535,71.9723],[-77.7476,71.7516],[-77.6963,71.8123],[-78.1248,71.9767],[-78.2945,71.9765],[-78.4290,72.1198],[-78.8750,72.2306],[-78.7509,72.2853],[-78.8047,72.3380],[-78.6043,72.3578],[-78.4275,72.1794],[-78.4709,72.3188],[-78.4088,72.3290],[-77.6913,72.2166],[-77.6609,72.1003],[-77.5895,72.1832],[-76.9974,72.1344],[-78.5547,72.4448],[-78.4274,72.5937],[-77.6010,72.7558],[-76.7835,72.7294],[-76.6519,72.6387],[-76.1695,72.5911],[-76.1029,72.4796],[-75.9398,72.5922],[-75.1983,72.4976],[-74.9417,72.2573],[-75.2459,72.1284],[-75.6391,72.1450],[-76.0287,72.0886],[-76.4146,71.8607],[-76.0050,72.0593],[-75.6577,72.1243],[-75.2222,72.0692],[-75.5853,72.0040],[-75.8045,71.7577],[-76.0999,71.6962],[-75.8664,71.7079],[-75.6713,71.8167],[-75.5506,71.9835],[-75.1960,72.0242],[-75.0631,72.1282],[-74.2422,72.0799],[-74.1180,71.9672],[-74.2149,71.8371],[-75.3517,71.7001],[-74.9397,71.6616],[-75.4140,71.5249],[-74.6494,71.6788],[-74.7322,71.5829],[-75.0196,71.5427],[-75.1533,71.4697],[-74.8436,71.5232],[-74.9280,71.4560],[-74.7046,71.3949],[-75.0987,71.1953],[-75.0458,71.1872],[-74.6309,71.3902],[-74.7425,71.5141],[-74.5226,71.6625],[-74.1083,71.7378],[-74.2494,71.6087],[-74.1459,71.5386],[-74.2167,71.6209],[-73.9960,71.7542],[-73.6209,71.7725],[-73.9753,71.5454],[-73.9961,71.4618],[-74.1023,71.4660],[-74.3179,71.4151],[-74.0299,71.4423],[-74.0720,71.3373],[-74.1813,71.3126],[-74.0965,71.2827],[-74.2422,71.2028],[-74.0028,71.3263],[-73.8661,71.5353],[-73.5637,71.5584],[-73.6389,71.3605],[-73.4614,71.4418],[-73.3788,71.3871],[-73.6615,71.2667],[-73.7475,71.0897],[-73.8996,71.0594],[-73.6941,71.0861],[-73.6221,71.2332],[-73.4409,71.3468],[-73.0498,71.2704],[-73.2764,71.2233],[-73.2901,71.0997],[-73.4545,71.0315],[-73.3788,70.9831],[-73.3998,71.0451],[-73.2874,71.0716],[-73.1690,71.2272],[-72.9953,71.2542],[-72.9946,71.4076],[-72.7550,71.4356],[-72.8375,71.5106],[-72.6389,71.5454],[-72.5494,71.6651],[-71.5443,71.5051],[-71.1170,71.2704],[-71.4705,71.0656],[-72.0451,71.0847],[-72.3562,70.8787],[-72.7761,70.8180],[-72.1653,70.8397],[-72.3646,70.6889],[-72.6247,70.6336],[-72.5706,70.6131],[-72.3277,70.6748],[-72.2105,70.7646],[-71.5906,70.8732],[-71.1743,70.8571],[-71.2890,70.9080],[-71.2018,71.0069],[-70.8616,71.1090],[-70.6214,71.0693],[-70.5211,70.9142],[-70.8055,70.7243],[-71.2122,70.5818],[-71.5763,70.6131],[-71.7479,70.4488],[-71.9673,70.4213],[-71.7298,70.4254],[-71.8237,70.2936],[-71.5148,70.5790],[-71.1688,70.5351],[-71.3231,70.3183],[-71.2746,70.2699],[-71.5422,70.0241],[-71.2479,70.2221],[-71.0698,70.5176],[-70.9872,70.5312],[-71.0562,70.5517],[-70.9853,70.6336],[-69.9149,70.8798],[-69.7744,70.8561],[-69.9565,70.7345],[-70.4486,70.6351],[-70.4010,70.5275],[-70.4944,70.4828],[-70.3095,70.5033],[-70.3936,70.6146],[-70.0408,70.5966],[-69.4734,70.7913],[-68.3622,70.5842],[-68.2805,70.5176],[-68.4586,70.3729],[-68.5912,70.4669],[-68.7200,70.3223],[-69.8083,70.1666],[-70.1799,70.0204],[-69.9509,70.0592],[-69.8322,69.9831],[-70.1443,69.9695],[-70.4727,69.8454],[-69.7584,69.9728],[-69.8018,70.0682],[-69.6831,70.1395],[-69.0135,70.1886],[-69.1001,70.2201],[-68.7065,70.2094],[-68.6436,70.1470],[-69.4081,69.8292],[-69.7881,69.8323],[-69.9911,69.6774],[-69.9820,69.6178],[-69.7468,69.8043],[-69.3906,69.7838],[-69.1028,69.9204],[-68.6491,69.9428],[-68.5649,70.0534],[-68.1911,70.1266],[-68.3487,70.1886],[-68.1569,70.3183],[-67.8085,70.2637],[-67.2253,69.9483],[-67.1154,69.7286],[-68.0130,69.7760],[-68.3491,69.6331],[-70.0215,69.5368],[-69.2905,69.5087],[-68.5874,69.5910],[-68.0051,69.4619],[-67.2276,69.4643],[-66.7880,69.3400],[-66.6493,69.2221],[-66.7422,69.1368],[-67.6780,69.1771],[-68.1979,69.3109],[-69.0135,69.3593],[-69.2605,69.2768],[-68.9524,69.3389],[-68.0825,69.2196],[-68.9640,69.2234],[-68.5070,69.2011],[-69.0698,69.1137],[-68.9247,69.1055],[-69.0182,68.9684],[-68.8640,69.0916],[-68.3733,69.1795],[-67.7044,69.0236],[-68.5512,68.9840],[-68.0402,68.9479],[-68.0886,68.9069],[-67.9990,68.8559],[-68.4927,68.8994],[-67.7733,68.7840],[-68.5825,68.8499],[-68.4927,68.7970],[-68.6195,68.7862],[-69.3020,68.8827],[-69.3977,68.8584],[-68.9595,68.7970],[-68.9734,68.7424],[-68.0477,68.6872],[-68.1706,68.6741],[-68.1056,68.6301],[-68.6439,68.6653],[-68.9042,68.6052],[-67.9334,68.5600],[-67.9583,68.3998],[-67.8589,68.5502],[-67.6641,68.5646],[-67.4922,68.5300],[-67.6299,68.4931],[-67.6062,68.3841],[-67.5485,68.4922],[-67.1905,68.4339],[-67.3414,68.4134],[-67.1247,68.4133],[-67.1290,68.4823],[-66.6635,68.4408],[-67.0224,68.3615],[-67.4031,68.3969],[-67.7938,68.3377],[-67.8761,68.2833],[-67.5269,68.3445],[-67.6822,68.2415],[-67.4035,68.3551],[-67.0325,68.3266],[-67.2389,68.2967],[-67.3850,68.1542],[-67.6021,68.1670],[-67.3797,68.1288],[-67.2936,68.2421],[-67.0652,68.2961],[-66.7881,68.2494],[-66.9714,68.0366],[-66.6931,68.1454],[-66.7387,67.9889],[-66.5814,68.1483],[-66.3135,68.1291],[-66.4780,68.0776],[-66.2483,68.0851],[-66.1831,68.0161],[-66.3278,67.9752],[-66.4136,67.8691],[-66.7455,67.8790],[-66.3886,67.7814],[-66.2794,67.9610],[-65.9557,68.0423],[-65.9281,68.1647],[-65.8548,68.081],[-66.0323,67.9610],[-65.9442,67.8995],[-66.0117,67.6366],[-65.9593,67.8173],[-65.7705,67.8976],[-65.8096,67.9749],[-65.4518,67.9986],[-65.6144,67.7894],[-65.3611,67.5978],[-65.3803,67.7186],[-65.5495,67.7930],[-65.4194,67.9137],[-65.0250,68.0571],[-64.7497,68.0007],[-65.0665,67.9342],[-64.9430,67.9137],[-65.1087,67.8666],[-65.1491,67.7964],[-65.0119,67.7930],[-65.1640,67.7355],[-65.1948,67.6437],[-64.9131,67.7942],[-64.8161,67.7828],[-64.8263,67.6941],[-64.7587,67.8244],[-64.5034,67.8065],[-64.3676,67.7589],[-64.6414,67.6667],[-64.3124,67.7350],[-64.2073,67.6542],[-64.2851,67.6251],[-64.0762,67.6178],[-64.1029,67.5508],[-64.0419,67.5365],[-64.4434,67.4811],[-63.9971,67.4538],[-63.9415,67.3610],[-64.0045,67.331],[-63.9083,67.3068],[-64.7996,67.3514],[-64.2305,67.2962],[-64.8195,67.2068],[-64.7726,67.1983],[-63.9629,67.2757],[-64.6091,67.1402],[-64.7003,67.0088],[-64.4965,67.1386],[-63.8884,67.2416],[-63.4490,67.2279],[-63.5390,67.1111],[-63.7680,67.0259],[-63.8004,66.9929],[-63.7711,66.9603],[-63.1636,67.3375],[-62.9769,67.2218],[-63.2808,67.1108],[-63.2367,66.9740],[-63.5506,66.9068],[-63.6145,66.8298],[-63.8196,66.8170],[-63.5280,66.8181],[-63.4424,66.9108],[-63.4284,66.7078],[-63.3490,66.8906],[-62.8653,66.9691],[-62.8227,66.8014],[-62.9016,66.6382],[-62.7501,66.7880],[-62.7470,66.9430],[-62.5552,66.9384],[-62.3113,66.7276],[-62.4250,66.9282],[-62.2840,66.9461],[-62.2711,67.0471],[-62.0900,67.0597],[-62.0040,67.0368],[-62.1059,66.9194],[-61.7536,66.9512],[-62.0082,66.8800],[-61.6055,66.8716],[-61.7297,66.8307],[-61.5059,66.8049],[-61.2675,66.6315],[-61.4382,66.5465],[-61.9992,66.6988],[-62.1884,66.6320],[-61.8215,66.6286],[-61.5820,66.4778],[-61.9898,66.4123],[-61.4622,66.3714],[-61.5646,66.3440],[-61.9345,66.2894],[-62.6266,66.4402],[-62.7160,66.4123],[-62.4989,66.4081],[-62.3187,66.3031],[-62.6642,66.2196],[-62.8941,66.3372],[-62.6990,66.1981],[-62.1059,66.1448],[-62.1703,66.1207],[-62.0103,66.0759],[-62.1133,66.0560],[-61.9542,66.0197],[-62.3187,65.9809],[-62.4108,66.0230],[-62.7852,66.0376],[-62.9236,66.1511],[-63.0655,66.1243],[-62.9282,66.1243],[-62.8228,66.0219],[-62.4289,65.9787],[-62.3870,65.9325],[-62.4560,65.9257],[-62.2914,65.8226],[-62.6446,65.8107],[-62.8707,65.9081],[-62.5717,65.7626],[-62.8463,65.7687],[-62.5980,65.6748],[-62.6571,65.5887],[-62.8196,65.6104],[-62.9321,65.7605],[-62.8965,65.6408],[-62.9596,65.5899],[-63.1961,65.6337],[-63.5100,65.9365],[-63.3466,65.6725],[-63.7214,65.6792],[-63.3665,65.6334],[-63.3666,65.5383],[-63.6203,65.5489],[-63.2913,65.4323],[-63.6551,65.4670],[-63.3876,65.3981],[-63.5241,65.3850],[-63.3398,65.3025],[-63.4558,65.2411],[-63.3133,65.2097],[-63.5179,65.1926],[-63.3398,65.1449],[-63.5350,64.8985],[-63.6551,64.9183],[-63.6127,65.0028],[-63.8257,64.9866],[-63.6551,65.0418],[-63.8709,65.0445],[-63.8090,65.1858],[-64.1097,65.0523],[-64.2782,65.1039],[-64.0790,65.2001],[-64.3743,65.1792],[-64.3382,65.2954],[-64.4086,65.2882],[-64.2373,65.4323],[-64.4461,65.3195],[-64.5571,65.0932],[-64.6414,65.1237],[-64.6169,65.1924],[-64.7308,65.1591],[-64.6488,65.2541],[-64.9089,65.3025],[-64.6823,65.3434],[-64.9151,65.3434],[-64.4584,65.4210],[-64.4086,65.4806],[-65.0102,65.3693],[-65.1696,65.4874],[-64.9293,65.5285],[-64.7103,65.6588],[-64.8526,65.6608],[-64.9912,65.548],[-65.3408,65.5831],[-64.7922,65.7277],[-65.1840,65.6567],[-65.4538,65.6793],[-65.3849,65.7877],[-65.5053,65.7550],[-65.3358,65.9213],[-64.9380,66.0072],[-64.7376,65.9741],[-64.8543,66.0355],[-64.7172,66.2245],[-64.3539,66.3502],[-64.7103,66.2826],[-64.9635,66.0759],[-65.8994,65.9536],[-65.9603,66.0526],[-65.6391,66.1727],[-65.4706,66.3167],[-65.5388,66.3236],[-65.4774,66.3918],[-65.6818,66.1913],[-66.0119,66.1174],[-66.2573,66.2235],[-66.1496,66.2894],[-66.5208,66.2186],[-66.4717,66.3502],[-66.5742,66.3714],[-66.4432,66.4142],[-66.7659,66.3850],[-66.6772,66.4601],[-66.7853,66.4420],[-66.8615,66.5427],[-66.7250,66.5911],[-67.0602,66.6457],[-66.8826,66.5700],[-67.1632,66.5284],[-67.0806,66.5119],[-67.1293,66.4872],[-67.5278,66.6244],[-67.7460,66.5700],[-67.2862,66.5261],[-67.1427,66.4402],[-67.1556,66.3684],[-67.4102,66.4328],[-67.1459,66.3028],[-67.3989,66.2964],[-67.6293,66.4464],[-67.9925,66.5085],[-67.7633,66.3655],[-67.7044,66.2926],[-67.7529,66.2547],[-67.1632,66.0424],[-67.3141,66.0014],[-67.1871,65.9161],[-67.7459,65.9664],[-67.7044,65.8983],[-67.9228,65.9032],[-68.0334,66.0014],[-67.9726,66.0834],[-68.2736,66.2273],[-68.3992,66.1868],[-68.5135,66.3031],[-68.4965,66.2128],[-68.8496,66.1933],[-68.7124,66.1727],[-68.5833,66.1735],[-68.5440,66.1950],[-68.4853,66.1933],[-68.2610,66.0806],[-68.0272,66.0759],[-68.0825,65.9809],[-68.1239,66.0270],[-68.2116,66.0076],[-68.1160,65.9667],[-68.3478,66.0397],[-68.1911,65.9530],[-68.3124,65.9127],[-68.1467,65.9325],[-68.1911,65.8643],[-68.0822,65.8328],[-68.2053,65.7960],[-67.8143,65.8158],[-67.9583,65.7407],[-67.8689,65.6452],[-68.0607,65.5694],[-67.9509,65.5626],[-68.0334,65.4874],[-67.7355,65.6383],[-67.2731,65.6452],[-67.3414,65.5768],[-67.2594,65.5353],[-67.4586,65.5011],[-67.0598,65.4240],[-67.4171,65.3510],[-67.1223,65.3162],[-67.1688,65.2685],[-67.0806,65.2473],[-67.1701,65.2268],[-67.1119,65.2033],[-66.9373,65.2411],[-66.9615,65.1100],[-67.1086,65.0623],[-66.9062,65.0712],[-66.7250,65.1858],[-66.8113,65.0625],[-66.9168,65.0493],[-66.8512,65.0361],[-66.7592,65.0691],[-66.7433,64.9682],[-66.8342,64.9456],[-66.7250,64.9183],[-66.7051,64.7687],[-66.6356,64.7811],[-66.6822,65.0441],[-66.1496,64.8705],[-66.1902,64.7809],[-66.3415,64.7743],[-66.2105,64.7612],[-66.2179,64.6924],[-66.0186,64.8575],[-66.0413,64.7194],[-65.9572,64.7675],[-65.8073,64.6374],[-65.9521,64.8845],[-65.7167,64.8442],[-65.7102,64.6924],[-65.6465,64.7733],[-65.5600,64.7128],[-65.7524,64.5900],[-65.7068,64.4900],[-65.3408,64.5279],[-65.4078,64.4453],[-65.2113,64.5414],[-65.2379,64.4870],[-65.1143,64.5149],[-65.1757,64.4801],[-65.0734,64.4491],[-65.2652,64.3839],[-65.1784,64.3474],[-65.2270,64.3005],[-65.5258,64.3293],[-65.6561,64.3014],[-65.4354,64.3050],[-65.5668,64.2542],[-65.3436,64.2533],[-65.2447,64.1989],[-65.3954,64.1511],[-65.2515,64.1785],[-65.1143,64.1095],[-65.1962,64.0761],[-65.0529,64.0686],[-65.1931,64.0219],[-64.9225,64.0140],[-64.9635,63.9730],[-64.6661,64.0326],[-64.6466,63.9754],[-64.9914,63.8284],[-64.5223,63.6690],[-64.5867,63.6024],[-64.5075,63.4220],[-64.6352,63.4181],[-64.5222,63.3766],[-64.5114,63.3144],[-64.6277,63.3213],[-64.4843,63.2877],[-64.5368,63.2551],[-64.7171,63.2809],[-64.9426,63.6327],[-65.3024,63.8127],[-64.9874,63.6030],[-65.0993,63.5495],[-65.0597,63.4523],[-65.1491,63.4312],[-65.0467,63.4386],[-65.1211,63.4038],[-64.9464,63.3598],[-64.9020,63.2394],[-65.1491,63.2877],[-64.9777,63.2279],[-65.0597,63.1779],[-64.7512,63.1022],[-64.8679,63.0960],[-64.7649,63.0550],[-64.8474,62.9730],[-64.6277,62.9110],[-64.8870,62.8693],[-65.2720,63.0066],[-64.9293,62.6435],[-65.1696,62.5684],[-65.2652,62.6981],[-65.3545,62.6845],[-65.2447,62.7800],[-65.3750,62.7869],[-65.2515,62.8353],[-65.3408,62.8557],[-65.3272,62.9178],[-65.3986,62.8291],[-65.6038,62.8251],[-65.7524,62.9247],[-65.7122,63.0512],[-65.8268,62.9283],[-65.7881,62.8731],[-65.9634,62.9374],[-65.8343,63.0333],[-66.0293,62.9861],[-66.2831,63.1369],[-66.1038,62.9516],[-66.3967,62.9998],[-66.5636,63.2158],[-66.6884,63.2813],[-66.6436,63.3745],[-66.7387,63.2940],[-66.6009,63.2120],[-66.5599,63.0817],[-66.6840,63.1022],[-66.5504,62.9962],[-66.7686,63.0906],[-66.8069,63.2748],[-66.8342,63.1507],[-67.0198,63.2394],[-66.9509,63.2909],[-66.9739,63.3959],[-67.0124,63.2877],[-67.2011,63.2884],[-67.9241,63.7675],[-67.6977,63.3696],[-68.2304,63.5966],[-68.2889,63.6991],[-68.2869,63.6366],[-68.5287,63.7460],[-68.9930,63.7607],[-68.8148,63.6366],[-68.8633,63.6099],[-68.4444,63.4448],[-68.4995,63.4312],[-68.2298,63.1992],[-67.9174,63.1432],[-67.9856,63.0755],[-67.6113,63.0971],[-67.8007,63.0141],[-67.7733,62.9588],[-67.5369,63.0449],[-67.6765,62.9286],[-67.4238,62.9794],[-67.2451,62.8899],[-67.3687,62.8557],[-67.1979,62.8768],[-67.2451,62.8148],[-67.1223,62.8291],[-67.1223,62.7595],[-67.0147,62.7374],[-67.0534,62.6919],[-66.9100,62.6981],[-67.0062,62.6571],[-66.7597,62.6839],[-66.4802,62.5050],[-66.5121,62.4238],[-66.3524,62.4474],[-66.3371,62.3805],[-66.4738,62.3366],[-66.3438,62.2706],[-66.3632,62.3319],[-66.2245,62.3495],[-66.1552,62.2481],[-66.2651,62.2667],[-66.0591,62.2280],[-65.9871,62.2420],[-65.9300,62.1978],[-66.0532,62.1453],[-66.0400,62.0752],[-66.1787,62.1346],[-66.2042,62.1166],[-65.9488,61.9087],[-66.0631,61.8749],[-66.5397,61.9030],[-66.7455,62.0128],[-67.3174,62.0732],[-67.3377,62.1399],[-67.5812,62.1810],[-68.5536,62.2497],[-69.1974,62.4445],[-69.3151,62.5410],[-69.2810,62.6236],[-69.3772,62.5336],[-69.5867,62.6577],[-69.3902,62.7670],[-69.6988,62.7459],[-69.8353,62.8291],[-69.7608,62.7328],[-69.9389,62.8012],[-70.2403,62.7540],[-71.0419,62.9588],[-70.9395,62.9730],[-70.9462,63.0327],[-71.1580,62.9935],[-70.8228,63.1301],[-70.9327,63.1165],[-70.9264,63.1725],[-71.2161,63.0087],[-71.4020,63.0555],[-71.4087,63.1233],[-71.7134,63.1779],[-71.6588,63.1984],[-71.7619,63.2326],[-71.6486,63.2639],[-71.7687,63.2604],[-71.7808,63.4144],[-72.0152,63.3976],[-72.1423,63.4483],[-71.6144,63.4269],[-71.2269,63.6024],[-71.5618,63.5814],[-71.4876,63.6304],[-71.5832,63.6543],[-71.5353,63.7123],[-71.6460,63.7201],[-71.6555,63.6577],[-71.6980,63.7534],[-71.7545,63.6918],[-71.7758,63.7457],[-71.9228,63.8196],[-72.0083,63.7539],[-71.8444,63.7607],[-71.9297,63.6550],[-71.9529,63.7230],[-72.0416,63.6707],[-72.2006,63.7804],[-72.2138,63.6776],[-72.3175,63.6788],[-72.3646,63.7607],[-72.0903,63.9109],[-72.2417,63.9594],[-72.3782,63.7825],[-72.6662,63.8563],[-72.5911,64.0276],[-72.6697,64.0174],[-72.6631,64.0839],[-72.7058,64.0170],[-72.6588,63.9867],[-72.7342,63.9698],[-72.9338,64.0549],[-72.9055,64.1655],[-73.0782,64.1832],[-73.1044,64.2814],[-73.2433,64.3361],[-73.2826,64.2604],[-73.3863,64.2814],[-73.2655,64.3703],[-73.4818,64.4050],[-73.1671,64.5900],[-73.3030,64.6657],[-73.3139,64.5381],[-73.4642,64.5080],[-73.4272,64.6030],[-73.6463,64.6657],[-73.6463,64.5757],[-73.7519,64.5415],[-73.9217,64.6092],[-73.7829,64.4801],[-73.9616,64.4801],[-73.9957,64.3293],[-74.0777,64.3293],[-74.1739,64.3703],[-74.0790,64.4206],[-74.1739,64.4658],[-74.0435,64.4459],[-74.1261,64.5415],[-73.9548,64.5149],[-74.1671,64.5695],[-74.0026,64.5825],[-74.0839,64.6409],[-74.0497,64.7258],[-74.2149,64.6787],[-74.2422,64.5825],[-74.3002,64.6830],[-74.4203,64.6657],[-74.3445,64.5968],[-74.3944,64.5768],[-74.7083,64.7402],[-74.4866,64.8366],[-74.6463,64.9047],[-74.7428,64.8578],[-74.7314,64.7721],[-74.9888,64.8023],[-74.4687,64.5620],[-74.6463,64.5347],[-74.5056,64.4617],[-74.6810,64.3777],[-75.1568,64.4943],[-75.2194,64.4340],[-75.8200,64.6222],[-75.8153,64.5313],[-75.6331,64.4596],[-75.9218,64.4870],[-75.7360,64.3724],[-76.3526,64.3623],[-76.1880,64.3014],[-76.4896,64.3150],[-76.3798,64.2883],[-76.4547,64.2699],[-76.7109,64.3053],[-76.6889,64.1915],[-77.1332,64.3010],[-77.3508,64.2411],[-77.4499,64.2952],[-77.4048,64.3275],[-77.5455,64.3150],[-77.5110,64.3572],[-77.8539,64.3703],[-77.9086,64.4050],[-77.8320,64.4219],[-78.0109,64.4282],[-77.9700,64.4658],[-78.1822,64.5796],[-78.1283,64.5900],[-78.1966,64.6514],[-78.1556,64.6992],[-78.2990,64.7067],[-78.0731,64.8159],[-78.1205,64.9741],[-77.3128,65.2001],[-77.5141,65.3261],[-77.2916,65.3814],[-77.3915,65.4730],[-75.7979,65.2323],[-75.4186,65.0304],[-75.5022,64.9442],[-75.6679,64.9456],[-75.5805,64.8578],[-75.4602,64.8430],[-75.5375,64.7811],[-75.2969,64.7340],[-75.3458,64.9251],[-75.5717,64.8842],[-75.3930,64.9824],[-75.2625,64.9570],[-75.1987,65.1056],[-75.3631,65.0076],[-75.9490,65.3224],[-75.1931,65.2562],[-75.0839,65.3027],[-75.1050,65.3961],[-74.7151,65.4397],[-74.5512,65.3334],[-74.1183,65.5370],[-73.4744,65.4596],[-73.7178,65.7746],[-74.0123,65.8551],[-74.4721,66.1485],[-73.4556,66.5506],[-73.3446,66.6587],[-72.9489,66.7345]],[[-79.2824,62.2699],[-79.3259,61.9884],[-79.3863,62.0021],[-79.7588,61.5821],[-80.2610,61.8562],[-80.2149,62.1376],[-79.9345,62.3780],[-79.7036,62.3766],[-79.6110,62.4176],[-79.5585,62.4203],[-79.5397,62.4176],[-79.2824,62.2699]],[[-82.1913,62.9861],[-81.8623,62.9247],[-81.9647,62.8012],[-81.9398,62.7116],[-83.0661,62.1871],[-83.2806,62.2525],[-83.7051,62.1435],[-83.7248,62.2856],[-83.9398,62.4238],[-83.5655,62.6822],[-83.4186,62.8922],[-83.2874,62.9315],[-83.0604,62.8419],[-82.1913,62.9861]],[[-80.1833,63.7675],[-80.4664,63.7272],[-80.9855,63.4557],[-81.1249,63.4638],[-82.0746,63.6918],[-82.4817,63.6852],[-82.5509,63.7573],[-82.3762,63.8284],[-82.3709,63.9130],[-83.0845,63.9581],[-83.1382,64.0066],[-82.9658,64.1370],[-83.0842,64.1898],[-83.5128,64.1204],[-83.6852,64.0140],[-83.6045,63.9303],[-83.6337,63.7709],[-84.0893,63.6099],[-84.2842,63.6267],[-84.5902,63.3151],[-85.2739,63.1233],[-85.5097,63.1292],[-85.6351,63.2431],[-85.5901,63.6133],[-85.7137,63.7744],[-86.2139,63.6508],[-86.6323,63.6645],[-86.8681,63.5617],[-87.1237,63.5636],[-87.2237,63.6601],[-86.8959,63.9302],[-86.1928,64.1034],[-86.3648,64.3088],[-86.4194,64.5968],[-86.1730,64.8295],[-86.2278,65.0038],[-86.1382,65.1135],[-86.1739,65.2865],[-86.0972,65.3571],[-86.1515,65.3961],[-85.9389,65.7631],[-85.4865,65.9241],[-85.4882,65.7966],[-85.1718,65.7891],[-85.0523,65.6141],[-85.3164,65.5414],[-85.0076,65.4157],[-84.9317,65.2182],[-84.8152,65.2211],[-84.5546,65.4859],[-84.1600,65.3469],[-84.2303,65.2676],[-84.0984,65.2095],[-83.3976,65.1366],[-83.2083,64.9476],[-82.7145,64.7809],[-82.3367,64.7615],[-81.7713,64.5120],[-81.7746,64.3092],[-81.6084,64.2096],[-81.6065,64.1341],[-81.9500,64.0680],[-81.9916,63.9987],[-81.4565,64.0377],[-81.3988,64.1015],[-80.9306,63.9934],[-80.9791,64.0686],[-80.8887,64.1226],[-80.4968,63.9176],[-80.6746,63.8939],[-80.1833,63.7675]],[[-75.0335,68.1732],[-75.0071,68.1105],[-75.1613,67.9531],[-75.0440,67.8169],[-75.0650,67.5524],[-75.5958,67.3111],[-76.9815,67.2433],[-77.2506,67.4538],[-77.2232,67.5432],[-77.3226,67.7079],[-76.6888,68.2626],[-75.9112,68.3445],[-75.0335,68.1732]],[[-105.3814,73.7706],[-104.5008,73.5672],[-104.5726,73.3321],[-105.0157,73.0138],[-105.3597,72.9501],[-105.2033,72.8674],[-105.2849,72.8513],[-105.8941,73.1623],[-106.1076,73.1970],[-106.0456,73.2238],[-106.1957,73.2858],[-106.1207,73.2926],[-107.0392,73.4844],[-106.5995,73.7106],[-105.3814,73.7706]],[[-80.9033,73.6073],[-80.8026,73.6707],[-80.8618,73.7513],[-80.5601,73.7725],[-79.4503,73.6353],[-78.1137,73.6657],[-77.2134,73.5108],[-77.0398,73.3588],[-76.7144,73.3224],[-76.5835,73.2192],[-76.6342,73.1698],[-76.2432,73.0934],[-76.3326,72.9705],[-76.0582,72.9016],[-76.3189,72.8167],[-78.1708,72.8986],[-79.5684,72.7598],[-80.0018,72.8712],[-80.1761,73.0456],[-80.1638,73.2333],[-80.8600,73.3189],[-80.8497,73.4753],[-80.6973,73.4844],[-80.9033,73.6073]],[[-96.3212,72.4668],[-96.4599,72.3690],[-96.8768,72.3263],[-96.5341,72.2443],[-96.4999,72.0934],[-96.8692,72.0451],[-96.4932,72.0280],[-96.5407,71.9545],[-96.7669,71.9222],[-96.5013,71.9314],[-96.5887,71.8207],[-96.7376,71.7990],[-96.6775,71.8396],[-96.7396,71.8523],[-97.2118,71.6664],[-97.6852,71.6183],[-98.2527,71.6699],[-98.3592,71.7343],[-98.2131,71.8812],[-98.2950,71.9016],[-98.5004,71.7229],[-98.0418,71.5311],[-98.2151,71.4094],[-98.7299,71.2717],[-98.9676,71.3832],[-99.2350,71.3495],[-99.3852,71.5858],[-100.6365,72.1864],[-100.9677,72.1754],[-101.2161,72.3347],[-101.4486,72.2421],[-101.7820,72.3087],[-101.8931,72.3951],[-101.7764,72.3951],[-101.9198,72.4081],[-101.9339,72.4865],[-102.6142,72.6613],[-102.7559,72.8123],[-102.4847,73.0412],[-101.9478,73.0934],[-101.7628,73.0189],[-101.7349,72.9705],[-101.8174,72.9705],[-101.7392,72.9276],[-101.5437,72.9221],[-101.5983,72.9084],[-101.4686,72.8060],[-101.2768,72.7787],[-101.4133,72.7520],[-101.3335,72.7247],[-100.4483,72.7381],[-100.3166,72.8060],[-100.4470,72.9221],[-100.3923,72.9501],[-100.5022,72.9636],[-100.4674,73.0189],[-100.3104,73.0326],[-100.4165,72.9783],[-100.2687,72.9600],[-100.3047,72.8749],[-100.0354,72.9438],[-100.1800,72.9910],[-100.1111,72.9984],[-100.2278,73.0524],[-100.1732,73.0797],[-100.3234,73.1008],[-100.2278,73.1344],[-100.5295,73.0934],[-100.6114,73.1480],[-100.4674,73.2033],[-100.5562,73.2312],[-100.3513,73.2926],[-100.0386,73.1936],[-99.7686,73.2107],[-100.0535,73.2451],[-100.3628,73.3996],[-100.4059,73.3678],[-100.3371,73.3262],[-100.8578,73.2628],[-101.6256,73.4913],[-101.2298,73.6061],[-100.9185,73.6029],[-100.4202,73.4192],[-100.6043,73.4987],[-100.5494,73.6005],[-100.8747,73.6186],[-100.8578,73.6688],[-101.1185,73.7240],[-100.8858,73.8320],[-100.4149,73.8436],[-100.0232,73.7377],[-99.8460,73.8883],[-100.3029,73.8612],[-99.8027,73.9369],[-99.7890,73.8680],[-99.1912,73.6902],[-99.1286,73.7517],[-98.0965,73.8183],[-97.7739,73.9188],[-97.8357,73.8680],[-97.1937,73.8474],[-96.9382,73.6868],[-97.2200,73.5559],[-97.6439,73.5397],[-97.6322,73.4603],[-97.2201,73.4774],[-97.1647,73.4496],[-97.2541,73.4361],[-97.1504,73.3950],[-97.7332,73.3063],[-98.4940,73.0178],[-98.4461,72.8725],[-97.9851,73.0441],[-97.2559,72.9620],[-97.2738,72.8787],[-97.4186,72.8606],[-97.0256,72.7294],[-97.1939,72.6150],[-96.5375,72.7520],[-96.5887,72.6968],[-96.3212,72.4668]],[[-91.5723,74.0331],[-90.1957,73.9022],[-90.3788,73.8583],[-90.3731,73.7923],[-90.7863,73.5568],[-90.9833,73.5595],[-90.9212,73.4981],[-91.2576,73.2722],[-91.6338,73.2312],[-91.3763,73.2031],[-92.0958,72.7462],[-92.3848,72.7099],[-93.3010,72.8183],[-94.3207,72.7650],[-93.7874,72.7407],[-93.8168,72.6452],[-93.4642,72.4634],[-94.2338,72.0324],[-94.0266,72.0655],[-94.0601,71.9836],[-95.2114,71.9942],[-95.0886,72.1003],[-95.2012,72.1109],[-94.7904,72.1599],[-95.1767,72.1549],[-95.1636,72.3541],[-95.2353,72.4395],[-95.1357,72.4634],[-95.3631,72.6397],[-95.5926,72.6994],[-95.5130,72.7377],[-95.6689,72.8021],[-95.6229,72.9296],[-95.7173,72.9971],[-95.6516,73.1185],[-95.5132,73.1337],[-95.5820,73.1623],[-95.6502,73.3336],[-95.6019,73.3889],[-95.6851,73.4632],[-95.6358,73.5281],[-95.7049,73.5595],[-95.5404,73.5807],[-95.7192,73.6905],[-95.4117,73.7764],[-94.6224,73.6557],[-95.1158,73.8140],[-94.9576,73.8413],[-95.1553,73.8272],[-95.3309,73.9174],[-95.2486,74.0099],[-94.7205,74.1013],[-93.9190,74.1400],[-93.7572,74.0771],[-93.7298,74.1608],[-93.2725,74.1779],[-92.4301,74.0624],[-92.2713,73.9921],[-92.3339,73.9431],[-91.5723,74.0331]],[[-93.4369,74.9443],[-93.4431,74.7692],[-93.5666,74.7451],[-93.4573,74.7177],[-93.5331,74.6706],[-94.7241,74.6317],[-95.3054,74.8054],[-95.5113,74.7435],[-95.5148,74.8141],[-95.8975,74.8258],[-96.1368,74.9369],[-96.0332,74.9505],[-96.1431,74.9579],[-96.0646,75.0235],[-96.2666,74.9096],[-96.4037,74.9369],[-96.3294,75.0041],[-96.6161,74.9915],[-96.4693,75.1944],[-95.9860,75.2521],[-96.0939,75.2609],[-95.9035,75.2931],[-96.1710,75.3074],[-95.7800,75.3825],[-96.1555,75.4080],[-95.7049,75.4030],[-95.8421,75.4650],[-94.8995,75.6447],[-94.3939,75.6042],[-93.6765,75.3620],[-93.8000,75.3074],[-93.4993,75.2680],[-93.5803,75.2050],[-93.4622,75.1350],[-93.4915,75.0740],[-93.6424,75.0399],[-93.4369,74.9443]],[[-97.4248,75.5197],[-97.2808,75.4030],[-97.7242,75.5722],[-97.8562,75.5476],[-97.7738,75.4601],[-97.9236,75.5195],[-98.0418,75.4849],[-97.7742,75.4241],[-98.0353,75.4155],[-97.8799,75.3743],[-98.1229,75.3686],[-98.1166,75.298],[-97.9305,75.3395],[-98.0008,75.2795],[-97.8977,75.3054],[-97.7333,75.2112],[-97.8022,75.1975],[-97.5688,75.1498],[-97.8128,75.1131],[-98.1032,75.2255],[-98.1510,75.1702],[-97.9732,75.1119],[-97.9758,75.0144],[-98.7502,74.9884],[-98.9002,75.0670],[-98.9541,75.0089],[-99.4055,74.9989],[-99.3057,75.1312],[-99.5010,75.0324],[-99.4259,74.9915],[-99.6454,74.9760],[-100.3687,75.0230],[-100.3985,75.1633],[-100.5494,75.2050],[-99.9870,75.2385],[-100.7821,75.3552],[-100.4265,75.3825],[-100.7213,75.4377],[-100.0411,75.4572],[-100.3104,75.4787],[-100.0391,75.4802],[-99.9535,75.4992],[-100.2825,75.5271],[-99.6655,75.6159],[-99.8641,75.6159],[-99.8232,75.6562],[-98.8941,75.6996],[-101.4493,75.6076],[-102.6334,75.4981],[-102.8816,75.6178],[-102.6330,75.6159],[-102.6876,75.6779],[-102.5618,75.7255],[-102.2467,75.7244],[-102.1060,75.6979],[-102.0092,75.7046],[-102.2358,75.7456],[-102.1189,75.7995],[-102.3741,75.8104],[-102.2622,75.8698],[-101.8329,75.9058],[-101.2757,75.7456],[-100.9131,75.8145],[-101.3587,75.7797],[-101.3718,75.8517],[-101.5506,75.8698],[-101.5894,75.9245],[-101.3035,76.0206],[-101.7099,75.9896],[-101.9029,76.1059],[-101.3854,76.2533],[-102.1675,76.2390],[-102.0576,76.2800],[-102.1948,76.2943],[-101.9546,76.3694],[-102.0351,76.4127],[-101.3216,76.4145],[-101.0571,76.3284],[-101.1320,76.2451],[-100.6251,76.1229],[-100.7412,76.0956],[-100.4202,76.1229],[-100.6251,76.0814],[-100.3539,76.0655],[-99.9470,75.8751],[-99.4402,75.9722],[-99.8641,75.9374],[-100.2210,76.1360],[-99.6837,76.1237],[-99.4185,76.1640],[-100.4787,76.2338],[-100.0770,76.2732],[-100.1780,76.3175],[-100.0631,76.2868],[-99.8436,76.2868],[-100.1385,76.3831],[-100.6752,76.3810],[-100.9881,76.5065],[-100.3325,76.6447],[-99.6409,76.6374],[-99.5494,76.6096],[-99.6866,76.6022],[-99.1636,76.5134],[-99.2573,76.4689],[-99.0703,76.4042],[-99.1385,76.4550],[-98.8505,76.4376],[-99.0560,76.5407],[-99.0287,76.6022],[-98.7518,76.5822],[-98.4874,76.6574],[-98.8568,76.6779],[-98.4553,76.6820],[-98.1510,76.5885],[-98.3679,76.5705],[-97.6651,76.4861],[-97.7885,76.3222],[-97.5067,76.1906],[-97.6545,75.9821],[-97.5702,75.8652],[-97.9393,75.7456],[-97.3775,75.6798],[-97.4248,75.5197]],[[-110.0036,75.9114],[-109.2725,76.0541],[-109.5422,76.1894],[-110.0036,76.2264],[-110.0036,76.4861],[-109.7051,76.5270],[-109.8491,76.5407],[-109.3251,76.7888],[-108.7756,76.8641],[-108.6494,76.8145],[-108.6900,76.7711],[-108.4507,76.7326],[-108.7319,76.6432],[-108.5386,76.5617],[-108.6288,76.5202],[-108.4849,76.4588],[-108.6158,76.4234],[-108.0808,76.2868],[-108.2316,76.2533],[-108.1199,76.2101],[-108.3775,76.1737],[-108.4575,76.1025],[-108.3824,76.0882],[-108.4991,76.0404],[-107.8890,76.0677],[-107.6401,75.9892],[-108.0262,75.7872],[-107.7205,75.8858],[-107.0759,75.8994],[-107.1075,75.8418],[-106.9567,75.7940],[-107.0330,75.7735],[-106.8809,75.6492],[-106.8823,75.7660],[-106.6148,75.8009],[-106.8858,75.8382],[-106.8748,75.9653],[-106.3398,76.0615],[-105.6068,75.9374],[-105.4665,75.8577],[-105.3899,75.6533],[-105.7508,75.4923],[-105.5931,75.4650],[-105.9394,75.2146],[-105.8395,75.1832],[-106.0738,75.1045],[-106.0089,75.0566],[-107.2310,74.9201],[-107.6862,74.9822],[-107.7717,75.1013],[-107.7739,75.0344],[-107.9914,75.0126],[-107.9471,74.9721],[-108.0187,74.9505],[-107.9442,74.9369],[-108.4166,74.9170],[-108.8070,74.9852],[-108.5121,74.9784],[-108.8242,75.0715],[-109.5323,74.8670],[-110.0036,74.8526],[-110.0036,75.5446],[-108.9099,75.4787],[-109.0335,75.5539],[-108.8554,75.5606],[-108.8349,75.6227],[-108.9373,75.6779],[-108.8281,75.6910],[-110.0036,75.9114]],[[-79.5601,74.9915],[-79.3342,74.9033],[-79.9090,74.8139],[-80.3131,74.9415],[-80.4105,74.9018],[-80.1008,74.8276],[-80.2454,74.7587],[-80.1287,74.7177],[-80.2047,74.6973],[-80.1562,74.6368],[-80.2175,74.5874],[-81.1153,74.5789],[-81.7886,74.4584],[-82.4217,74.5183],[-82.4214,74.5726],[-82.6061,74.5123],[-82.9199,74.5515],[-83.1172,74.6693],[-83.0784,74.8158],[-83.4916,74.9094],[-83.5624,74.8923],[-83.3221,74.7621],[-83.4935,74.5778],[-84.2582,74.5064],[-84.9148,74.5123],[-85.0079,74.7040],[-85.0762,74.6426],[-85.0352,74.5390],[-85.1849,74.4931],[-85.3574,74.5055],[-85.5336,74.6900],[-85.4822,74.5453],[-85.6038,74.4980],[-86.1246,74.4843],[-86.0801,74.5498],[-86.1792,74.6222],[-86.3800,74.4874],[-86.8030,74.6222],[-86.8010,74.5493],[-86.6037,74.4713],[-87.3727,74.5260],[-87.2964,74.5464],[-87.6436,74.4583],[-87.7557,74.5199],[-88.5178,74.5012],[-88.5643,74.5734],[-88.4341,74.7655],[-88.2969,74.7798],[-88.4888,74.7935],[-88.4478,74.8344],[-88.5394,74.9037],[-88.8476,74.6649],[-88.9207,74.7860],[-89.0989,74.8407],[-89.0101,74.7860],[-89.0602,74.7222],[-89.2702,74.7587],[-89.0989,74.6870],[-89.1473,74.6078],[-89.4344,74.5532],[-89.9185,74.5272],[-90.3731,74.6017],[-90.3117,74.6290],[-90.5637,74.6085],[-90.7300,74.6631],[-90.7232,74.7382],[-91.0249,74.7040],[-90.7568,74.8344],[-90.7867,74.8896],[-91.2303,74.7382],[-91.0994,74.6290],[-91.2856,74.6358],[-91.3304,74.7209],[-91.3684,74.6485],[-91.5134,74.6447],[-92.0627,74.8034],[-92.0118,74.9096],[-92.2303,75.0740],[-92.0118,75.1013],[-92.1142,75.1361],[-92.0558,75.1532],[-92.5040,75.2180],[-92.3265,75.3756],[-92.4630,75.3756],[-92.3807,75.4561],[-92.0043,75.6016],[-92.1756,75.7525],[-92.1268,75.8738],[-92.6197,76.0145],[-92.6661,76.1350],[-93.0601,76.3490],[-93.7659,76.2868],[-93.6349,76.2595],[-93.7037,76.2515],[-94.7490,76.3148],[-95.0606,76.2254],[-95.3902,76.2390],[-95.3577,76.3051],[-94.8006,76.3284],[-95.8233,76.3991],[-96.1089,76.4997],[-95.7576,76.5273],[-95.5882,76.6096],[-96.0270,76.5549],[-96.9655,76.7394],[-96.8675,76.8136],[-96.6629,76.7541],[-96.3082,76.7598],[-96.8195,76.8720],[-96.8511,76.9296],[-96.6577,76.9522],[-96.8184,76.9833],[-96.4729,76.9592],[-96.2467,77.0062],[-96.3902,77.0342],[-95.7707,77.0767],[-94.2339,76.8906],[-93.7009,76.9209],[-93.1967,76.7530],[-93.1762,76.6810],[-93.2991,76.5549],[-93.6560,76.4451],[-93.5606,76.3951],[-93.0792,76.6276],[-92.3689,76.5991],[-91.4410,76.6936],[-90.9211,76.6432],[-90.4693,76.4861],[-91.5655,76.4997],[-89.1944,76.2481],[-89.3801,76.1844],[-90.4564,76.1776],[-90.0937,76.1249],[-91.6133,76.2670],[-91.2576,76.2015],[-91.4085,76.1497],[-90.6680,76.1156],[-90.8666,76.0677],[-90.1882,76.0677],[-91.1614,76.0206],[-90.9429,76.0063],[-91.0721,75.9926],[-90.9471,75.9428],[-91.1478,75.9032],[-91.1288,75.8361],[-90.7977,75.9988],[-90.4284,75.9722],[-90.5185,75.8988],[-89.9637,76.0160],[-89.6879,75.9032],[-89.7773,75.7940],[-89.5148,75.8593],[-89.1625,75.7652],[-89.2571,75.6358],[-89.7630,75.5812],[-89.2084,75.5860],[-88.9173,75.4303],[-88.7637,75.4377],[-88.9002,75.6090],[-88.7224,75.6861],[-88.2226,75.5449],[-88.3038,75.4992],[-88.2281,75.4713],[-87.7508,75.5808],[-87.4957,75.4923],[-87.6055,75.4514],[-87.4669,75.456],[-87.4236,75.5008],[-87.5074,75.5612],[-87.2657,75.6230],[-86.3648,75.4303],[-86.6180,75.3688],[-85.5218,75.4030],[-86.1516,75.5087],[-85.5287,75.6016],[-85.2271,75.5606],[-85.3226,75.5743],[-85.0449,75.6558],[-84.5760,75.6242],[-84.5008,75.6358],[-84.6647,75.6910],[-83.9180,75.8145],[-84.0006,75.8288],[-83.1195,75.7400],[-82.3310,75.8435],[-81.1131,75.7791],[-81.2862,75.6637],[-80.5034,75.6615],[-79.9500,75.5402],[-80.3758,75.4650],[-79.6498,75.4697],[-79.5738,75.4514],[-79.6830,75.4377],[-79.4913,75.3825],[-79.6148,75.3036],[-79.4435,75.2870],[-79.5169,75.2292],[-80.4434,75.0399],[-80.1765,74.9852],[-80.2491,74.9535],[-79.7799,75.0324],[-79.5049,74.9989],[-79.5601,74.9915]],[[-89.6612,77.3563],[-90.0939,77.2040],[-90.4050,77.2031],[-91.1795,77.3941],[-91.2092,77.5753],[-90.8817,77.6577],[-90.3041,77.6293],[-89.7757,77.4863],[-89.6612,77.3563]],[[-93.1011,77.6642],[-93.3746,77.6339],[-93.5455,77.4448],[-93.8409,77.4587],[-93.7845,77.4377],[-95.9876,77.4790],[-96.3287,77.6095],[-96.2354,77.7055],[-95.5065,77.8107],[-95.3554,77.7399],[-93.6080,77.7814],[-93.1011,77.6642]],[[-96.5249,77.8463],[-97.1033,77.8081],[-97.1238,77.8771],[-96.9934,77.9248],[-97.7742,78.0415],[-96.8692,78.1371],[-97.9195,78.2202],[-97.7668,78.2470],[-98.4072,78.4881],[-98.0249,78.5525],[-98.3160,78.6462],[-98.3618,78.7661],[-97.4510,78.7971],[-96.1572,78.6195],[-96.2735,78.5350],[-95.4610,78.5111],[-94.8278,78.3637],[-95.4032,78.2333],[-94.8893,78.1092],[-95.0606,77.9726],[-96.4961,77.9060],[-96.7402,77.8703],[-96.5249,77.8463]],[[-105.5634,79.0259],[-105.6278,79.1650],[-105.4255,79.2851],[-105.4568,79.3292],[-103.7215,79.3633],[-102.8794,79.2333],[-102.8937,79.1718],[-102.6187,79.0967],[-102.7764,78.9459],[-102.5716,78.9459],[-102.5989,78.8776],[-102.4027,78.9348],[-102.4207,79.0142],[-101.6484,79.081],[-100.9881,78.9316],[-101.1851,78.8074],[-100.3497,78.8237],[-99.8920,78.6989],[-100.0633,78.6380],[-99.5579,78.5987],[-99.8716,78.4388],[-99.7481,78.3808],[-99.8027,78.3084],[-99.5339,78.2883],[-98.9461,78.0689],[-99.1038,77.9658],[-99.0290,77.8827],[-99.9385,77.7829],[-100.6100,77.8639],[-100.8306,78.0153],[-100.7620,78.0829],[-101.0597,78.2055],[-102.1607,78.2883],[-102.5925,78.2444],[-102.8022,78.2877],[-102.6671,78.3637],[-102.7441,78.3805],[-103.9465,78.2428],[-104.4656,78.2746],[-105.0463,78.5047],[-104.6409,78.5834],[-103.5395,78.5003],[-103.3797,78.5895],[-104.0445,78.6306],[-103.3182,78.7370],[-103.8179,78.7404],[-103.7209,78.8064],[-104.1880,78.7766],[-103.8321,78.9049],[-104.2472,78.9970],[-104.9554,78.7981],[-105.0318,78.8261],[-104.6785,79.0111],[-105.5634,79.0259]],[[-96.3902,80.0488],[-96.8016,80.0973],[-96.3639,80.1415],[-94.3822,79.9880],[-94.8074,80.0973],[-94.0874,80.1798],[-94.5856,80.2263],[-95.4015,80.1266],[-95.6981,80.1798],[-95.2320,80.2412],[-95.9691,80.2013],[-96.6849,80.3436],[-95.4374,80.3436],[-96.1021,80.4945],[-95.9035,80.5429],[-96.0270,80.5839],[-93.7857,80.5292],[-94.6770,80.6658],[-94.0738,80.7074],[-94.1287,80.7282],[-95.5335,80.8241],[-95.1500,80.8855],[-95.4852,80.9060],[-94.9029,81.0637],[-94.4470,80.9675],[-93.9092,81.0426],[-94.3599,81.1047],[-94.3023,81.1227],[-93.1557,81.0978],[-93.1000,81.1564],[-93.2171,81.2145],[-94.3958,81.2617],[-94.1884,81.3666],[-93.5666,81.3032],[-93.4854,81.3347],[-93.5477,81.3849],[-93.2576,81.3734],[-91.7983,81.1592],[-91.8473,81.1251],[-91.7852,81.0910],[-91.9150,81.0773],[-91.5245,80.9780],[-91.0888,80.7486],[-90.5929,80.6527],[-90.7310,80.5667],[-90.0066,80.5419],[-89.7743,80.4640],[-89.8319,80.5292],[-89.3248,80.5367],[-89.0579,80.4678],[-89.2571,80.3989],[-89.0784,80.3989],[-89.2558,80.2897],[-88.5384,80.0991],[-88.1461,80.1034],[-88.4273,80.1928],[-88.2554,80.1867],[-88.3102,80.2119],[-88.7085,80.2897],[-88.6441,80.3966],[-87.7005,80.4125],[-87.5676,80.1832],[-88.0636,80.1252],[-87.8986,80.0593],[-87.2393,80.0703],[-87.0084,79.9533],[-87.4882,79.8372],[-86.9620,79.9087],[-87.1358,79.6494],[-87.4609,79.5355],[-86.9910,79.6034],[-86.8213,79.5466],[-86.6937,79.5690],[-86.8172,79.6174],[-86.7193,79.6424],[-86.3090,79.6480],[-86.0420,79.5690],[-86.1382,79.5219],[-86.0283,79.4809],[-86.1661,79.4598],[-86.0675,79.4361],[-85.6987,79.6179],[-84.9125,79.2706],[-86.5038,79.0686],[-86.7466,78.9590],[-86.9682,79.0641],[-86.9401,78.9186],[-87.6492,78.6430],[-87.9975,78.8112],[-87.9847,78.9643],[-87.7284,79.0830],[-88.1737,78.9955],[-88.2289,78.8045],[-88.1362,78.6869],[-88.3584,78.6579],[-88.0220,78.6546],[-87.9097,78.5524],[-88.2285,78.4635],[-88.5576,78.6101],[-88.8047,78.6101],[-88.5400,78.4168],[-88.8112,78.1654],[-89.0499,78.1817],[-90.0061,78.6137],[-90.0994,78.5617],[-89.9888,78.4486],[-89.7871,78.3983],[-89.4551,78.1644],[-90.3320,78.3363],[-90.7506,78.3227],[-90.3254,78.2743],[-90.3731,78.2407],[-90.2759,78.1864],[-90.3526,78.1445],[-92.0245,78.2106],[-92.3265,78.2886],[-92.2198,78.3322],[-92.5034,78.3131],[-92.9912,78.4661],[-91.6491,78.5650],[-92.8113,78.6380],[-93.2817,78.5947],[-93.4717,78.6517],[-93.3736,78.6883],[-93.8131,78.7677],[-93.0384,78.7677],[-93.8745,78.8339],[-94.2935,78.9868],[-93.6092,79.0568],[-93.3304,79.1709],[-90.3663,79.2475],[-92.6273,79.2454],[-92.6958,79.2674],[-91.1205,79.3915],[-92.4953,79.3654],[-92.5803,79.3847],[-92.2303,79.4325],[-92.9238,79.4160],[-93.0866,79.4871],[-93.1469,79.4662],[-93.0049,79.3915],[-93.3885,79.3431],[-93.2343,79.4181],[-93.3210,79.4520],[-93.9297,79.2591],[-94.2109,79.2748],[-93.8409,79.3989],[-94.4800,79.4266],[-94.3884,79.3710],[-95.2110,79.2809],[-95.3213,79.3369],[-95.1636,79.3500],[-95.2803,79.4052],[-95.7553,79.4062],[-95.6701,79.4468],[-95.7800,79.4809],[-95.7390,79.5424],[-94.3406,79.6862],[-94.3002,79.7752],[-95.1932,79.6474],[-95.8537,79.6524],[-96.4932,79.8372],[-96.3902,79.8644],[-96.5887,79.8571],[-96.1368,79.9116],[-96.5579,79.9485],[-96.6775,80.0153],[-96.3902,80.0488]],[[-61.0854,82.3311],[-61.3124,82.1972],[-62.0313,82.1393],[-61.8730,82.1127],[-62.2576,82.0235],[-63.9201,81.7986],[-64.3260,81.8309],[-64.1206,81.7694],[-64.3725,81.7249],[-65.3750,81.7626],[-66.0466,81.6944],[-65.3408,81.6944],[-65.8581,81.6272],[-68.2132,81.5632],[-69.3083,81.7216],[-68.3562,81.5429],[-68.8558,81.5503],[-68.5805,81.5160],[-67.2688,81.5713],[-66.6083,81.5162],[-70.2132,81.1798],[-69.6372,81.1798],[-70.0202,81.1059],[-65.7357,81.4932],[-64.5460,81.5503],[-64.4359,81.4815],[-67.2349,80.9404],[-67.5630,80.9459],[-67.6057,80.8712],[-68.9725,80.6174],[-68.8906,80.6044],[-69.3317,80.4089],[-69.6660,80.3552],[-70.3094,80.3580],[-70.2195,80.4195],[-70.8244,80.5669],[-70.3703,80.4126],[-70.4529,80.3437],[-69.9594,80.2618],[-70.1590,80.1924],[-71.7346,80.1178],[-72.4198,80.2134],[-71.8984,80.1178],[-72.3918,80.0905],[-72.3420,80.0625],[-70.6482,80.1428],[-70.4869,80.0626],[-71.4596,79.8987],[-70.9116,79.8925],[-71.1424,79.7894],[-72.2316,79.6625],[-72.9201,79.7095],[-73.0635,79.8018],[-72.9309,79.8235],[-73.8132,79.8223],[-73.8654,79.8372],[-73.7419,79.8503],[-74.2277,79.8956],[-74.8448,79.8503],[-73.3833,79.7756],[-73.1253,79.5663],[-73.7337,79.4961],[-73.9658,79.5635],[-73.9922,79.4586],[-74.2820,79.4399],[-74.9963,79.5134],[-75.0646,79.4940],[-74.8885,79.4156],[-75.0279,79.3732],[-77.1337,79.5486],[-77.1885,79.5084],[-76.1935,79.4702],[-76.1523,79.3950],[-75.8801,79.3568],[-76.8732,79.3500],[-77.1245,79.4689],[-77.4015,79.4530],[-77.1618,79.3301],[-78.0593,79.3568],[-77.3257,79.2674],[-77.4970,79.2476],[-74.4687,79.2271],[-74.8249,79.1793],[-74.4408,79.0626],[-75.7571,79.0842],[-76.0887,79.2046],[-78.1824,79.1954],[-78.2573,79.1719],[-76.0856,79.1036],[-76.1686,79.0773],[-78.8954,79.0694],[-77.7031,79.0080],[-78.2989,78.7957],[-78.2268,78.7722],[-77.7180,78.9697],[-76.7328,79.0367],[-75.7807,78.9820],[-75.7219,78.9670],[-76.4592,78.8493],[-75.7442,78.8971],[-74.7737,78.8348],[-74.9063,78.7883],[-74.7219,78.7126],[-74.8728,78.6442],[-74.6325,78.5896],[-75.3981,78.5156],[-76.6616,78.5282],[-75.0298,78.3364],[-75.6262,78.1998],[-76.6047,78.2551],[-76.9154,78.2067],[-75.5819,78.1130],[-75.9339,77.9586],[-76.2324,78.0211],[-76.8806,77.9050],[-78.2165,78.0025],[-78.4299,77.9113],[-77.9807,77.8167],[-77.9421,77.7604],[-78.0798,77.6785],[-77.7162,77.6096],[-77.9764,77.5602],[-77.9421,77.5134],[-78.2785,77.4315],[-78.2521,77.3870],[-78.6896,77.3190],[-78.8408,77.3154],[-78.7710,77.3849],[-79.1332,77.2913],[-80.5514,77.3098],[-81.2968,77.4365],[-81.9374,77.6853],[-81.6730,77.5236],[-81.7372,77.4348],[-81.1709,77.3325],[-82.1981,77.3017],[-81.9176,77.2533],[-81.8576,77.1704],[-81.1030,77.2874],[-80.1151,77.2055],[-80.3724,77.0746],[-79.7178,77.2433],[-79.4324,77.2385],[-79.0065,77.1047],[-79.3756,76.9256],[-78.9030,76.9341],[-78.9643,76.8423],[-78.7203,76.8275],[-78.7241,76.8834],[-78.3844,77.0040],[-78.0908,77.0228],[-77.7162,76.8219],[-77.7897,76.7763],[-77.7707,76.6642],[-78.0322,76.6334],[-78.3672,76.4656],[-78.7742,76.5773],[-79.2932,76.3023],[-81.0724,76.1291],[-80.9580,76.1981],[-81.0952,76.2186],[-80.7724,76.4199],[-81.2180,76.4998],[-81.2068,76.5635],[-81.5381,76.4730],[-82.0556,76.5164],[-81.9863,76.5842],[-82.0615,76.6165],[-81.7832,76.6884],[-82.2762,76.6348],[-82.7297,76.8209],[-82.5118,76.6622],[-82.0821,76.5681],[-82.2254,76.5202],[-82.1381,76.4387],[-83.0010,76.4362],[-83.1025,76.4656],[-83.1161,76.5886],[-83.3911,76.6779],[-83.3810,76.7613],[-83.5276,76.7087],[-83.2516,76.5772],[-83.1850,76.4308],[-83.7127,76.4350],[-84.2929,76.6638],[-84.1972,76.6181],[-84.2158,76.4507],[-84.6333,76.4390],[-84.9874,76.5860],[-85.0558,76.5202],[-84.9420,76.4223],[-84.3880,76.3151],[-85.2033,76.2842],[-86.3474,76.3885],[-86.4175,76.4716],[-86.2071,76.5271],[-86.5779,76.6416],[-86.6317,76.6370],[-86.3028,76.5276],[-86.6427,76.4771],[-86.7219,76.3483],[-87.4330,76.4656],[-87.4609,76.5886],[-87.5630,76.6201],[-87.5952,76.5375],[-87.4957,76.5032],[-87.5473,76.4490],[-87.4063,76.3558],[-88.4035,76.3936],[-88.3584,76.4377],[-88.4410,76.4656],[-88.3543,76.5191],[-88.5195,76.6214],[-88.5069,76.8237],[-88.7085,76.7121],[-88.5850,76.6370],[-88.6601,76.6022],[-88.4963,76.5475],[-88.6183,76.4044],[-88.6958,76.4152],[-88.6129,76.4861],[-88.7104,76.6008],[-88.9106,76.4104],[-89.6811,76.5749],[-89.3863,76.7326],[-89.5371,76.8567],[-88.3932,77.1025],[-88.5440,77.1025],[-88.4946,77.1141],[-86.6037,77.1782],[-87.1813,77.2001],[-86.9129,77.2670],[-87.2486,77.3079],[-86.8503,77.3638],[-87.7210,77.3700],[-87.7831,77.4383],[-87.6465,77.4867],[-87.7005,77.5407],[-88.2114,77.6503],[-88.1533,77.7423],[-88.2350,77.7741],[-88.1052,77.8150],[-88.2219,77.8628],[-87.1920,77.9045],[-86.4521,77.8364],[-85.9743,77.7133],[-85.7185,77.4744],[-85.7956,77.4252],[-85.5080,77.4791],[-85.4022,77.4007],[-84.4661,77.3017],[-84.6170,77.3836],[-83.4662,77.3489],[-83.8361,77.4588],[-83.3889,77.5141],[-82.9861,77.6785],[-82.5408,77.9249],[-82.5960,78.0211],[-82.3210,78.0825],[-82.7648,78.0276],[-82.7359,77.9283],[-83.6784,77.5345],[-84.7610,77.5202],[-84.8681,77.5734],[-84.6312,77.6301],[-84.4350,77.7285],[-84.9430,77.6027],[-85.2824,77.6596],[-85.3506,77.7399],[-84.9714,77.8437],[-85.4016,77.8316],[-84.3153,77.8976],[-85.4726,77.8720],[-85.6795,77.9351],[-85.0627,78.0626],[-84.7066,78.0347],[-84.2886,78.0825],[-85.0974,78.1030],[-85.0353,78.1788],[-84.0279,78.1788],[-84.9683,78.2140],[-84.8088,78.3265],[-84.5759,78.3535],[-84.8708,78.3699],[-84.6170,78.5896],[-84.8572,78.5071],[-85.0285,78.2886],[-85.4914,78.1060],[-86.2893,78.0833],[-86.2556,78.1583],[-85.9391,78.2373],[-85.8602,78.3855],[-86.2364,78.2050],[-86.5062,78.2151],[-86.7697,78.1204],[-87.5366,78.1446],[-87.0910,78.2067],[-87.5230,78.2333],[-87.5292,78.4109],[-87.1572,78.5493],[-86.8583,78.5487],[-87.1223,78.5828],[-86.9404,78.7141],[-86.6098,78.8092],[-85.0310,78.9218],[-83.7456,78.8388],[-82.3428,78.5692],[-82.2390,78.5943],[-82.5960,78.7064],[-82.2192,78.7268],[-82.7734,78.7337],[-83.2601,78.8367],[-81.7536,78.8430],[-81.6568,78.8907],[-81.7599,78.9186],[-81.6985,78.9785],[-81.4787,79.0490],[-82.5345,78.8851],[-84.2792,78.9553],[-84.7521,79.0389],[-84.4529,79.1483],[-83.9824,79.0510],[-83.4474,79.0289],[-83.3631,79.0552],[-84.0279,79.1588],[-83.9624,79.2204],[-84.3296,79.1923],[-84.4866,79.4127],[-84.8793,79.4874],[-85.0210,79.6175],[-86.4746,79.7609],[-86.4819,79.8216],[-86.3784,79.8235],[-86.4746,79.8925],[-86.3962,79.9629],[-85.2538,79.9260],[-86.5346,80.0308],[-86.6537,80.1369],[-86.5039,80.3090],[-83.7878,80.2509],[-82.1708,79.8688],[-81.9858,79.7274],[-81.6705,79.6933],[-81.6159,79.6243],[-81.7872,79.6113],[-80.5874,79.5691],[-80.6427,79.5908],[-79.7520,79.7069],[-80.8810,79.6539],[-81.5234,79.7180],[-81.6289,79.7683],[-81.5655,79.8066],[-81.6616,79.9075],[-81.4037,79.9396],[-82.1687,80.0182],[-83.2055,80.3232],[-80.0511,80.5275],[-78.0523,80.5690],[-79.9643,80.6174],[-78.1892,80.8060],[-76.5152,80.8560],[-78.9364,80.8787],[-78.8619,80.9254],[-78.9090,81.0016],[-78.3945,81.1463],[-78.4441,81.1705],[-76.7441,81.4404],[-78.1917,81.3051],[-78.6828,81.1917],[-78.7368,81.1136],[-79.5050,81.2003],[-79.0661,81.0910],[-79.3467,81.0016],[-79.1949,80.9594],[-79.6144,80.8276],[-80.8755,80.6629],[-82.9131,80.5394],[-83.1682,80.5877],[-81.7599,80.8167],[-83.3017,80.6984],[-83.5686,80.7416],[-83.1236,80.831],[-83.2737,80.8465],[-83.8628,80.7620],[-83.7194,80.6317],[-83.8460,80.5440],[-85.1213,80.5040],[-85.8645,80.5429],[-85.5628,80.6249],[-86.0502,80.5378],[-86.7490,80.6044],[-85.6224,80.9802],[-82.3632,81.1798],[-85.7809,81.0340],[-87.2760,80.6317],[-87.7065,80.6454],[-89.4621,80.9147],[-86.6992,81.0054],[-84.7336,81.2835],[-85.2450,81.2990],[-87.3884,81.0694],[-89.8261,81.0130],[-90.3527,81.1736],[-89.9836,81.2498],[-88.9338,81.2487],[-89.9555,81.3306],[-88.8178,81.4610],[-88.8889,81.5004],[-87.2486,81.4951],[-88.3426,81.5905],[-90.4923,81.3708],[-90.8598,81.4473],[-89.5856,81.6323],[-90.0920,81.6260],[-90.0237,81.6459],[-90.2986,81.7040],[-90.3564,81.6906],[-90.2912,81.6459],[-90.7158,81.6743],[-91.0075,81.6083],[-90.9623,81.5634],[-91.4700,81.5298],[-91.4085,81.5503],[-91.9566,81.6602],[-90.2429,81.8998],[-89.7217,81.9233],[-89.3353,81.8090],[-89.1474,81.8855],[-89.4132,81.9295],[-89.0792,81.9141],[-88.9890,81.9277],[-89.0580,81.9885],[-89.0073,82.0068],[-88.0704,82.1072],[-87.3728,82.0773],[-87.1736,82.0158],[-87.2895,81.9644],[-86.7279,81.8930],[-87.1313,81.9755],[-86.8440,81.9885],[-86.9647,82.0515],[-86.1621,82.0458],[-85.3993,81.8569],[-85.7342,81.9885],[-85.2678,82.0080],[-84.7957,81.8855],[-85.0694,81.9885],[-84.8658,81.9935],[-84.7744,81.9186],[-84.6033,81.8930],[-84.7524,81.9911],[-86.7281,82.1374],[-86.8787,82.2083],[-85.4010,82.2770],[-85.3506,82.2902],[-85.5483,82.4157],[-85.9192,82.4335],[-84.7084,82.4830],[-84.6235,82.4525],[-84.9459,82.4274],[-83.6748,82.3489],[-82.9516,82.1258],[-83.1304,82.0711],[-81.8766,82.0438],[-82.6270,82.1037],[-83.0184,82.2361],[-82.9698,82.2984],[-79.2306,81.8178],[-79.9233,81.9885],[-79.8636,82.0269],[-80.9336,82.1039],[-80.9741,82.1345],[-80.8692,82.1598],[-81.2919,82.1628],[-82.7314,82.4048],[-82.4973,82.5093],[-81.4999,82.4977],[-81.4787,82.5025],[-82.3967,82.6192],[-82.3280,82.6591],[-80.5806,82.5434],[-81.5845,82.8005],[-81.4739,82.8303],[-80.3154,82.7864],[-80.1520,82.6807],[-79.8469,82.6437],[-79.9847,82.6943],[-78.5044,82.6880],[-79.8950,82.7652],[-79.9984,82.8035],[-79.6763,82.8314],[-80.4298,82.9003],[-80.1581,82.9392],[-79.3404,82.9755],[-79.0090,82.8747],[-78.6059,82.9435],[-78.5089,82.9213],[-78.5187,82.8460],[-78.1754,82.8314],[-78.1065,82.8383],[-78.2437,82.8662],[-77.8522,82.9260],[-77.1386,82.8668],[-76.5569,82.6754],[-75.8938,82.5987],[-76.2183,82.4520],[-75.4004,82.6192],[-76.3115,82.7564],[-75.9757,82.7905],[-76.3736,82.7905],[-77.3872,82.9897],[-77.1340,83.0369],[-74.2000,83.0021],[-73.8283,82.8657],[-72.5911,82.7011],[-72.5017,82.7290],[-73.6531,82.9271],[-72.7020,83.0965],[-71.6275,83.1033],[-71.7960,83.0201],[-70.8370,82.8860],[-71.5012,83.0096],[-71.1244,83.0995],[-69.6875,83.1165],[-69.7744,83.0512],[-69.4516,83.0369],[-69.6170,82.9899],[-69.0392,83.0457],[-68.9536,82.9831],[-68.1717,82.9991],[-68.1318,82.9331],[-66.2998,82.9345],[-66.8462,82.8121],[-68.6714,82.6397],[-68.6177,82.6304],[-66.6676,82.7118],[-65.8515,82.8423],[-65.1553,82.7700],[-65.3545,82.8035],[-65.1006,82.8519],[-65.2761,82.8787],[-64.6966,82.9097],[-64.9367,82.8724],[-64.4429,82.7604],[-64.1362,82.8373],[-63.4470,82.8267],[-63.3807,82.7700],[-63.8530,82.7216],[-62.9282,82.5707],[-63.0933,82.4683],[-63.3733,82.4410],[-63.0349,82.4567],[-62.8699,82.5167],[-62.1747,82.5298],[-62.3011,82.5212],[-62.3522,82.4820],[-61.5788,82.4888],[-61.0854,82.3311]]]}},{"type":"Feature","properties":{"name":"Newfoundland and Labrador"},"geometry":{"type":"MultiLineString","coordinates":[[[-64.5314,60.3039],[-64.3806,60.2451],[-64.6365,60.2930],[-64.7586,60.2383],[-64.5573,60.2698],[-64.4632,60.2383],[-64.5662,60.1763],[-64.4161,60.2233],[-64.3806,60.1701],[-64.8223,59.9854],[-64.3771,60.1297],[-64.3932,60.0144],[-64.5395,60.0109],[-64.4019,59.9414],[-64.5184,59.9025],[-64.2242,59.9975],[-64.3260,60.0602],[-64.1826,60.0322],[-64.1478,59.9844],[-64.2987,59.9435],[-64.1826,59.9155],[-64.2577,59.8746],[-64.1263,59.9074],[-64.2645,59.7647],[-63.9219,59.6555],[-64.0316,59.6449],[-64.1205,59.5183],[-64.0073,59.6240],[-63.8640,59.6113],[-63.9807,59.5064],[-63.8741,59.5729],[-63.7276,59.5199],[-63.7950,59.4221],[-64.0606,59.3872],[-63.7096,59.3681],[-63.8257,59.2446],[-63.6516,59.3681],[-63.5240,59.3231],[-63.6289,59.2169],[-63.3807,59.2787],[-63.4490,59.2446],[-63.4632,59.1931],[-63.3608,59.1982],[-63.4422,59.1205],[-63.9735,59.0789],[-64.0399,59.0179],[-63.8946,59.0596],[-63.8823,58.9619],[-63.8121,59.0460],[-63.1315,59.0623],[-63.3397,59.0323],[-63.2224,59.0050],[-63.3055,58.9429],[-63.1831,58.9843],[-63.2298,58.9429],[-63.1616,58.9224],[-63.3260,58.8610],[-63.1678,58.8815],[-63.1547,58.8262],[-63.0145,58.8974],[-63.0523,58.8610],[-62.9146,58.7511],[-63.0449,58.7101],[-62.8445,58.6851],[-63.1678,58.5048],[-63.4422,58.5246],[-63.5240,58.4774],[-63.3397,58.4632],[-63.5930,58.3055],[-63.2640,58.4700],[-63.0858,58.4563],[-63.1571,58.3950],[-63.1616,58.3676],[-63.0633,58.4516],[-62.5582,58.4774],[-62.6539,58.4147],[-62.6234,58.3092],[-62.8555,58.2686],[-62.9075,58.2143],[-62.6675,58.2714],[-62.5833,58.2352],[-62.6352,58.1867],[-63.0790,58.1553],[-63.0108,58.1410],[-63.3397,57.9839],[-63.1195,58.0048],[-62.9261,58.1328],[-62.4620,58.1819],[-62.5173,58.0585],[-62.3766,58.1129],[-62.4285,58.0864],[-62.3050,58.0311],[-62.5344,58.0056],[-62.6749,57.9356],[-62.4211,57.9635],[-62.4207,57.8706],[-62.3391,57.9839],[-62.3240,57.9090],[-62.1408,57.9782],[-62.0657,57.8989],[-62.1187,57.7974],[-62.0071,57.7813],[-61.8867,57.6376],[-62.3489,57.4577],[-62.5336,57.4960],[-62.3770,57.4285],[-61.9003,57.4154],[-61.8047,57.3670],[-61.9276,57.3670],[-61.8804,57.2776],[-62.0116,57.2429],[-61.7842,57.1547],[-61.6197,57.2299],[-61.6964,57.1579],[-61.3591,57.0895],[-61.3448,56.9555],[-61.5017,56.9789],[-61.6641,56.8089],[-61.9046,56.7937],[-61.8867,56.7023],[-61.6949,56.7296],[-61.8199,56.7089],[-61.6881,56.6203],[-62.5030,56.7848],[-62.0886,56.8412],[-62.5856,56.7978],[-61.9140,56.6265],[-62.2429,56.6203],[-61.7120,56.5753],[-61.6675,56.5032],[-62.1473,56.4552],[-61.8139,56.4033],[-61.6055,56.2839],[-62.0784,56.2982],[-61.9352,56.2173],[-61.3448,56.2224],[-61.4094,56.1323],[-61.3386,56.1110],[-61.4553,56.0580],[-61.2349,56.0437],[-61.5030,56.0101],[-61.1389,55.9721],[-61.0785,55.8928],[-61.1932,55.8796],[-61.0985,55.8483],[-60.7285,55.8252],[-60.9439,55.7298],[-60.6019,55.8195],[-60.6813,55.5645],[-60.5079,55.8040],[-60.3347,55.7819],[-60.5253,55.6167],[-60.3995,55.6129],[-60.4547,55.5031],[-60.3408,55.5827],[-60.3040,55.5304],[-60.4547,55.4478],[-60.4820,55.3522],[-60.3277,55.4948],[-60.3653,55.4348],[-60.2540,55.5049],[-60.1940,55.4274],[-60.5025,55.2703],[-60.6124,55.1679],[-60.3553,55.2591],[-60.6738,55.0506],[-60.6875,54.9954],[-60.2690,55.2429],[-60.1395,55.2840],[-60.1940,55.1946],[-60.0228,55.2765],[-60.2971,55.0233],[-59.7763,55.3318],[-59.7354,55.2014],[-59.9744,55.1559],[-59.9639,55.1171],[-59.6434,55.1335],[-59.5305,55.2140],[-59.4300,55.1420],[-59.7354,54.9680],[-59.9219,54.7432],[-59.1597,55.2387],[-59.1426,55.1547],[-59.3862,55.0045],[-59.3825,54.9780],[-59.0274,55.1619],[-58.9542,55.1310],[-59.0447,54.9988],[-58.8924,54.9544],[-59.0154,54.8930],[-58.9056,54.9224],[-58.9138,54.8482],[-58.4223,54.7440],[-58.2035,54.7974],[-57.8648,54.7449],[-57.6859,54.6379],[-57.3504,54.5894],[-57.4319,54.5571],[-57.4116,54.4913],[-57.7070,54.4752],[-57.4190,54.4610],[-57.6338,54.3834],[-58.1861,54.3585],[-58.2613,54.3101],[-58.0974,54.3318],[-58.7274,54.1456],[-59.5796,54.0503],[-59.3028,54.0183],[-58.6981,54.1243],[-58.3711,54.2282],[-58.6263,54.0442],[-59.0427,54.0302],[-58.9197,54.0159],[-59.4745,53.8281],[-60.1326,53.7831],[-60.0165,53.7080],[-60.0941,53.7003],[-60.0710,53.5664],[-60.1360,53.5293],[-60.8594,53.8351],[-60.9202,53.7143],[-60.6367,53.7038],[-60.1016,53.5020],[-60.0637,53.5088],[-60.0370,53.4399],[-60.4122,53.3579],[-60.1812,53.3363],[-60.4206,53.2686],[-60.1289,53.2754],[-60.1426,53.3336],[-59.7838,53.4815],[-59.8794,53.5381],[-59.6072,53.5338],[-59.3170,53.6869],[-59.0222,53.7143],[-59.0706,53.7962],[-58.8406,53.9470],[-58.1280,54.0978],[-57.7957,54.0712],[-58.1506,54.1405],[-58.3217,54.0928],[-58.4155,54.1404],[-58.3560,54.2095],[-57.4661,54.2003],[-57.1580,53.9511],[-57.2134,53.8790],[-57.0757,53.8241],[-57.1378,53.8241],[-57.1241,53.7416],[-57.5493,53.5907],[-57.3177,53.5851],[-57.3774,53.4337],[-57.2811,53.4399],[-56.9834,53.7274],[-56.5960,53.7143],[-56.6176,53.7695],[-56.4798,53.7900],[-56.4116,53.7279],[-56.7269,53.6869],[-55.9796,53.5497],[-56.2634,53.5536],[-55.9659,53.4126],[-56.0410,53.3716],[-55.8165,53.3403],[-55.9113,53.3096],[-55.7454,53.2556],[-55.8430,53.2146],[-55.7468,53.1457],[-55.9454,53.1184],[-55.8771,53.0768],[-55.9313,53.0258],[-56.0587,53.0426],[-56.1651,53.0284],[-55.9041,52.9835],[-55.8021,52.8406],[-55.9751,52.7778],[-56.1624,52.8179],[-55.7537,52.6249],[-56.0972,52.6621],[-55.9864,52.5567],[-56.1170,52.5703],[-56.2181,52.5402],[-56.2984,52.5726],[-56.5003,52.5977],[-56.2667,52.5385],[-55.8287,52.5219],[-55.6475,52.4431],[-55.6538,52.3650],[-55.8082,52.3854],[-55.7835,52.3386],[-56.1987,52.4468],[-55.7093,52.2960],[-55.7946,52.2407],[-55.6165,52.2203],[-55.7803,52.2066],[-55.6848,52.1116],[-55.9659,52.0216],[-55.9341,51.9252],[-56.6824,51.6481],[-56.8253,51.4899],[-57.0484,51.4190],[-57.1008,51.4192],[-57.1009,52.0000],[-63.7387,51.9997],[-63.8195,52.0681],[-63.6400,52.0506],[-63.7495,52.3223],[-63.9726,52.3535],[-64.0811,52.4734],[-63.8759,52.6084],[-63.3790,52.6511],[-63.5957,52.7708],[-63.6120,52.8612],[-64.1657,52.6754],[-64.1279,52.3865],[-64.2208,52.2661],[-64.1554,52.1320],[-64.2517,52.1148],[-64.2345,51.9807],[-64.3618,51.9669],[-64.2792,51.7399],[-64.5303,51.5920],[-64.7711,51.7640],[-64.9568,51.7227],[-65.2766,51.8672],[-65.3386,51.8190],[-65.3764,51.9841],[-65.5002,52.0976],[-65.6619,51.9876],[-65.6550,52.1079],[-65.9920,52.0598],[-66.2844,52.3074],[-66.2637,52.1561],[-66.3738,52.1423],[-66.4804,52.3349],[-66.3497,52.3590],[-66.4048,52.6479],[-66.2878,52.6101],[-66.4013,52.8440],[-66.2878,52.8474],[-66.4254,53.0366],[-66.6249,52.9368],[-66.7693,52.6789],[-67.0410,52.7752],[-67.0617,52.8749],[-67.1649,52.8199],[-67.3024,52.8680],[-67.3850,53.1053],[-67.2405,53.1673],[-66.9963,53.0813],[-67.0101,53.3530],[-66.8897,53.4149],[-67.3231,53.5662],[-67.5948,53.7829],[-67.5226,53.8379],[-67.8080,54.0340],[-67.6395,54.1887],[-67.7495,54.4261],[-67.5088,54.4880],[-67.4985,54.5946],[-67.2680,54.4845],[-67.2612,54.5705],[-67.0858,54.6806],[-67.4228,54.9970],[-67.4080,55.0806],[-66.7013,54.7401],[-66.6071,54.8039],[-66.7288,54.9386],[-66.6607,54.9842],[-66.7623,55.1042],[-66.6887,55.2017],[-66.8371,55.3172],[-66.7704,55.3387],[-66.2543,54.9981],[-65.8559,54.9075],[-65.6806,54.7148],[-65.4798,54.7309],[-65.4725,54.8420],[-65.2958,54.8256],[-65.1027,54.9568],[-64.7821,54.8347],[-64.7675,54.7382],[-64.3922,54.7892],[-63.8985,54.6016],[-63.7291,54.6471],[-63.9040,54.7819],[-63.8147,54.9404],[-63.6052,54.9021],[-63.5888,55.1208],[-63.4103,55.2519],[-63.6599,55.2701],[-63.3301,55.3886],[-63.7674,55.4614],[-63.6690,55.6236],[-63.7491,55.6545],[-63.6963,55.7766],[-63.8402,55.9132],[-63.4449,56.0228],[-63.8043,56.0432],[-63.8618,56.1232],[-64.0103,56.0697],[-64.0109,56.1555],[-63.8768,56.2172],[-64.0910,56.2628],[-64.1696,56.4256],[-63.8771,56.4393],[-64.1257,56.7092],[-63.9974,56.8547],[-63.8713,56.8781],[-63.8760,57.0592],[-63.7433,57.2267],[-63.8204,57.2745],[-63.8501,57.1918],[-63.8691,57.2497],[-63.7079,57.3852],[-63.7649,57.5643],[-63.5839,57.7080],[-63.6959,57.6589],[-63.9394,57.8009],[-64.0538,57.7678],[-64.2213,58.0452],[-64.4276,58.0748],[-64.3896,58.1877],[-64.2091,58.2379],[-64.1564,58.3481],[-63.8198,58.4741],[-63.8904,58.5668],[-64.0779,58.5520],[-64.0594,58.6690],[-63.4837,58.7586],[-63.7604,58.8790],[-64.1570,58.7507],[-64.3104,58.8846],[-64.8821,58.9350],[-64.7542,59.0650],[-64.2920,59.0072],[-64.5339,59.1953],[-64.5034,59.4295],[-64.3493,59.5051],[-64.7020,59.4472],[-64.9031,59.6038],[-64.7744,59.6992],[-64.7676,59.8800],[-64.6543,59.9166],[-64.8453,59.9682],[-64.9042,60.0477],[-64.5991,60.1178],[-64.8446,60.2641],[-64.7642,60.2896],[-64.5314,60.3039]],[[-52.6288,47.5266],[-52.9376,47.0878],[-52.8544,47.0263],[-53.0668,46.6655],[-53.1928,46.6276],[-53.2659,46.739],[-53.3894,46.6837],[-53.3553,46.739],[-53.5546,46.6183],[-53.6364,46.7113],[-53.4857,46.9028],[-53.6448,46.8011],[-53.5211,46.9446],[-53.6433,46.9854],[-53.4986,47.1356],[-53.5601,47.2045],[-53.9478,46.8581],[-54.1885,46.8284],[-54.0104,47.2338],[-53.9317,47.2343],[-53.9962,47.3172],[-53.8078,47.4236],[-53.9234,47.4540],[-53.8925,47.5988],[-54.0815,47.8754],[-54.1250,47.8281],[-54.1709,47.8754],[-54.2665,47.9034],[-54.1982,47.8333],[-54.4583,47.4994],[-54.4036,47.4509],[-54.6159,47.3689],[-54.4173,47.6091],[-54.6644,47.3758],[-54.8378,47.4192],[-55.0269,47.1725],[-55.0880,47.2062],[-55.1360,47.1697],[-55.0746,47.081],[-55.1546,47.0126],[-55.1961,47.0696],[-55.2508,46.9188],[-55.4178,46.8666],[-55.5278,46.9438],[-55.7394,46.8544],[-55.9799,46.9703],[-55.8698,47.0751],[-55.4871,47.1402],[-55.1839,47.4603],[-54.6985,47.6706],[-55.0884,47.6017],[-54.9381,47.7873],[-55.1311,47.5835],[-55.1298,47.6638],[-55.3623,47.6541],[-55.3558,47.7321],[-55.4273,47.7195],[-55.4702,47.6268],[-55.3967,47.6160],[-55.4070,47.5014],[-55.5985,47.3993],[-55.5892,47.4577],[-55.6642,47.4372],[-55.5892,47.5123],[-55.6384,47.5453],[-55.9175,47.4372],[-55.7468,47.5880],[-56.1619,47.4919],[-55.6295,47.6774],[-55.9144,47.6592],[-55.7394,47.9238],[-55.7803,47.9580],[-55.8600,47.7912],[-56.0593,47.6995],[-56.1509,47.8419],[-56.1807,47.6306],[-56.3017,47.6290],[-56.3085,47.7525],[-56.3358,47.6160],[-56.6995,47.6222],[-56.6761,47.5773],[-56.7542,47.6365],[-56.7058,47.5676],[-56.7914,47.5300],[-57.1465,47.5723],[-57.1719,47.6365],[-57.7678,47.6160],[-57.9186,47.6501],[-57.8845,47.6973],[-58.3547,47.6491],[-58.2613,47.7525],[-58.4257,47.6365],[-59.1463,47.5609],[-59.3084,47.6225],[-59.2828,47.7594],[-59.4058,47.8966],[-58.5704,48.4403],[-58.4946,48.4583],[-58.6044,48.4037],[-58.2722,48.5209],[-58.7032,48.5545],[-59.2624,48.4726],[-58.7689,48.7804],[-58.9588,48.6161],[-58.7137,48.5681],[-58.3984,49.1367],[-58.3574,49.0616],[-58.2133,49.0742],[-58.0685,48.9791],[-57.8845,48.9722],[-58.0462,48.9964],[-58.1354,49.1269],[-57.9124,49.1299],[-57.8504,49.1845],[-58.0799,49.1467],[-57.9260,49.2465],[-58.1934,49.2430],[-58.2286,49.3709],[-58.0012,49.5619],[-57.8974,49.4391],[-57.8714,49.5066],[-57.7003,49.4628],[-57.8776,49.5322],[-57.9481,49.6795],[-57.3552,50.6065],[-57.1983,50.5969],[-57.1547,50.6256],[-57.3969,50.7086],[-57.1655,50.7531],[-56.9255,50.9181],[-57.0894,51.0211],[-56.9007,51.0182],[-56.9801,51.0553],[-56.7952,51.1378],[-56.7202,51.3193],[-55.8928,51.6277],[-55.8225,51.6238],[-55.8728,51.4955],[-55.6096,51.4804],[-55.7378,51.5549],[-55.6321,51.6100],[-55.4042,51.5629],[-55.5345,51.5083],[-55.4581,51.4632],[-55.5960,51.3091],[-56.0895,51.3705],[-56.0143,51.2750],[-56.0757,51.2333],[-55.9656,51.1590],[-55.7644,51.2174],[-55.7331,51.0830],[-56.0806,50.7206],[-56.1037,50.9050],[-56.1613,50.8782],[-56.1000,50.6686],[-56.4116,50.3768],[-56.5003,50.3910],[-56.4441,50.3043],[-56.6722,50.1304],[-56.7684,49.8302],[-56.9051,49.7537],[-56.7815,49.7294],[-56.8566,49.5482],[-56.1168,50.1583],[-56.0621,50.0827],[-56.1918,49.9249],[-55.9591,50.0410],[-55.7464,49.9319],[-55.4929,50.0143],[-55.4650,49.9625],[-56.0019,49.7525],[-56.1654,49.5746],[-55.9684,49.7028],[-55.8356,49.6916],[-55.9386,49.6096],[-55.9007,49.5624],[-56.1307,49.4291],[-55.8220,49.5220],[-55.7192,49.4756],[-55.7878,49.4520],[-55.6785,49.4725],[-55.6574,49.3837],[-55.5209,49.4935],[-55.5693,49.3626],[-55.3701,49.5066],[-55.4315,49.4247],[-55.3148,49.4520],[-55.4452,49.3558],[-55.2885,49.4007],[-55.3421,49.3558],[-55.3148,49.3148],[-55.2363,49.3899],[-55.3148,49.5346],[-55.1988,49.5066],[-55.2124,49.5346],[-55.1556,49.5493],[-55.1360,49.5407],[-55.3831,49.0473],[-55.1844,49.1230],[-55.2776,49.1060],[-55.2884,49.1945],[-55.0541,49.2943],[-55.0821,49.3626],[-55.0131,49.3490],[-55.0340,49.2302],[-54.8804,49.2890],[-54.8337,49.4096],[-54.8169,49.2756],[-54.4693,49.5460],[-54.5340,49.4452],[-54.4310,49.4725],[-54.4834,49.2676],[-54.3729,49.4223],[-54.2193,49.4173],[-54.2323,49.3626],[-54.0447,49.4817],[-53.4925,49.2875],[-53.4536,49.2421],[-53.6223,49.1171],[-53.5899,49.0520],[-53.8382,49.0336],[-53.7252,49.0138],[-53.8829,48.9927],[-53.8109,48.9313],[-54.1976,48.7742],[-53.8444,48.8390],[-53.8004,48.8146],[-53.9177,48.8009],[-53.8779,48.7479],[-54.0201,48.7463],[-53.9313,48.6296],[-53.7935,48.6780],[-53.9166,48.6727],[-53.8351,48.7503],[-53.7261,48.6599],[-53.6041,48.6767],[-53.9034,48.5886],[-53.9586,48.5470],[-53.7110,48.5607],[-53.7488,48.5197],[-54.1641,48.3906],[-53.8553,48.4752],[-53.8560,48.3683],[-53.6568,48.5465],[-53.6153,48.4993],[-53.7252,48.4315],[-53.6328,48.4514],[-53.5818,48.5265],[-53.6153,48.4098],[-53.4372,48.6159],[-53.2435,48.5263],[-53.0768,48.7035],[-52.9847,48.5545],[-53.1874,48.3552],[-53.3548,48.3866],[-53.3690,48.2938],[-53.6394,48.1693],[-53.9252,48.2370],[-53.9051,48.0851],[-53.6631,48.0611],[-53.9083,48.0210],[-53.6085,48.0542],[-53.6973,47.8966],[-53.7873,47.9034],[-53.7252,47.8897],[-53.7916,47.7746],[-53.8675,47.8434],[-53.9289,47.8524],[-53.7631,47.6256],[-53.6661,47.6840],[-53.6700,47.5266],[-53.5538,47.5392],[-53.4986,47.7464],[-53.2764,48.0164],[-53.0610,48.0519],[-52.9233,48.1709],[-52.8367,48.1054],[-53.2073,47.7359],[-53.1561,47.6837],[-53.2620,47.6142],[-53.1704,47.6091],[-53.2597,47.5585],[-53.1839,47.5607],[-53.1952,47.4370],[-53.1293,47.4168],[-52.8763,47.5882],[-52.7725,47.8010],[-52.6288,47.5266]]]}},{"type":"Feature","properties":{"name":"Nova Scotia"},"geometry":{"type":"MultiLineString","coordinates":[[[-64.0427,45.9919],[-63.6697,45.8233],[-63.4919,45.8826],[-63.4085,45.8544],[-63.5159,45.8108],[-63.2298,45.8060],[-63.3807,45.7719],[-63.2879,45.7241],[-63.0654,45.7588],[-63.1006,45.8113],[-62.6749,45.7719],[-62.7569,45.7588],[-62.6334,45.7173],[-62.7705,45.6744],[-62.7497,45.6128],[-62.6129,45.6906],[-62.4704,45.6144],[-61.9114,45.8889],[-61.8762,45.6926],[-61.6197,45.6143],[-61.4925,45.6906],[-61.2372,45.5057],[-61.4615,45.3548],[-60.9986,45.3331],[-60.9686,45.2716],[-61.0369,45.2996],[-61.1197,45.2134],[-61.1647,45.2636],[-61.1747,45.2027],[-61.2785,45.2540],[-61.3891,45.1635],[-61.6871,45.1753],[-61.6396,45.0873],[-61.8252,45.0990],[-62.4483,44.8334],[-62.4757,44.9011],[-62.5309,44.8062],[-62.8053,44.7850],[-62.8304,44.7177],[-63.0585,44.7782],[-63.0585,44.6751],[-63.1193,44.7906],[-63.1404,44.6888],[-63.2366,44.7372],[-63.2851,44.6274],[-63.4169,44.6829],[-63.4389,44.5963],[-63.6618,44.7167],[-63.5232,44.5181],[-63.6328,44.4407],[-63.7933,44.4684],[-63.7847,44.5318],[-63.9294,44.5113],[-63.8884,44.6963],[-64.0659,44.6342],[-64.0113,44.5113],[-64.0758,44.4766],[-64.1621,44.5796],[-64.3055,44.5659],[-64.3397,44.4151],[-64.2105,44.3673],[-64.3471,44.3673],[-64.2690,44.2670],[-64.4290,44.3399],[-64.3601,44.2717],[-64.4979,44.1407],[-64.6061,44.1585],[-64.5764,44.0692],[-64.7170,44.0588],[-64.6669,43.9978],[-64.8474,43.9291],[-64.7859,43.8744],[-64.8389,43.8296],[-64.9667,43.8736],[-64.9839,43.7578],[-65.0391,43.8323],[-65.0249,43.7162],[-65.0869,43.7578],[-65.1285,43.6746],[-65.2378,43.8055],[-65.2503,43.6734],[-65.3675,43.7435],[-65.3408,43.5449],[-65.4568,43.5995],[-65.4016,43.5039],[-65.4501,43.5604],[-65.4748,43.4709],[-65.5659,43.5740],[-65.7295,43.5134],[-65.8616,43.8055],[-65.9713,43.7800],[-65.9966,43.8540],[-65.9796,43.7059],[-66.1216,43.7435],[-66.1905,44.1653],[-66.0949,44.3741],[-65.8404,44.5733],[-65.9425,44.5834],[-66.1967,44.3909],[-65.9987,44.5796],[-65.7858,44.6963],[-65.6922,44.6207],[-65.4289,44.7782],[-65.7417,44.6678],[-65.7234,44.7274],[-64.8631,45.1395],[-64.4153,45.2716],[-64.4777,45.3411],[-64.3297,45.3095],[-64.3675,45.1078],[-64.2234,45.1083],[-64.1553,44.9837],[-64.1006,45.0593],[-64.1993,45.1486],[-64.1150,45.2160],[-63.3602,45.3610],[-64.5761,45.4156],[-64.7586,45.2996],[-64.9293,45.3263],[-64.8331,45.4839],[-64.3806,45.7923],[-64.3055,45.8265],[-64.3334,45.7446],[-64.2645,45.7651],[-64.2446,45.8813],[-64.0427,45.9919]],[[-60.0808,45.7924],[-60.6717,45.5736],[-60.8710,45.6456],[-61.2845,45.5476],[-61.4420,45.6817],[-61.5515,46.0217],[-60.6420,47.0037],[-60.3961,47.0263],[-60.4957,46.8954],[-60.3107,46.8544],[-60.3995,46.6701],[-60.3517,46.6012],[-60.6057,46.2113],[-60.4752,46.3200],[-60.4269,46.2840],[-60.6322,46.1179],[-60.8741,46.0791],[-61.1186,45.9494],[-60.7359,46.0565],[-60.8150,45.9369],[-61.0711,45.8954],[-60.9141,45.8544],[-61.1476,45.7079],[-60.9128,45.7561],[-60.8073,45.7207],[-60.8383,45.6422],[-60.7324,45.6843],[-60.7372,45.7737],[-60.3995,45.9979],[-60.6991,45.8909],[-60.7816,45.9542],[-60.3010,46.2186],[-60.6526,46.0722],[-60.2835,46.3275],[-60.2046,46.2418],[-60.2902,46.1561],[-60.2049,46.1422],[-60.1360,46.2517],[-59.8105,46.1698],[-59.9579,46.0274],[-59.8052,45.9355],[-60.1531,45.8470],[-60.0808,45.7924]]]}},{"type":"Feature","properties":{"name":"Northwest Territories"},"geometry":{"type":"MultiLineString","coordinates":[[[-136.4448,68.9099],[-135.1490,68.6604],[-135.5053,68.8454],[-135.3408,68.8386],[-136.0049,68.9479],[-135.9230,68.9621],[-135.9541,69.0484],[-135.7699,68.9915],[-135.5190,69.0297],[-135.9194,69.0934],[-135.9677,69.2221],[-135.4159,69.0987],[-135.8553,69.2904],[-135.6822,69.3302],[-135.5673,69.2290],[-135.5693,69.3446],[-135.1666,69.2630],[-135.2843,69.4145],[-135.1553,69.4797],[-134.4763,69.4437],[-134.4164,69.4974],[-134.5944,69.5128],[-134.4055,69.6368],[-134.4809,69.7274],[-134.2242,69.6815],[-134.1491,69.6331],[-134.2424,69.5772],[-134.1209,69.5443],[-133.7512,69.5511],[-134.2222,69.2726],[-134.3129,69.1539],[-133.6319,69.3991],[-133.0455,69.4345],[-132.8872,69.6610],[-132.5301,69.6319],[-132.3329,69.6846],[-132.6271,69.6740],[-132.5484,69.7429],[-132.2774,69.7743],[-132.4837,69.7361],[-132.1389,69.6879],[-131.4083,69.9614],[-131.2405,69.9330],[-131.1884,69.8248],[-130.8936,70.1060],[-130.7228,70.1320],[-130.7229,70.0785],[-130.5152,70.1771],[-130.4615,70.1749],[-130.5380,70.1528],[-130.5197,70.1048],[-130.3850,70.1656],[-130.2909,70.1060],[-130.3381,70.0855],[-130.1599,70.1060],[-130.1868,70.0525],[-130.0982,70.1128],[-129.9317,70.0761],[-129.6739,70.2699],[-129.6329,70.1675],[-129.4064,70.1211],[-129.5997,69.9911],[-130.5270,69.7838],[-130.9411,69.5659],[-131.0479,69.6437],[-131.9835,69.5368],[-132.1406,69.4140],[-132.1143,69.3614],[-132.3466,69.3075],[-132.3248,69.2492],[-132.4348,69.3041],[-132.4974,69.1601],[-132.5446,69.2904],[-132.7712,69.2563],[-132.9079,69.1308],[-132.8326,69.1129],[-132.8998,69.0763],[-132.8919,68.9827],[-132.9288,69.0816],[-133.1007,69.0720],[-133.2027,69.0379],[-133.2367,68.9137],[-133.4913,68.8425],[-133.2093,68.7150],[-132.9220,68.6939],[-133.3881,68.8454],[-132.4832,68.8054],[-132.3938,68.8659],[-132.5502,68.9201],[-132.4837,68.8858],[-132.7845,68.8510],[-132.7097,68.8858],[-132.8109,68.9373],[-132.6756,68.9273],[-132.8736,69.0577],[-132.4837,69.1471],[-132.4152,69.2378],[-132.4695,69.1129],[-132.3269,69.2337],[-132.2026,69.2188],[-132.2162,69.1539],[-132.1613,69.2460],[-131.8804,69.2846],[-131.7154,69.4003],[-131.9767,69.4077],[-131.9112,69.4281],[-131.4275,69.4351],[-131.5148,69.3359],[-131.3170,69.4938],[-131.2437,69.4077],[-131.2520,69.5038],[-131.2111,69.3984],[-131.4143,69.2979],[-131.3478,69.3170],[-131.1611,69.3935],[-131.2430,69.5853],[-131.1151,69.5167],[-131.1380,69.3697],[-131.0617,69.4890],[-131.1946,69.5921],[-131.1277,69.6210],[-131.0301,69.4618],[-131.1195,69.3252],[-130.9477,69.5388],[-130.9388,69.4243],[-131.0512,69.3389],[-130.9008,69.3856],[-131.0261,69.206],[-130.9278,69.1396],[-130.9451,69.2766],[-130.3797,69.6945],[-129.1229,69.8561],[-128.8860,69.9762],[-128.9328,69.8454],[-129.1736,69.8323],[-129.1536,69.7035],[-128.9415,69.6824],[-128.9676,69.7324],[-128.3103,69.9627],[-128.3372,70.1298],[-127.5152,70.2221],[-128.0323,70.2936],[-128.1110,70.3667],[-127.9062,70.3941],[-128.1782,70.3799],[-128.1634,70.4955],[-128.0018,70.5927],[-127.1364,70.2528],[-126.7747,69.9757],[-126.8057,69.8986],[-126.7017,69.7674],[-126.2452,69.5253],[-125.4488,69.3191],[-125.3701,69.3525],[-125.4595,69.4140],[-125.1612,69.3860],[-125.0889,69.4543],[-125.6240,69.4208],[-125.4839,69.5136],[-125.1168,69.4896],[-125.2943,69.5511],[-125.2193,69.5853],[-125.4383,69.6126],[-125.3701,69.6945],[-125.0679,69.7509],[-124.9369,69.6499],[-124.8220,69.7150],[-125.2813,69.8112],[-125.1805,69.8573],[-125.0646,69.7993],[-124.9151,69.9351],[-124.6302,69.9862],[-124.9927,70.0104],[-125.2094,69.9354],[-125.2062,70.0030],[-125.0138,70.0855],[-125.0060,70.0199],[-124.4173,70.0514],[-124.7532,70.1201],[-124.5545,70.1613],[-124.4081,70.1554],[-124.4439,70.1111],[-124.3627,70.0713],[-124.5408,69.9695],[-124.4353,69.9552],[-124.5069,69.9163],[-124.4037,69.8596],[-124.5067,69.7361],[-124.0344,69.6815],[-124.5210,69.4077],[-124.4228,69.3666],[-123.3826,69.4140],[-123.4432,69.4768],[-123.1656,69.5004],[-123.1004,69.6753],[-123.1573,69.7702],[-122.9509,69.8385],[-121.6438,69.7890],[-120.8073,69.6235],[-120.6808,69.5566],[-120.6696,67.9969],[-112.5038,65.5012],[-110.6694,65.4961],[-109.5163,64.9018],[-108.9728,64.7781],[-101.9990,64.2273],[-102.0015,60.0000],[-124.0255,60.0199],[-123.9808,60.0984],[-124.1956,60.3300],[-124.2161,60.4613],[-124.4164,60.4793],[-124.6197,60.6820],[-124.4787,60.7878],[-124.5986,60.9645],[-124.8057,60.9681],[-124.8918,60.8551],[-125.3641,60.7820],[-125.9013,60.8947],[-126.0141,60.8034],[-126.2012,60.8639],[-126.2885,60.7796],[-126.8339,60.7548],[-126.9365,61.0590],[-127.1000,61.0707],[-127.0072,61.1876],[-127.1457,61.4651],[-127.8068,61.6108],[-128.5465,62.1217],[-128.7790,62.0568],[-129.2876,62.1533],[-129.2017,62.2105],[-129.3093,62.3212],[-129.2157,62.3775],[-129.3046,62.4229],[-129.1716,62.4790],[-129.5519,62.5663],[-129.5169,62.6725],[-129.7732,62.8686],[-129.6138,63.0721],[-129.8446,63.0913],[-129.9053,63.1969],[-130.1500,63.2681],[-129.8228,63.4779],[-130.0945,63.6975],[-130.3179,63.7030],[-130.1144,63.8039],[-130.8625,64.0418],[-130.9419,64.1289],[-130.8726,64.1904],[-131.0605,64.2795],[-131.0034,64.3252],[-131.1456,64.4241],[-131.3844,64.4679],[-131.5989,64.3689],[-131.8186,64.3775],[-131.6817,64.5211],[-132.0537,64.6964],[-132.6153,64.8155],[-132.4812,64.8799],[-132.5074,64.9645],[-132.3344,65.0314],[-132.7813,65.2262],[-132.5544,65.2841],[-132.1725,65.5945],[-132.5694,65.8441],[-132.3347,65.9674],[-132.5827,66.0318],[-132.9020,65.9083],[-132.9938,65.9231],[-132.9072,66.0031],[-132.9554,66.0297],[-133.6117,65.9618],[-133.6084,66.0499],[-133.7046,66.0720],[-133.5671,66.1538],[-133.5643,66.2606],[-133.8190,66.3101],[-133.7596,66.4371],[-133.6293,66.4453],[-133.6924,66.5197],[-133.5919,66.5692],[-133.8341,66.7258],[-133.7700,66.8089],[-134.0911,66.9638],[-133.8310,67.0034],[-136.1673,67.0059],[-136.2374,67.1780],[-136.0951,67.2971],[-136.2009,67.4080],[-136.1573,67.5042],[-136.4447,67.7255],[-136.4448,68.9099]],[[-116.6347,69.6299],[-117.2520,69.7641],[-117.4420,69.9894],[-116.9650,70.1290],[-114.5094,70.3152],[-112.5862,70.2000],[-112.1376,70.2773],[-112.2608,70.3093],[-111.4456,70.2904],[-111.9810,70.3790],[-112.1724,70.5033],[-113.9883,70.7162],[-115.5606,70.5790],[-117.6978,70.6356],[-117.7338,70.7134],[-118.1868,70.8394],[-118.4214,70.9905],[-117.7980,71.1703],[-115.7289,71.3871],[-116.1902,71.4445],[-115.7420,71.5106],[-115.4190,71.4518],[-115.0567,71.5249],[-115.8235,71.5481],[-117.3902,71.3871],[-117.3806,71.4523],[-117.5649,71.5038],[-117.6315,71.4625],[-117.4830,71.4213],[-117.5513,71.3741],[-118.1619,71.3789],[-118.3082,71.4699],[-117.6721,71.5587],[-117.9693,71.6217],[-117.6953,71.6683],[-118.4093,71.5797],[-118.5906,71.6698],[-118.8631,71.6589],[-118.8885,71.5829],[-119.0508,71.6267],[-119.1376,71.7743],[-119.0543,71.9352],[-118.5767,72.1794],[-118.1055,72.2477],[-118.1744,72.3383],[-118.5405,72.3731],[-118.5686,72.4777],[-117.3692,72.9177],[-114.5842,73.3845],[-114.2651,73.3356],[-113.9583,73.1401],[-114.0567,72.8886],[-113.9810,72.8091],[-114.3366,72.7556],[-114.2480,72.6893],[-114.6042,72.6074],[-114.5461,72.5678],[-113.5087,72.7030],[-113.7340,72.6142],[-113.6595,72.6131],[-113.4398,72.6852],[-113.4432,72.7518],[-113.6039,72.7775],[-113.3909,72.9115],[-113.0150,73.0160],[-111.2196,72.7241],[-111.2892,72.5659],[-111.8875,72.3677],[-111.6588,72.3595],[-111.7533,72.2070],[-111.4182,72.3467],[-111.5895,72.3815],[-111.2952,72.4706],[-111.2053,72.4634],[-111.3766,72.3541],[-111.0279,72.2853],[-111.0862,72.4082],[-110.7876,72.4771],[-110.8360,72.5248],[-110.7040,72.5788],[-110.4855,72.5582],[-110.6033,72.5043],[-110.3342,72.4273],[-110.5344,72.5043],[-110.3495,72.5590],[-110.0036,72.4581],[-109.9999,70.0000],[-112.4999,70.0000],[-112.4997,69.9105],[-112.6591,69.9022],[-112.4004,69.8694],[-112.8748,69.8323],[-112.8987,70.0000],[-117.1236,70.0011],[-117.1436,69.8879],[-116.6347,69.6299]],[[-115.3236,73.5086],[-115.7537,73.3574],[-116.4590,73.2611],[-119.1638,72.6298],[-119.3401,72.3467],[-119.8056,72.2232],[-120.2547,72.2608],[-120.1580,72.1283],[-120.4339,71.9643],[-120.3824,71.6917],[-120.6352,71.4914],[-121.4231,71.3803],[-121.7005,71.4680],[-122.7977,71.0877],[-123.2552,71.1304],[-123.6691,71.4948],[-124.0645,71.7003],[-125.2534,71.9557],[-124.9588,71.9666],[-125.8775,71.9640],[-125.7415,72.0248],[-125.7520,72.1476],[-125.5694,72.1754],[-125.6792,72.2306],[-125.4905,72.2778],[-125.4383,72.4156],[-124.9523,72.5696],[-125.1026,72.6347],[-124.9455,72.7030],[-125.0206,72.7030],[-124.9766,72.7617],[-125.1134,72.8674],[-124.4759,72.9330],[-124.8599,73.0903],[-124.6439,73.1698],[-124.4037,73.3746],[-124.4343,73.4285],[-124.0679,73.5397],[-124.0738,73.6527],[-123.7737,73.7656],[-124.2132,73.8792],[-124.4658,74.0741],[-124.5456,74.2651],[-124.7556,74.3485],[-121.5808,74.5558],[-120.1565,74.2789],[-119.5183,74.2311],[-119.6622,74.2250],[-119.8179,74.1043],[-119.7652,74.0353],[-119.4798,74.2261],[-119.1443,74.2090],[-119.0692,74.0905],[-119.1893,73.9921],[-118.9518,74.0175],[-118.8050,74.1013],[-118.8831,74.1786],[-118.7254,74.2207],[-118.0659,74.2807],[-117.4164,74.2324],[-115.6190,73.6688],[-115.3236,73.5086]],[[-117.4625,76.0882],[-117.9354,75.7346],[-118.2706,75.6159],[-118.2023,75.6016],[-118.6139,75.5037],[-119.4090,75.6016],[-118.6212,75.9220],[-118.1744,75.9722],[-117.7986,76.1116],[-117.4625,76.0882]],[[-110.0036,74.8526],[-110.6661,74.7913],[-110.5890,74.7252],[-111.6575,74.5012],[-113.2210,74.4046],[-113.6930,74.4444],[-114.4398,74.6836],[-113.9719,74.8076],[-113.2176,74.8458],[-113.3299,74.8828],[-112.7978,74.9850],[-111.5858,75.0064],[-110.9180,75.2323],[-111.2435,75.2665],[-111.6243,75.1633],[-111.5616,75.1498],[-112.3460,75.1215],[-112.4734,75.1498],[-112.3369,75.2255],[-112.5895,75.1832],[-112.5952,75.2499],[-112.6788,75.2795],[-112.7409,75.2050],[-112.6993,75.1423],[-112.8570,75.1098],[-113.1381,75.1498],[-113.2064,75.0877],[-113.8866,75.0581],[-113.9576,75.0744],[-113.9290,75.1442],[-113.6453,75.1907],[-113.9395,75.1832],[-113.8129,75.3239],[-113.7842,75.3396],[-113.6013,75.3653],[-113.3231,75.4166],[-113.3231,75.4241],[-113.8739,75.3737],[-114.0706,75.4749],[-114.0464,75.3664],[-114.1957,75.2251],[-114.5112,75.3169],[-114.6151,75.2832],[-114.3032,75.1817],[-114.4408,75.0679],[-115.0576,74.9667],[-115.1959,75.0024],[-115.1734,75.0995],[-115.2628,75.1832],[-115.4057,75.1029],[-115.6665,75.1485],[-115.5371,75.0399],[-115.7154,74.9703],[-116.2559,75.0603],[-116.0436,75.1287],[-116.3384,75.1156],[-116.2565,75.2112],[-116.7672,75.1222],[-117.6884,75.2596],[-117.2022,75.4807],[-116.0419,75.4848],[-115.0021,75.6984],[-116.1156,75.5777],[-117.2490,75.6090],[-116.8853,75.7890],[-114.8273,75.8793],[-116.2025,75.8680],[-116.7363,75.9374],[-116.4613,75.9784],[-116.7015,76.0404],[-116.6302,76.1204],[-116.1627,76.2038],[-114.6669,76.1640],[-115.9269,76.2868],[-115.8518,76.3222],[-115.9133,76.3490],[-115.5123,76.4562],[-114.7005,76.5202],[-114.7625,76.4923],[-114.1592,76.4588],[-114.0909,76.3898],[-114.1797,76.3557],[-113.9630,76.1906],[-112.9942,76.2732],[-112.4256,76.1708],[-112.5257,76.1209],[-111.7267,75.9169],[-112.2270,75.8145],[-111.4590,75.8418],[-111.5964,75.8145],[-111.3698,75.7326],[-111.4107,75.6159],[-111.2508,75.5218],[-110.0036,75.5446],[-110.0036,74.8526]],[[-119.2448,76.1131],[-119.4595,76.2633],[-119.4863,76.3610],[-119.7168,76.3352],[-119.5646,76.1718],[-119.7032,76.1640],[-119.5523,76.1229],[-119.8056,76.1156],[-119.5233,76.0525],[-119.4859,75.9749],[-120.3874,75.8067],[-120.4890,75.8470],[-120.3884,75.9722],[-120.6837,76.0061],[-120.7324,76.0550],[-120.6491,76.1025],[-120.7515,76.1025],[-120.6622,76.1435],[-120.8649,76.2009],[-121.0112,76.1388],[-120.9534,75.9581],[-121.1177,76.0001],[-121.2996,75.9107],[-121.8470,76.0452],[-122.4258,75.9328],[-122.7315,75.9784],[-122.4829,76.1023],[-122.7049,76.1156],[-122.4925,76.1435],[-122.6058,76.1742],[-123.0406,76.0882],[-122.4032,76.4042],[-121.5118,76.4482],[-121.1873,76.6881],[-120.3679,76.8145],[-120.4294,76.8690],[-119.1627,77.3248],[-117.8523,77.3904],[-117.9622,77.3700],[-117.0392,77.2927],[-117.1813,77.3488],[-116.8131,77.3165],[-116.6469,77.3904],[-117.1540,77.4587],[-116.4067,77.5624],[-115.3925,77.3079],[-116.4005,77.1372],[-115.7320,76.9485],[-116.3657,76.9317],[-116.0401,76.8283],[-115.8928,76.6984],[-116.3248,76.5817],[-117.0079,76.5521],[-117.0776,76.5195],[-116.9343,76.3557],[-117.1363,76.2902],[-117.5714,76.2716],[-118.0584,76.4103],[-117.9075,76.5333],[-117.9764,76.6022],[-117.9185,76.6933],[-117.7362,76.7803],[-117.8657,76.8233],[-118.4966,76.7188],[-118.3054,76.5549],[-118.9462,76.5228],[-118.5689,76.3452],[-118.8997,76.2750],[-118.9635,76.1357],[-119.2448,76.1131]],[[-110.0036,77.9314],[-110.9037,77.8532],[-110.7199,77.7661],[-110.1079,77.7761],[-110.0410,77.6443],[-110.2354,77.5042],[-111.9908,77.3292],[-113.1658,77.5150],[-113.2412,77.5822],[-113.0897,77.6232],[-113.2542,77.6716],[-113.1860,77.7399],[-113.3231,77.8081],[-113.1411,77.9225],[-111.2780,78.0900],[-110.0036,78.0993],[-110.0036,77.9314]],[[-110.0036,78.3290],[-110.3324,78.2859],[-111.1546,78.3905],[-111.4205,78.2765],[-111.7784,78.2702],[-112.1755,78.3773],[-113.0615,78.2743],[-113.3361,78.3363],[-112.6820,78.4982],[-111.8160,78.5488],[-110.4269,78.7663],[-110.0036,78.6869],[-110.0036,78.3290]]]}},{"type":"Feature","properties":{"name":"Prince Edward Island"},"geometry":{"type":"MultiLineString","coordinates":[[[-62.0040,46.4640],[-62.1656,46.3583],[-62.3596,46.3610],[-62.3657,46.2714],[-62.4968,46.2722],[-62.4373,46.2162],[-62.5764,46.239],[-62.4968,46.1834],[-62.6067,46.1834],[-62.4532,46.1076],[-62.5719,46.0326],[-62.4559,46.0252],[-62.7507,45.9507],[-62.9090,46.0719],[-63.0306,46.0667],[-62.8782,46.1555],[-63.1168,46.2157],[-62.9630,46.3200],[-63.1957,46.2722],[-63.2708,46.1971],[-63.1419,46.1984],[-63.2333,46.1454],[-63.6021,46.2168],[-63.8000,46.3318],[-63.7369,46.3964],[-64.1342,46.4155],[-64.0727,46.6421],[-64.1447,46.5978],[-64.4168,46.6827],[-63.9970,47.0673],[-63.9748,46.8939],[-64.0932,46.7799],[-63.8336,46.6123],[-63.9356,46.4783],[-63.8257,46.5192],[-63.7088,46.4441],[-63.6768,46.5680],[-63.4566,46.4674],[-63.3323,46.4988],[-63.2381,46.4074],[-62.0040,46.4640]]]}}]}