{"type":"FeatureCollection","features":[{"type":"Feature","properties":{"name":"Washington"},"geometry":{"type":"MultiLineString","coordinates":[[[-122.7530,48.9925],[-117.0381,48.9925],[-117.0385,46.4243],[-117.0440,46.3784],[-116.9420,46.2597],[-116.9307,46.2107],[-116.9091,46.1834],[-116.9091,46.1624],[-116.9183,46.1419],[-116.9606,46.1047],[-116.9022,46.0464],[-116.8788,46.0014],[-119.0023,45.9995],[-119.0445,45.9644],[-119.0933,45.9488],[-119.3413,45.9461],[-119.4796,45.9274],[-119.5752,45.9275],[-119.6624,45.8718],[-119.9341,45.8379],[-120.0803,45.7947],[-120.1272,45.7890],[-120.2299,45.7370],[-120.2901,45.7404],[-120.3625,45.7152],[-120.4256,45.7208],[-120.4701,45.7101],[-120.6314,45.7290],[-120.6686,45.7033],[-120.7869,45.6795],[-120.8386,45.6525],[-120.9001,45.6418],[-121.0388,45.6533],[-121.1549,45.6222],[-121.1728,45.6317],[-121.2042,45.6849],[-121.2718,45.7087],[-121.5702,45.7294],[-121.7175,45.7100],[-121.7926,45.7213],[-121.8623,45.7007],[-121.9710,45.6423],[-122.2610,45.5663],[-122.3416,45.5870],[-122.4261,45.5881],[-122.5396,45.6218],[-122.5948,45.6144],[-122.6731,45.6257],[-122.7216,45.6488],[-122.7388,45.6628],[-122.7544,45.7019],[-122.7593,45.7410],[-122.7531,45.7823],[-122.7798,45.8198],[-122.7740,45.8813],[-122.7924,45.9163],[-122.8065,45.9781],[-122.8500,46.0115],[-122.8607,46.0496],[-122.8917,46.0924],[-122.9666,46.1357],[-123.0299,46.1494],[-123.1118,46.1864],[-123.2075,46.1783],[-123.2694,46.1504],[-123.2979,46.1515],[-123.3933,46.2041],[-123.4556,46.2670],[-123.4789,46.2758],[-123.6031,46.2600],[-123.6626,46.2702],[-123.6752,46.2942],[-123.6929,46.3052],[-123.7238,46.3003],[-123.7261,46.2902],[-123.7475,46.2910],[-123.7645,46.2732],[-123.8065,46.2833],[-123.8184,46.2687],[-123.8341,46.2687],[-123.8730,46.2401],[-123.9251,46.2515],[-123.9850,46.3090],[-124.0093,46.3134],[-124.0228,46.3142],[-124.0486,46.2964],[-124.0515,46.2859],[-124.0403,46.2809],[-124.0414,46.2728],[-124.0616,46.2767],[-124.0758,46.2682],[-124.0608,46.4398],[-124.0626,46.5959],[-124.0725,46.6425],[-124.0628,46.6549],[-124.0357,46.6308],[-124.0440,46.6236],[-124.0178,46.5685],[-124.0262,46.4923],[-124.0142,46.3851],[-123.9581,46.3782],[-123.9478,46.4030],[-123.9320,46.4152],[-123.9268,46.4401],[-123.8758,46.4191],[-123.8465,46.3966],[-123.8406,46.4157],[-123.8980,46.4416],[-123.9016,46.4573],[-123.9358,46.4723],[-123.9351,46.4946],[-123.8963,46.5212],[-123.8963,46.5444],[-123.9564,46.6231],[-123.8949,46.6027],[-123.9158,46.6284],[-123.9225,46.6578],[-123.911,46.6820],[-123.8772,46.6920],[-123.8264,46.6923],[-123.8118,46.6625],[-123.7950,46.6608],[-123.7639,46.6784],[-123.7957,46.6819],[-123.8397,46.7174],[-123.8999,46.7474],[-123.9122,46.7410],[-123.9130,46.7277],[-123.9517,46.7248],[-123.9761,46.7410],[-123.9819,46.7204],[-123.9633,46.7071],[-123.9726,46.7012],[-124.0250,46.7126],[-124.0933,46.7432],[-124.1013,46.8086],[-124.1304,46.8859],[-124.1268,46.8985],[-124.1117,46.9123],[-124.0908,46.9000],[-124.0975,46.8778],[-124.0773,46.8587],[-124.0724,46.8429],[-124.0213,46.8323],[-124.0147,46.8511],[-124.0315,46.8702],[-124.0570,46.8620],[-124.0469,46.8911],[-123.8130,46.9589],[-123.8679,46.9696],[-123.9558,46.9723],[-123.9222,46.9801],[-124.0128,46.9837],[-124.0193,46.9940],[-124.0128,47.0093],[-124.0276,47.0281],[-124.1168,47.0429],[-124.1392,47.0355],[-124.1481,47.0244],[-124.1367,47.0018],[-124.1365,46.9679],[-124.1235,46.9465],[-124.1047,46.9447],[-124.1057,46.9334],[-124.1380,46.9445],[-124.1534,46.9380],[-124.1534,46.9301],[-124.1784,46.9255],[-124.1718,47.0419],[-124.1998,47.1874],[-124.2429,47.2900],[-124.2536,47.3015],[-124.2759,47.3026],[-124.2992,47.3482],[-124.2717,47.3425],[-124.3178,47.3573],[-124.3486,47.4997],[-124.3508,47.5468],[-124.4107,47.6881],[-124.4227,47.7418],[-124.4467,47.7503],[-124.4765,47.7782],[-124.4834,47.8129],[-124.5416,47.8343],[-124.5679,47.8696],[-124.6095,47.8748],[-124.6381,47.9078],[-124.6719,47.9907],[-124.6938,48.0745],[-124.6894,48.1001],[-124.7346,48.1704],[-124.7000,48.1918],[-124.6894,48.2134],[-124.7055,48.2459],[-124.6824,48.2635],[-124.6832,48.2847],[-124.6614,48.3195],[-124.6705,48.3241],[-124.6696,48.3331],[-124.7182,48.3573],[-124.7302,48.3715],[-124.7275,48.3877],[-124.6381,48.3830],[-124.6079,48.3663],[-124.5933,48.3748],[-124.5748,48.3704],[-124.3992,48.2935],[-124.2963,48.2615],[-124.2276,48.2585],[-124.1114,48.2159],[-124.0998,48.2004],[-124.0501,48.1772],[-123.9709,48.1655],[-123.8618,48.1563],[-123.8183,48.1607],[-123.7888,48.1531],[-123.7003,48.1649],[-123.6416,48.1511],[-123.6338,48.1414],[-123.5846,48.1354],[-123.5523,48.1513],[-123.5054,48.1326],[-123.4358,48.1424],[-123.4050,48.1389],[-123.4534,48.1315],[-123.4217,48.1178],[-123.2469,48.1153],[-123.2236,48.1220],[-123.1500,48.1771],[-123.1082,48.1838],[-123.1612,48.1519],[-123.1118,48.1490],[-123.0891,48.1284],[-123.0630,48.1176],[-123.0404,48.0851],[-123.0452,48.0597],[-123.0078,48.0385],[-122.9968,48.0386],[-123.0057,48.0786],[-122.9991,48.0917],[-122.9274,48.0951],[-122.9187,48.0702],[-122.8869,48.0625],[-122.8572,48.0295],[-122.8533,48.0104],[-122.8732,48.0011],[-122.8732,47.9937],[-122.8543,47.9952],[-122.8413,48.0055],[-122.8248,48.0352],[-122.8770,48.0796],[-122.8777,48.1066],[-122.8562,48.1245],[-122.7701,48.1410],[-122.7503,48.1171],[-122.7845,48.1029],[-122.7919,48.0829],[-122.7224,47.9937],[-122.6883,47.9732],[-122.6780,47.9356],[-122.6201,47.8776],[-122.6678,47.8707],[-122.6764,47.8621],[-122.6920,47.8325],[-122.7503,47.7745],[-122.7810,47.6920],[-122.8003,47.6798],[-122.8284,47.6831],[-122.8292,47.6940],[-122.7997,47.7772],[-122.8056,47.8434],[-122.8172,47.8302],[-122.8216,47.7924],[-122.8391,47.7820],[-122.8467,47.8202],[-122.8564,47.8260],[-122.8670,47.8092],[-122.8663,47.7935],[-122.8391,47.7466],[-122.8619,47.7333],[-122.8866,47.6881],[-122.9039,47.6731],[-122.9100,47.6500],[-122.9417,47.6349],[-123.0210,47.5656],[-123.0650,47.4933],[-123.1193,47.4495],[-123.1612,47.3568],[-123.1302,47.3406],[-123.0741,47.3446],[-122.9051,47.3949],[-122.8391,47.4319],[-122.8677,47.4362],[-123.0522,47.3670],[-123.0918,47.3673],[-123.1135,47.3910],[-123.1105,47.4050],[-123.0633,47.4567],[-123.0226,47.5228],[-122.9490,47.5970],[-122.7635,47.6691],[-122.7337,47.7425],[-122.6236,47.8471],[-122.5956,47.8472],[-122.5921,47.8229],[-122.5709,47.8197],[-122.5714,47.8570],[-122.6131,47.9459],[-122.5280,47.9055],[-122.5102,47.8325],[-122.4900,47.8038],[-122.5040,47.7882],[-122.4751,47.7760],[-122.4683,47.7565],[-122.4829,47.7370],[-122.5579,47.7404],[-122.5646,47.7125],[-122.5958,47.6919],[-122.6516,47.7325],[-122.6610,47.7304],[-122.6581,47.7179],[-122.6284,47.6929],[-122.5921,47.5827],[-122.6169,47.5741],[-122.6437,47.5958],[-122.6815,47.6516],[-122.6969,47.6231],[-122.6900,47.5966],[-122.6391,47.5770],[-122.6815,47.5275],[-122.6301,47.5443],[-122.5531,47.5834],[-122.5340,47.5275],[-122.5079,47.5203],[-122.5562,47.3919],[-122.5375,47.3705],[-122.5552,47.3466],[-122.5859,47.3363],[-122.5606,47.3013],[-122.5569,47.2846],[-122.5685,47.2640],[-122.6610,47.2879],[-122.6862,47.3012],[-122.6279,47.3799],[-122.6331,47.4046],[-122.6536,47.3765],[-122.6883,47.3643],[-122.7259,47.3390],[-122.7530,47.2811],[-122.7244,47.2326],[-122.7503,47.2128],[-122.7429,47.1917],[-122.7727,47.1730],[-122.7986,47.2049],[-122.8148,47.2508],[-122.8149,47.2743],[-122.7955,47.2806],[-122.7840,47.3152],[-122.7913,47.3643],[-122.8111,47.3837],[-122.8056,47.3977],[-122.8201,47.3832],[-122.8460,47.3158],[-122.9204,47.2780],[-122.9497,47.2022],[-122.9650,47.1811],[-122.9906,47.1650],[-123.0683,47.1459],[-123.0787,47.1302],[-123.0216,47.1444],[-123.0179,47.1302],[-123.0681,47.1124],[-123.0787,47.0961],[-122.9689,47.1476],[-122.9422,47.1780],[-122.9302,47.1744],[-122.9790,47.1015],[-123.0104,47.0825],[-122.9874,47.081],[-122.9645,47.0899],[-122.9458,47.1071],[-122.9354,47.1302],[-122.9273,47.1098],[-122.9354,47.0893],[-122.9182,47.0561],[-122.8933,47.0472],[-122.9080,47.0825],[-122.8958,47.0925],[-122.9012,47.1302],[-122.8528,47.1650],[-122.8479,47.1460],[-122.8596,47.1302],[-122.8308,47.1367],[-122.8209,47.1420],[-122.8171,47.1657],[-122.7982,47.1576],[-122.7727,47.1277],[-122.7357,47.1114],[-122.7224,47.0893],[-122.6523,47.1280],[-122.5716,47.2092],[-122.5370,47.2785],[-122.5375,47.3158],[-122.4330,47.2648],[-122.4003,47.2810],[-122.4276,47.2965],[-122.4220,47.3158],[-122.3912,47.3336],[-122.3394,47.3465],[-122.3284,47.3571],[-122.3252,47.3910],[-122.3668,47.4422],[-122.3702,47.4971],[-122.3884,47.5208],[-122.4090,47.5749],[-122.3904,47.5936],[-122.3779,47.5961],[-122.3457,47.5623],[-122.3399,47.5989],[-122.3593,47.6237],[-122.4134,47.6416],[-122.4287,47.6603],[-122.4136,47.6674],[-122.3810,47.7201],[-122.3875,47.7523],[-122.4061,47.7778],[-122.4043,47.7975],[-122.3821,47.8390],[-122.3397,47.8727],[-122.3204,47.9420],[-122.2771,47.9674],[-122.2416,47.9728],[-122.2127,47.9868],[-122.2073,48.0143],[-122.1917,48.0263],[-122.2215,48.0381],[-122.2381,48.0263],[-122.3401,48.0900],[-122.3622,48.1225],[-122.3657,48.1905],[-122.3756,48.2132],[-122.4442,48.2323],[-122.4461,48.2022],[-122.4666,48.1920],[-122.4694,48.1770],[-122.4578,48.1436],[-122.4321,48.1224],[-122.3841,48.1014],[-122.3480,48.0542],[-122.3774,48.0602],[-122.4056,48.0877],[-122.5103,48.1474],[-122.5332,48.1961],[-122.5339,48.2496],[-122.4459,48.2610],[-122.4299,48.2591],[-122.4007,48.2352],[-122.3889,48.2398],[-122.3906,48.2601],[-122.3753,48.2807],[-122.3858,48.3037],[-122.4786,48.3598],[-122.5337,48.3746],[-122.5670,48.4098],[-122.5520,48.4278],[-122.5589,48.4340],[-122.5844,48.4378],[-122.6155,48.4098],[-122.6465,48.4037],[-122.6735,48.4136],[-122.6834,48.4301],[-122.6633,48.4549],[-122.6693,48.4728],[-122.7049,48.4862],[-122.7023,48.4979],[-122.6724,48.4989],[-122.6330,48.5162],[-122.5807,48.4583],[-122.5808,48.4845],[-122.5683,48.4894],[-122.5142,48.4531],[-122.4888,48.4549],[-122.4801,48.4702],[-122.4942,48.5293],[-122.5158,48.5576],[-122.5670,48.5853],[-122.5251,48.5831],[-122.4680,48.5545],[-122.4476,48.5621],[-122.4402,48.5807],[-122.4578,48.6234],[-122.4925,48.6432],[-122.5025,48.6848],[-122.5251,48.6922],[-122.4988,48.7394],[-122.5086,48.7556],[-122.5745,48.7804],[-122.5936,48.7741],[-122.6397,48.7223],[-122.6503,48.7181],[-122.6673,48.7318],[-122.6701,48.7429],[-122.6496,48.7636],[-122.6581,48.7773],[-122.6959,48.8007],[-122.7049,48.7879],[-122.7038,48.8273],[-122.7682,48.8740],[-122.7683,48.8974],[-122.7458,48.9176],[-122.7588,48.9359],[-122.8080,48.9345],[-122.8135,48.9518],[-122.8010,48.9623],[-122.7315,48.9592],[-122.7530,48.9925]],[[-123.0905,48.9925],[-123.0353,48.9924],[-123.0884,48.9722],[-123.0905,48.9925]],[[-123.9811,46.4974],[-123.9481,46.4641],[-123.9455,46.4176],[-123.9641,46.4067],[-123.9747,46.4401],[-123.9977,46.4533],[-123.9903,46.4882],[-123.9811,46.4974]],[[-122.4351,47.4257],[-122.4224,47.4088],[-122.3668,47.3835],[-122.4177,47.3707],[-122.4692,47.3363],[-122.4737,47.3628],[-122.4422,47.3825],[-122.4398,47.3928],[-122.4464,47.4005],[-122.4630,47.3977],[-122.4556,47.3910],[-122.4897,47.3739],[-122.4965,47.3363],[-122.5104,47.3320],[-122.5272,47.3462],[-122.5314,47.3569],[-122.5176,47.3804],[-122.5102,47.4557],[-122.4710,47.4957],[-122.4556,47.5008],[-122.4620,47.4867],[-122.4413,47.4667],[-122.4351,47.4257]],[[-122.5109,47.6275],[-122.4932,47.5942],[-122.4803,47.5868],[-122.4987,47.5712],[-122.5208,47.5739],[-122.5423,47.5955],[-122.5778,47.6015],[-122.5676,47.6295],[-122.5804,47.6629],[-122.5618,47.6856],[-122.5577,47.7138],[-122.5377,47.7147],[-122.5109,47.6958],[-122.5058,47.6632],[-122.4898,47.6412],[-122.5109,47.6275]],[[-122.7293,48.0967],[-122.7092,48.1022],[-122.6868,48.0732],[-122.6732,48.0237],[-122.6815,48.0072],[-122.7001,48.0077],[-122.7307,48.0424],[-122.7389,48.0825],[-122.7230,48.0762],[-122.7162,48.0482],[-122.7019,48.0492],[-122.7119,48.0836],[-122.7293,48.0967]],[[-122.3655,47.9996],[-122.3467,47.9505],[-122.3867,47.9049],[-122.4003,47.9191],[-122.4354,47.9104],[-122.4413,47.9154],[-122.4496,47.9594],[-122.4760,47.9868],[-122.5176,47.9662],[-122.5392,47.9721],[-122.5801,48.0048],[-122.5933,48.0253],[-122.5921,48.0420],[-122.6097,48.0604],[-122.6148,48.0748],[-122.6001,48.1301],[-122.6072,48.1537],[-122.6229,48.1633],[-122.6684,48.1505],[-122.6932,48.1802],[-122.7441,48.2058],[-122.7557,48.2296],[-122.7512,48.2499],[-122.6565,48.3850],[-122.6308,48.3846],[-122.5957,48.4019],[-122.5790,48.3771],[-122.5777,48.3566],[-122.5159,48.3219],[-122.5175,48.2940],[-122.5463,48.2813],[-122.5939,48.3079],[-122.6089,48.2991],[-122.6274,48.2672],[-122.6412,48.2879],[-122.6513,48.2499],[-122.7237,48.2337],[-122.7100,48.2214],[-122.6519,48.2240],[-122.5955,48.2053],[-122.5806,48.1884],[-122.5586,48.1213],[-122.5466,48.0170],[-122.5355,48.0059],[-122.5220,48.0119],[-122.5102,48.0352],[-122.5228,48.0570],[-122.5240,48.0794],[-122.5140,48.0907],[-122.4600,48.0534],[-122.3810,48.0158],[-122.3655,47.9996]],[[-122.8619,48.4893],[-122.8493,48.4616],[-122.8362,48.4599],[-122.8209,48.4726],[-122.8083,48.4581],[-122.8131,48.4273],[-122.8277,48.4173],[-122.8898,48.4241],[-122.8834,48.4414],[-122.9376,48.4583],[-122.9425,48.4757],[-122.9370,48.4932],[-122.9103,48.5135],[-122.9169,48.5336],[-122.8870,48.5636],[-122.8770,48.5658],[-122.8607,48.5396],[-122.8619,48.4893]],[[-122.7154,48.6060],[-122.6745,48.5687],[-122.6880,48.5470],[-122.7143,48.5419],[-122.7370,48.5771],[-122.7354,48.5903],[-122.7154,48.6060]],[[-123.0201,48.4993],[-122.9991,48.4726],[-122.9649,48.4583],[-122.9649,48.4514],[-123.0300,48.4538],[-123.0654,48.4785],[-123.1026,48.4802],[-123.1393,48.4958],[-123.1665,48.5435],[-123.1775,48.5988],[-123.1584,48.6145],[-123.1291,48.6200],[-123.1021,48.6091],[-123.0577,48.5729],[-123.0246,48.5628],[-123.0043,48.5394],[-122.9776,48.5313],[-122.9922,48.5135],[-123.0165,48.5114],[-123.0201,48.4993]],[[-122.7458,48.6643],[-122.7572,48.6500],[-122.8004,48.6296],[-122.8089,48.6112],[-122.8209,48.6091],[-122.8658,48.6496],[-122.8867,48.6962],[-122.8963,48.6997],[-122.9103,48.6879],[-122.9103,48.6575],[-122.8619,48.6017],[-122.8743,48.5937],[-122.9333,48.5927],[-122.9512,48.6234],[-122.9800,48.6386],[-122.9970,48.5971],[-123.0265,48.6265],[-123.0209,48.6424],[-122.9179,48.7114],[-122.8578,48.7086],[-122.7458,48.6643]],[[-122.6214,48.6685],[-122.6131,48.6484],[-122.6204,48.6459],[-122.6551,48.6647],[-122.7165,48.7152],[-122.7151,48.7390],[-122.6984,48.7346],[-122.6713,48.7048],[-122.6214,48.6685]],[[-122.7180,47.1806],[-122.6756,47.1763],[-122.6713,47.1649],[-122.6770,47.1395],[-122.7010,47.1239],[-122.7421,47.1437],[-122.7464,47.1537],[-122.7294,47.1621],[-122.7180,47.1806]],[[-122.8681,47.2682],[-122.8695,47.2428],[-122.8482,47.2202],[-122.8482,47.1933],[-122.8738,47.1678],[-122.9219,47.2372],[-122.9049,47.2782],[-122.8469,47.2980],[-122.8681,47.2682]],[[-123.4170,46.2048],[-123.4050,46.2009],[-123.3156,46.1485],[-123.3578,46.1504],[-123.4110,46.1750],[-123.4229,46.1878],[-123.4170,46.2048]]]}},{"type":"Feature","properties":{"name":"Idaho"},"geometry":{"type":"MultiLineString","coordinates":[[[-117.0381,48.9925],[-116.0481,48.9925],[-116.0489,48.0036],[-115.9370,47.8944],[-115.8550,47.8438],[-115.8212,47.7762],[-115.7782,47.7543],[-115.7613,47.7260],[-115.7189,47.6997],[-115.7177,47.6611],[-115.6765,47.6044],[-115.6891,47.5844],[-115.7288,47.5642],[-115.7327,47.5556],[-115.6920,47.5324],[-115.6779,47.4999],[-115.6391,47.4792],[-115.6579,47.4655],[-115.7144,47.4597],[-115.7248,47.4517],[-115.7239,47.4417],[-115.5862,47.3884],[-115.5450,47.3564],[-115.4968,47.3040],[-115.4318,47.2934],[-115.3332,47.2643],[-115.2799,47.1959],[-115.1921,47.1428],[-115.1504,47.0928],[-115.0610,47.0243],[-115.0517,46.9966],[-114.9987,46.9780],[-114.9574,46.9425],[-114.9178,46.9228],[-114.9212,46.8770],[-114.9054,46.8418],[-114.8236,46.7928],[-114.7664,46.7744],[-114.7618,46.7606],[-114.7693,46.7245],[-114.7612,46.7159],[-114.7371,46.7181],[-114.6928,46.7498],[-114.6631,46.7484],[-114.6227,46.7200],[-114.6223,46.7071],[-114.6388,46.6901],[-114.6360,46.6742],[-114.5670,46.6443],[-114.5085,46.6542],[-114.4701,46.6491],[-114.4276,46.6658],[-114.3598,46.6779],[-114.3294,46.6715],[-114.3233,46.6338],[-114.3366,46.6006],[-114.3341,46.5790],[-114.3470,46.5546],[-114.3386,46.5357],[-114.3488,46.5231],[-114.4002,46.5006],[-114.3726,46.4711],[-114.3713,46.4537],[-114.4029,46.3950],[-114.4061,46.3467],[-114.4299,46.3207],[-114.4375,46.2925],[-114.4543,46.2699],[-114.4380,46.2363],[-114.4331,46.1913],[-114.4471,46.1805],[-114.4937,46.1744],[-114.5031,46.1600],[-114.4512,46.1090],[-114.4542,46.0925],[-114.4829,46.0557],[-114.4716,46.0319],[-114.4735,46.0132],[-114.4614,46.0006],[-114.4040,45.9851],[-114.3992,45.9724],[-114.4153,45.9294],[-114.3875,45.8883],[-114.4226,45.8581],[-114.4950,45.8446],[-114.5301,45.7977],[-114.5499,45.7835],[-114.5334,45.7430],[-114.4936,45.7050],[-114.4978,45.6645],[-114.5404,45.6318],[-114.5291,45.5999],[-114.5449,45.5765],[-114.5409,45.5690],[-114.4505,45.5588],[-114.4175,45.5408],[-114.4015,45.5188],[-114.3407,45.4856],[-114.2975,45.4836],[-114.2546,45.5009],[-114.2219,45.5431],[-114.1831,45.5456],[-114.1088,45.5732],[-114.0961,45.5917],[-114.0686,45.6064],[-114.0484,45.6360],[-113.9983,45.6548],[-114.0028,45.6913],[-113.9895,45.7026],[-113.8956,45.6582],[-113.8825,45.6323],[-113.8032,45.6077],[-113.7884,45.5892],[-113.8106,45.5353],[-113.7571,45.5075],[-113.7516,45.4770],[-113.7643,45.4381],[-113.7540,45.4102],[-113.7145,45.3801],[-113.7148,45.3090],[-113.6703,45.2775],[-113.6616,45.2508],[-113.5935,45.2033],[-113.5645,45.1520],[-113.5605,45.1298],[-113.5055,45.1216],[-113.4364,45.0219],[-113.4299,44.9997],[-113.4396,44.9639],[-113.4814,44.9335],[-113.4338,44.8627],[-113.3441,44.8199],[-113.3335,44.7941],[-113.2961,44.7955],[-113.2632,44.8151],[-113.2328,44.8186],[-113.1833,44.8044],[-113.1413,44.7764],[-113.1017,44.7373],[-113.0450,44.6521],[-113.0424,44.6368],[-113.0688,44.6092],[-113.0370,44.5787],[-113.0325,44.5577],[-112.9930,44.5315],[-113.0080,44.4986],[-112.9955,44.4652],[-112.9571,44.4471],[-112.9303,44.4233],[-112.8724,44.4071],[-112.8381,44.3769],[-112.8088,44.3879],[-112.8274,44.4197],[-112.8226,44.4355],[-112.7514,44.4885],[-112.6802,44.5054],[-112.5237,44.4879],[-112.5030,44.4760],[-112.4546,44.4779],[-112.3900,44.4583],[-112.3599,44.4713],[-112.3278,44.5371],[-112.2422,44.5687],[-112.1963,44.5532],[-112.1440,44.5518],[-112.0816,44.5387],[-111.9513,44.5519],[-111.9121,44.5635],[-111.8700,44.5624],[-111.8425,44.5535],[-111.8087,44.5280],[-111.7329,44.5414],[-111.6674,44.5672],[-111.5583,44.5666],[-111.4967,44.5464],[-111.4605,44.5490],[-111.4543,44.5522],[-111.4574,44.5605],[-111.4920,44.5716],[-111.5032,44.5844],[-111.5077,44.6058],[-111.4944,44.6439],[-111.4512,44.6662],[-111.4504,44.6836],[-111.4653,44.7047],[-111.4613,44.7145],[-111.4397,44.7270],[-111.3964,44.7337],[-111.3754,44.7548],[-111.3079,44.7323],[-111.2500,44.6563],[-111.2221,44.6407],[-111.2102,44.5943],[-111.1707,44.5740],[-111.1115,44.5152],[-111.0513,44.4978],[-111.0502,41.9998],[-117.0166,41.9995],[-117.0201,43.7850],[-117.0314,43.8286],[-116.9937,43.8576],[-116.9710,43.8933],[-116.9355,44.0170],[-116.9413,44.0495],[-116.9686,44.0835],[-116.9689,44.0999],[-116.9586,44.1086],[-116.9205,44.1135],[-116.9083,44.1350],[-116.9068,44.1582],[-116.8919,44.1766],[-116.9169,44.2001],[-116.9613,44.2238],[-116.9734,44.2683],[-116.9860,44.2718],[-117.0440,44.2596],[-117.0645,44.2644],[-117.0861,44.2898],[-117.0992,44.2923],[-117.1402,44.2644],[-117.1950,44.2977],[-117.2017,44.3162],[-117.1948,44.3500],[-117.2153,44.3947],[-117.1935,44.4555],[-117.2038,44.4824],[-117.1799,44.5135],[-117.1493,44.5251],[-117.1222,44.5540],[-117.1037,44.6118],[-117.0292,44.7336],[-116.9315,44.7902],[-116.8639,44.8660],[-116.8328,44.9198],[-116.8219,44.9665],[-116.8313,45.0250],[-116.7174,45.1513],[-116.6968,45.1898],[-116.6789,45.2513],[-116.6560,45.2847],[-116.6490,45.3475],[-116.6015,45.3945],[-116.5866,45.4280],[-116.5391,45.4710],[-116.5118,45.5356],[-116.4629,45.5819],[-116.4549,45.6007],[-116.4636,45.6424],[-116.5427,45.7624],[-116.6574,45.8035],[-116.6877,45.8267],[-116.7593,45.8379],[-116.7788,45.8665],[-116.8385,45.9098],[-116.9022,46.0464],[-116.9606,46.1047],[-116.9183,46.1419],[-116.9091,46.1624],[-116.9091,46.1834],[-116.9307,46.2107],[-116.9420,46.2597],[-117.0440,46.3784],[-117.0385,46.4243],[-117.0381,48.9925]]]}},{"type":"Feature","properties":{"name":"Montana"},"geometry":{"type":"MultiLineString","coordinates":[[[-116.0481,48.9925],[-110.0,48.9925]],[[-110.0,45.0000],[-111.0508,45.0000],[-111.0513,44.4978],[-111.1115,44.5152],[-111.1707,44.5740],[-111.2102,44.5943],[-111.2221,44.6407],[-111.2500,44.6563],[-111.3079,44.7323],[-111.3754,44.7548],[-111.3964,44.7337],[-111.4397,44.7270],[-111.4613,44.7145],[-111.4653,44.7047],[-111.4504,44.6836],[-111.4512,44.6662],[-111.4944,44.6439],[-111.5077,44.6058],[-111.5032,44.5844],[-111.4920,44.5716],[-111.4574,44.5605],[-111.4543,44.5522],[-111.4605,44.5490],[-111.4967,44.5464],[-111.5583,44.5666],[-111.6674,44.5672],[-111.7329,44.5414],[-111.8087,44.5280],[-111.8425,44.5535],[-111.8700,44.5624],[-111.9121,44.5635],[-111.9513,44.5519],[-112.0816,44.5387],[-112.1440,44.5518],[-112.1963,44.5532],[-112.2422,44.5687],[-112.3278,44.5371],[-112.3599,44.4713],[-112.3900,44.4583],[-112.4546,44.4779],[-112.5030,44.4760],[-112.5237,44.4879],[-112.6802,44.5054],[-112.7514,44.4885],[-112.8226,44.4355],[-112.8274,44.4197],[-112.8088,44.3879],[-112.8381,44.3769],[-112.8724,44.4071],[-112.9303,44.4233],[-112.9571,44.4471],[-112.9955,44.4652],[-113.0080,44.4986],[-112.9930,44.5315],[-113.0325,44.5577],[-113.0370,44.5787],[-113.0688,44.6092],[-113.0424,44.6368],[-113.0450,44.6521],[-113.1017,44.7373],[-113.1413,44.7764],[-113.1833,44.8044],[-113.2328,44.8186],[-113.2632,44.8151],[-113.2961,44.7955],[-113.3335,44.7941],[-113.3441,44.8199],[-113.4338,44.8627],[-113.4814,44.9335],[-113.4396,44.9639],[-113.4299,44.9997],[-113.4364,45.0219],[-113.5055,45.1216],[-113.5605,45.1298],[-113.5645,45.1520],[-113.5935,45.2033],[-113.6616,45.2508],[-113.6703,45.2775],[-113.7148,45.3090],[-113.7145,45.3801],[-113.7540,45.4102],[-113.7643,45.4381],[-113.7516,45.4770],[-113.7571,45.5075],[-113.8106,45.5353],[-113.7884,45.5892],[-113.8032,45.6077],[-113.8825,45.6323],[-113.8956,45.6582],[-113.9895,45.7026],[-114.0028,45.6913],[-113.9983,45.6548],[-114.0484,45.6360],[-114.0686,45.6064],[-114.0961,45.5917],[-114.1088,45.5732],[-114.1831,45.5456],[-114.2219,45.5431],[-114.2546,45.5009],[-114.2975,45.4836],[-114.3407,45.4856],[-114.4015,45.5188],[-114.4175,45.5408],[-114.4505,45.5588],[-114.5454,45.5727],[-114.5291,45.5999],[-114.5404,45.6318],[-114.4978,45.6645],[-114.4936,45.7050],[-114.5334,45.7430],[-114.5499,45.7835],[-114.5301,45.7977],[-114.4950,45.8446],[-114.4226,45.8581],[-114.3875,45.8883],[-114.4153,45.9294],[-114.3992,45.9724],[-114.4040,45.9851],[-114.4614,46.0006],[-114.4735,46.0132],[-114.4716,46.0319],[-114.4829,46.0557],[-114.4542,46.0925],[-114.4512,46.1090],[-114.5031,46.1600],[-114.4937,46.1744],[-114.4471,46.1805],[-114.4331,46.1913],[-114.4380,46.2363],[-114.4543,46.2699],[-114.4375,46.2925],[-114.4299,46.3207],[-114.4061,46.3467],[-114.4029,46.3950],[-114.3713,46.4537],[-114.3726,46.4711],[-114.4002,46.5006],[-114.3488,46.5231],[-114.3386,46.5357],[-114.3470,46.5546],[-114.3341,46.5790],[-114.3366,46.6006],[-114.3233,46.6338],[-114.3253,46.6649],[-114.3355,46.6753],[-114.3598,46.6779],[-114.4276,46.6658],[-114.4701,46.6491],[-114.5085,46.6542],[-114.5670,46.6443],[-114.6360,46.6742],[-114.6388,46.6901],[-114.6223,46.7071],[-114.6227,46.7200],[-114.6631,46.7484],[-114.6928,46.7498],[-114.7371,46.7181],[-114.7612,46.7159],[-114.7693,46.7245],[-114.7618,46.7606],[-114.7664,46.7744],[-114.8236,46.7928],[-114.9054,46.8418],[-114.9212,46.8770],[-114.9178,46.9228],[-114.9574,46.9425],[-114.9987,46.9780],[-115.0517,46.9966],[-115.0610,47.0243],[-115.1504,47.0928],[-115.1921,47.1428],[-115.2799,47.1959],[-115.3332,47.2643],[-115.4318,47.2934],[-115.4968,47.3040],[-115.5450,47.3564],[-115.5862,47.3884],[-115.7239,47.4417],[-115.7248,47.4517],[-115.7144,47.4597],[-115.6579,47.4655],[-115.6391,47.4792],[-115.6779,47.4999],[-115.6920,47.5324],[-115.7327,47.5556],[-115.7288,47.5642],[-115.6891,47.5844],[-115.6765,47.6044],[-115.7177,47.6611],[-115.7189,47.6997],[-115.7613,47.7260],[-115.7782,47.7543],[-115.8212,47.7762],[-115.8550,47.8438],[-115.9370,47.8944],[-116.0489,48.0036],[-116.0481,48.9925]],[[-110.0,48.9925],[-104.0475,48.9926],[-104.0393,44.9999],[-110.0,45.0000]]]}},{"type":"Feature","properties":{"name":"North Dakota"},"geometry":{"type":"MultiLineString","coordinates":[[[-104.0475,48.9926],[-97.2260,48.9926],[-97.1009,48.6505],[-97.1571,48.5341],[-97.1218,48.1327],[-96.8561,47.6018],[-96.8281,47.0022],[-96.7592,46.9209],[-96.7946,46.6422],[-96.6016,46.3239],[-96.5563,45.9417],[-104.0448,45.9420],[-104.0475,48.9926]]]}},{"type":"Feature","properties":{"name":"Minnesota"},"geometry":{"type":"MultiLineString","coordinates":[[[-97.2260,48.9926],[-95.1771,48.9926],[-95.1605,49.3694],[-94.9825,49.3561],[-94.8272,49.2928],[-94.6888,48.7788],[-93.8748,48.6362],[-93.7786,48.5194],[-92.9797,48.6176],[-92.6486,48.5362],[-92.7189,48.4597],[-92.4906,48.4331],[-92.3718,48.2225],[-92.2815,48.3317],[-92.0704,48.3467],[-91.5748,48.0482],[-91.2763,48.0647],[-90.8738,48.2343],[-90.7503,48.0839],[-90.1203,48.1153],[-89.9204,47.9874],[-89.4989,47.9950],[-89.9576,47.2861],[-90.6539,47.3080],[-91.4683,46.9240],[-92.2892,46.6629],[-92.2925,46.0833],[-92.7040,45.9130],[-92.8912,45.7037],[-92.8831,45.5761],[-92.7508,45.5591],[-92.6630,45.4263],[-92.7593,45.2833],[-92.8197,44.7578],[-92.1026,44.4369],[-91.6626,44.0732],[-91.4075,44.0133],[-91.2842,43.8977],[-91.2501,43.5009],[-96.4535,43.5001],[-96.4536,45.2965],[-96.7082,45.4216],[-96.8630,45.6007],[-96.5876,45.8388],[-96.5648,46.1713],[-96.7946,46.6422],[-96.7592,46.9209],[-96.8281,47.0022],[-96.8561,47.6018],[-97.1218,48.1327],[-97.1571,48.5341],[-97.1009,48.6505],[-97.2260,48.9926]]]}},{"type":"Feature","properties":{"name":"Michigan"},"geometry":{"type":"MultiLineString","coordinates":[[[-89.4989,47.9950],[-89.3403,47.9841],[-88.3472,48.2986],[-84.8786,46.8979],[-84.7733,46.6334],[-84.5665,46.4611],[-84.1104,46.5264],[-84.1588,46.4333],[-84.0967,46.2248],[-83.9645,46.0631],[-83.6138,46.1156],[-83.4628,46.0077],[-83.6368,45.7739],[-83.4839,45.7719],[-82.5887,45.3718],[-82.1454,43.6006],[-82.5262,42.6199],[-83.0799,42.3050],[-83.1308,41.9380],[-83.4137,41.7352],[-87.2077,41.7596],[-87.0188,42.4962],[-87.1471,43.3798],[-87.0613,43.9696],[-86.7146,44.8451],[-86.2506,45.2360],[-86.7635,45.4438],[-87.0924,45.4438],[-87.4033,45.2049],[-87.4360,45.0789],[-87.6535,45.1207],[-87.7347,45.1993],[-87.6612,45.3703],[-87.8821,45.3773],[-87.8026,45.6870],[-88.1099,45.8031],[-88.1231,45.9314],[-90.1185,46.3406],[-90.2303,46.5087],[-90.3990,46.5509],[-89.4989,47.9950]]]}},{"type":"Feature","properties":{"name":"Ohio"},"geometry":{"type":"MultiLineString","coordinates":[[[-83.1308,41.9380],[-82.7111,41.6802],[-82.4513,41.6719],[-81.2766,42.2086],[-80.5202,42.3237],[-80.5202,40.6467],[-80.6768,40.5887],[-80.6005,40.3233],[-80.8710,39.7712],[-80.8411,39.7011],[-81.2116,39.4062],[-81.3686,39.3510],[-81.4631,39.4065],[-81.6824,39.271],[-81.8184,39.0797],[-81.7639,38.9372],[-81.9016,38.8742],[-81.9374,38.9905],[-82.0583,39.0032],[-82.2087,38.7859],[-82.1774,38.6117],[-82.2771,38.5882],[-82.3495,38.4379],[-82.5889,38.4187],[-82.8266,38.5864],[-82.8982,38.7516],[-83.1515,38.6189],[-83.3050,38.6014],[-83.5342,38.7074],[-83.7142,38.6385],[-83.8658,38.7622],[-84.2175,38.8234],[-84.3069,39.0168],[-84.4659,39.1114],[-84.8235,39.0974],[-84.8060,41.6968],[-83.4137,41.7352],[-83.1308,41.9380]]]}},{"type":"Feature","properties":{"name":"Pennsylvania"},"geometry":{"type":"MultiLineString","coordinates":[[[-80.5202,42.3237],[-79.7630,42.5377],[-79.7629,41.9998],[-75.3389,41.9973],[-75.0789,41.8280],[-74.9843,41.4982],[-74.7044,41.3761],[-75.1288,40.9980],[-75.0576,40.8723],[-75.1981,40.7005],[-75.1821,40.5703],[-75.0887,40.5583],[-75.0543,40.4353],[-74.7286,40.1632],[-75.1477,39.9025],[-75.4244,39.8066],[-75.6521,39.8253],[-75.7769,39.7210],[-80.5194,39.7214],[-80.5202,42.3237]]]}},{"type":"Feature","properties":{"name":"New York"},"geometry":{"type":"MultiLineString","coordinates":[[[-79.7630,42.5377],[-78.9189,42.8892],[-79.0319,43.0134],[-79.0584,43.2777],[-79.1743,43.4645],[-78.6880,43.6318],[-76.8415,43.6255],[-76.3277,44.1814],[-75.1296,44.9251],[-74.8865,45.0093],[-73.3513,45.0046],[-73.3773,44.6186],[-73.2931,44.4543],[-73.4385,44.0596],[-73.3633,43.7794],[-73.4250,43.6068],[-73.3088,43.6262],[-73.2470,43.5520],[-73.2655,42.7456],[-73.5072,42.0789],[-73.5446,41.2949],[-73.4841,41.2179],[-73.7229,41.1034],[-73.6428,41.0010],[-73.7976,40.8131],[-73.9322,40.8177],[-73.8715,41.1155],[-73.9473,41.3111],[-73.9071,40.9907],[-74.9843,41.4982],[-75.0789,41.8280],[-75.3389,41.9973],[-79.7629,41.9998],[-79.7630,42.5377]]]}},{"type":"Feature","properties":{"name":"Vermont"},"geometry":{"type":"MultiLineString","coordinates":[[[-73.3513,45.0046],[-71.5058,45.0137],[-71.6350,44.7403],[-71.5493,44.5865],[-71.6780,44.4461],[-72.0200,44.3177],[-72.1005,43.9733],[-72.3917,43.5576],[-72.4709,43.0057],[-72.5554,42.8779],[-72.4668,42.7292],[-73.2762,42.7461],[-73.2470,43.5520],[-73.3088,43.6262],[-73.4250,43.6068],[-73.3633,43.7794],[-73.4385,44.0596],[-73.2931,44.4543],[-73.3773,44.6186],[-73.3513,45.0046]]]}},{"type":"Feature","properties":{"name":"New Hampshire"},"geometry":{"type":"MultiLineString","coordinates":[[[-71.6350,44.7403],[-71.4490,45.2269],[-71.0849,45.3042],[-70.9768,43.3945],[-70.7084,43.0452],[-70.8142,42.8772],[-71.1409,42.8159],[-71.2963,42.7020],[-72.4667,42.7292],[-72.5554,42.8779],[-72.4709,43.0057],[-72.3917,43.5576],[-72.1005,43.9733],[-72.0200,44.3177],[-71.6780,44.4461],[-71.5493,44.5865],[-71.6350,44.7403]]]}},{"type":"Feature","properties":{"name":"Maine"},"geometry":{"type":"MultiLineString","coordinates":[[[-71.0849,45.3042],[-70.9681,45.3445],[-70.8924,45.2346],[-70.8129,45.4234],[-70.6413,45.4084],[-70.7303,45.5079],[-70.4193,45.7169],[-70.2625,45.9230],[-70.2808,46.2118],[-70.0743,46.4195],[-70.0077,46.7040],[-69.2509,47.4529],[-69.0696,47.4318],[-69.0574,47.2694],[-68.9062,47.1902],[-68.2997,47.3678],[-67.8086,47.0751],[-67.8070,45.7128],[-67.4313,45.5979],[-67.4713,45.2662],[-67.3192,45.1538],[-67.2549,45.2050],[-67.1760,45.1786],[-67.0400,44.9731],[-67.2033,44.9048],[-67.1486,44.8155],[-67.0884,44.8881],[-67.0436,44.8339],[-67.0593,44.8974],[-66.9773,44.8155],[-67.1964,44.6442],[-67.3320,44.7094],[-67.4094,44.5958],[-67.4346,44.6592],[-67.4543,44.6046],[-67.5543,44.6440],[-67.6034,44.5281],[-67.7280,44.5032],[-67.7445,44.5958],[-67.7861,44.5275],[-67.8283,44.5842],[-67.9022,44.3972],[-67.9022,44.4865],[-67.9370,44.4086],[-67.9778,44.4991],[-68.0605,44.3283],[-68.2020,44.5250],[-68.2221,44.4662],[-68.3081,44.5290],[-68.2727,44.4518],[-68.4092,44.4046],[-68.4782,44.4933],[-68.4647,44.3898],[-68.5744,44.4108],[-68.5413,44.2373],[-68.8207,44.3146],[-68.6993,44.4096],[-68.8161,44.4020],[-68.7426,44.5372],[-68.8016,44.5602],[-68.8071,44.4729],[-68.9866,44.4211],[-68.9374,44.3319],[-69.1913,43.9521],[-69.2634,43.9299],[-69.2194,44.0084],[-69.3694,43.9726],[-69.3642,44.0605],[-69.5476,43.8349],[-69.5339,44.0210],[-69.5923,43.8077],[-69.6701,43.8735],[-69.6295,44.0272],[-69.7592,43.8864],[-69.7047,43.8420],[-69.7580,43.7595],[-69.7825,44.0573],[-69.8828,43.9766],[-69.8216,43.9610],[-69.7906,43.7331],[-69.8393,43.7092],[-69.8792,43.8705],[-69.9848,43.7263],[-69.9263,43.8285],[-70.0274,43.7399],[-69.9858,43.8627],[-70.1826,43.7570],[-70.2868,43.6504],[-70.2049,43.5611],[-70.3437,43.5394],[-70.3216,43.4525],[-70.7440,43.0838],[-70.9768,43.3945],[-71.0849,45.3042]]]}},{"type":"Feature","properties":{"name":"Arizona"},"geometry":{"type":"MultiLineString","coordinates":[[[-114.6279,35.0],[-114.6293,35.0153],[-114.6388,35.0478],[-114.6115,35.0825],[-114.6388,35.1235],[-114.6355,35.1371],[-114.5818,35.1513],[-114.5719,35.2125],[-114.5898,35.3004],[-114.5908,35.3528],[-114.6323,35.4287],[-114.6676,35.5170],[-114.6465,35.5654],[-114.6527,35.6088],[-114.6450,35.6306],[-114.6866,35.7193],[-114.6945,35.7670],[-114.6934,35.8224],[-114.6705,35.8627],[-114.6689,35.8853],[-114.7292,35.9592],[-114.7412,36.0136],[-114.7199,36.0388],[-114.7211,36.0927],[-114.7071,36.1088],[-114.6368,36.1413],[-114.5547,36.1605],[-114.4429,36.1276],[-114.3858,36.1464],[-114.3564,36.1443],[-114.3270,36.1207],[-114.2753,36.0456],[-114.2336,36.0244],[-114.1586,36.0297],[-114.1238,36.0458],[-114.0841,36.1575],[-114.0452,36.2004],[-114.0420,36.2197],[-114.0402,37.0031],[-110.0,37.0004]],[[-111.0062,31.3271],[-114.8221,32.5002],[-114.7207,32.7245],[-114.5358,32.7382],[-114.4607,32.8549],[-114.5017,33.0194],[-114.6967,33.0893],[-114.7235,33.3212],[-114.7268,33.4114],[-114.5326,33.5685],[-114.5159,33.9636],[-114.1190,34.2932],[-114.3689,34.4715],[-114.6169,34.8793],[-114.6277,35.0]],[[-110.0,37.0004],[-109.0466,36.9998],[-109.0474,31.3273],[-111.0062,31.3271]]]}},{"type":"Feature","properties":{"name":"California"},"geometry":{"type":"MultiLineString","coordinates":[[[-120.6444,35.0],[-120.6336,35.0351],[-120.6307,35.0738],[-120.6448,35.1393],[-120.7063,35.1742],[-120.7496,35.1773],[-120.7553,35.1631],[-120.7655,35.1602],[-120.8766,35.2237],[-120.8976,35.2497],[-120.8955,35.2735],[-120.8678,35.3303],[-120.8622,35.3619],[-120.8538,35.3475],[-120.8555,35.3215],[-120.8314,35.3360],[-120.8520,35.3670],[-120.8667,35.3709],[-120.8710,35.4053],[-120.8873,35.4329],[-120.9081,35.4482],[-120.9461,35.4462],[-120.9634,35.4566],[-121.0053,35.4606],[-121.1018,35.5496],[-121.1308,35.6007],[-121.1432,35.6050],[-121.1694,35.6369],[-121.1873,35.6419],[-121.1950,35.6323],[-121.2164,35.6477],[-121.2883,35.6648],[-121.2884,35.6814],[-121.3145,35.7137],[-121.3230,35.7645],[-121.3372,35.7865],[-121.3871,35.8214],[-121.4133,35.8547],[-121.4632,35.8867],[-121.4627,35.9037],[-121.4722,35.9135],[-121.4899,35.9822],[-121.5066,36.0032],[-121.5667,36.0201],[-121.5926,36.0505],[-121.5945,36.0642],[-121.6182,36.0844],[-121.6301,36.1130],[-121.6779,36.1626],[-121.7814,36.2263],[-121.8248,36.2392],[-121.8522,36.2794],[-121.8996,36.3044],[-121.8935,36.3385],[-121.9041,36.3845],[-121.9446,36.4861],[-121.9422,36.5119],[-121.9569,36.5176],[-121.9275,36.5238],[-121.9325,36.5551],[-121.9346,36.5612],[-121.9538,36.5595],[-121.9700,36.5688],[-121.9811,36.5837],[-121.9672,36.5852],[-121.9598,36.6114],[-121.9503,36.6099],[-121.9376,36.6392],[-121.9021,36.6207],[-121.8874,36.6019],[-121.8700,36.6072],[-121.8379,36.6356],[-121.8270,36.6562],[-121.8142,36.6832],[-121.8053,36.7377],[-121.7637,36.7220],[-121.7612,36.7302],[-121.7702,36.7390],[-121.7837,36.7379],[-121.8032,36.7504],[-121.7898,36.8061],[-121.8042,36.8360],[-121.8599,36.9274],[-121.9056,36.9691],[-121.9372,36.9783],[-121.9742,36.9551],[-122.0212,36.9626],[-122.0251,36.9509],[-122.0467,36.9481],[-122.1349,36.9657],[-122.2221,37.0242],[-122.2279,37.0400],[-122.2538,37.0591],[-122.2976,37.1112],[-122.3392,37.1185],[-122.3378,37.1349],[-122.3595,37.1504],[-122.3693,37.1740],[-122.3961,37.1818],[-122.4044,37.1945],[-122.4183,37.2523],[-122.4101,37.2688],[-122.4003,37.3597],[-122.4087,37.3641],[-122.4444,37.4375],[-122.4491,37.4766],[-122.4632,37.4966],[-122.4792,37.5027],[-122.4992,37.4930],[-122.5204,37.5314],[-122.5147,37.5608],[-122.5224,37.5932],[-122.5032,37.6014],[-122.4947,37.6652],[-122.5151,37.7811],[-122.4859,37.7908],[-122.4764,37.8106],[-122.4633,37.8053],[-122.4086,37.8103],[-122.3879,37.7909],[-122.3792,37.7559],[-122.3545,37.7300],[-122.3624,37.7149],[-122.3924,37.7103],[-122.3879,37.6771],[-122.3801,37.6767],[-122.3749,37.6551],[-122.3837,37.6314],[-122.3637,37.6272],[-122.3541,37.6135],[-122.3711,37.6129],[-122.3741,37.6041],[-122.3585,37.5928],[-122.3167,37.5898],[-122.2990,37.5768],[-122.2509,37.5680],[-122.2395,37.5468],[-122.1992,37.5349],[-122.2073,37.5174],[-122.1341,37.4977],[-122.1001,37.4550],[-122.0589,37.4474],[-122.0386,37.4514],[-122.0321,37.4633],[-122.0522,37.4713],[-122.0517,37.4892],[-122.0623,37.5016],[-122.0933,37.5035],[-122.1090,37.5179],[-122.1165,37.5425],[-122.1463,37.5789],[-122.1627,37.6644],[-122.1918,37.7003],[-122.2067,37.7106],[-122.2143,37.6990],[-122.2517,37.7227],[-122.2623,37.7430],[-122.2489,37.7483],[-122.2124,37.7434],[-122.2172,37.7584],[-122.2835,37.7633],[-122.2998,37.7722],[-122.2973,37.7797],[-122.3315,37.7823],[-122.3250,37.8037],[-122.3406,37.8071],[-122.3165,37.8170],[-122.3283,37.8210],[-122.2955,37.8312],[-122.3038,37.8629],[-122.3160,37.8608],[-122.3177,37.8678],[-122.3083,37.8703],[-122.3139,37.8858],[-122.3287,37.9080],[-122.3910,37.9076],[-122.3876,37.9202],[-122.4101,37.9319],[-122.4296,37.9642],[-122.3977,37.9561],[-122.3950,37.9702],[-122.3595,37.9876],[-122.3699,38.0035],[-122.3663,38.0123],[-122.3360,38.0038],[-122.2990,38.0111],[-122.2769,38.0249],[-122.2755,38.0391],[-122.2497,38.0553],[-122.2270,38.0584],[-122.1861,38.0479],[-122.1685,38.0280],[-122.1479,38.0236],[-122.0818,38.0478],[-122.0039,38.0561],[-121.8880,38.0410],[-121.8371,38.0230],[-121.6900,38.0091],[-121.6814,38.0174],[-121.7230,38.0255],[-121.7206,38.0321],[-121.6815,38.0483],[-121.6711,38.0838],[-121.6245,38.0892],[-121.6066,38.0993],[-121.5820,38.092],[-121.5765,38.0743],[-121.5849,38.0627],[-121.6206,38.0618],[-121.6322,38.0442],[-121.6127,38.0214],[-121.6050,38.0179],[-121.5842,38.0287],[-121.5780,38.0623],[-121.5693,38.0658],[-121.4803,38.0226],[-121.4453,37.9963],[-121.4453,38.0038],[-121.4865,38.0447],[-121.5486,38.0642],[-121.5712,38.0971],[-121.6040,38.1057],[-121.6271,38.1056],[-121.6445,38.0925],[-121.6649,38.0991],[-121.6802,38.0926],[-121.6993,38.0508],[-121.7420,38.0294],[-121.7787,38.0360],[-121.7852,38.0433],[-121.7798,38.0613],[-121.7166,38.0928],[-121.6877,38.1238],[-121.6826,38.1471],[-121.7469,38.0877],[-121.8030,38.0628],[-121.8461,38.0725],[-121.8981,38.0532],[-121.9288,38.0584],[-121.9083,38.0788],[-121.9712,38.0749],[-122.0149,38.0985],[-121.9859,38.1107],[-122.0002,38.1373],[-122.0551,38.1337],[-122.0689,38.1217],[-122.0657,38.1132],[-122.0754,38.1005],[-122.1210,38.0598],[-122.1302,38.0421],[-122.1584,38.0434],[-122.1843,38.0647],[-122.2608,38.0694],[-122.3006,38.1081],[-122.3965,38.1532],[-122.4106,38.1338],[-122.4341,38.1233],[-122.5023,38.1135],[-122.4874,38.1048],[-122.4824,38.0768],[-122.5060,38.0171],[-122.4542,37.9978],[-122.4453,37.9851],[-122.4692,37.9827],[-122.4925,37.9697],[-122.4935,37.9585],[-122.4803,37.9418],[-122.4916,37.9354],[-122.5035,37.9404],[-122.5034,37.9248],[-122.4762,37.9159],[-122.4742,37.9052],[-122.4388,37.8820],[-122.4594,37.8711],[-122.4590,37.8624],[-122.4695,37.8670],[-122.4760,37.8867],[-122.4990,37.8935],[-122.4992,37.8724],[-122.4780,37.8596],[-122.4703,37.8318],[-122.5284,37.8163],[-122.5736,37.8559],[-122.6207,37.8774],[-122.6451,37.8988],[-122.6723,37.9065],[-122.7003,37.8921],[-122.7277,37.9030],[-122.7342,37.9201],[-122.7802,37.9481],[-122.7959,37.9755],[-122.8214,37.9976],[-122.9211,38.0348],[-122.9326,38.0495],[-122.9321,38.0588],[-122.9201,38.0653],[-122.9354,38.0707],[-122.9484,38.0607],[-122.9360,38.0307],[-122.9790,38.0145],[-122.9803,37.9980],[-122.9625,37.9920],[-123.0274,37.9944],[-123.0159,38.0006],[-122.9907,38.0487],[-122.9496,38.1439],[-122.9647,38.1985],[-122.9932,38.2295],[-122.9962,38.2427],[-122.9648,38.2177],[-122.8915,38.1308],[-122.8256,38.0720],[-122.8322,38.0958],[-122.9355,38.2154],[-122.9506,38.2172],[-122.9543,38.2314],[-122.9688,38.2370],[-122.9745,38.2661],[-123.0022,38.2948],[-123.0295,38.3126],[-123.0464,38.3120],[-123.0528,38.298],[-123.0624,38.2959],[-123.0759,38.3224],[-123.0709,38.3599],[-123.1287,38.4493],[-123.1709,38.4791],[-123.2526,38.5106],[-123.3369,38.5672],[-123.3416,38.5866],[-123.3658,38.6007],[-123.4336,38.6867],[-123.4924,38.7364],[-123.5232,38.7467],[-123.5376,38.7723],[-123.5662,38.7951],[-123.5941,38.8058],[-123.7116,38.9143],[-123.7262,38.9185],[-123.7426,38.9556],[-123.7252,38.9603],[-123.6890,39.0278],[-123.7216,39.1330],[-123.7377,39.1430],[-123.7355,39.1590],[-123.7678,39.1940],[-123.7905,39.2697],[-123.8032,39.2789],[-123.7974,39.2976],[-123.8063,39.3047],[-123.8059,39.3241],[-123.8249,39.3472],[-123.8165,39.4439],[-123.7697,39.5446],[-123.7694,39.5637],[-123.7868,39.5967],[-123.7905,39.6773],[-123.8085,39.7117],[-123.8300,39.7265],[-123.8372,39.7829],[-123.8540,39.8335],[-123.9077,39.8658],[-123.9306,39.9080],[-123.9555,39.9245],[-123.9789,39.9628],[-124.0334,40.0121],[-124.0760,40.0272],[-124.0874,40.0775],[-124.1157,40.1071],[-124.1853,40.1295],[-124.2199,40.1651],[-124.3193,40.2246],[-124.3635,40.2614],[-124.3482,40.3189],[-124.3647,40.3446],[-124.3662,40.3774],[-124.3981,40.4158],[-124.4092,40.4438],[-124.3579,40.5630],[-124.3172,40.6320],[-124.3057,40.6373],[-124.3116,40.6462],[-124.2397,40.7587],[-124.2308,40.7500],[-124.2594,40.6984],[-124.2257,40.6861],[-124.2138,40.7014],[-124.2204,40.7372],[-124.2028,40.7451],[-124.1827,40.7999],[-124.1458,40.8096],[-124.1218,40.8073],[-124.0873,40.8251],[-124.0824,40.8435],[-124.1018,40.8584],[-124.1189,40.8519],[-124.1375,40.8639],[-124.1549,40.8617],[-124.1997,40.7848],[-124.2232,40.7570],[-124.2328,40.7666],[-124.1765,40.8477],[-124.1337,40.9363],[-124.1104,41.0152],[-124.1114,41.0416],[-124.1345,41.0479],[-124.1468,41.0601],[-124.1640,41.1322],[-124.1628,41.1390],[-124.1434,41.1449],[-124.1242,41.1818],[-124.0909,41.2894],[-124.0621,41.4358],[-124.0820,41.5214],[-124.0683,41.5392],[-124.1030,41.5665],[-124.1027,41.6026],[-124.1398,41.6642],[-124.1384,41.6797],[-124.1594,41.7366],[-124.1879,41.7469],[-124.2011,41.7393],[-124.2628,41.7764],[-124.2604,41.7887],[-124.2339,41.8132],[-124.2188,41.8500],[-124.2022,41.9603],[-124.2145,41.9995],[-120.0007,41.9995],[-120.0000,38.9992],[-118.1262,37.6913],[-116.6595,36.5889],[-115.1937,35.4378],[-114.6282,35.0035],[-114.6278,35.0]],[[-114.5358,32.7382],[-117.1251,32.5316],[-117.2261,32.6972],[-117.1150,32.6002],[-117.1332,32.6898],[-117.1746,32.7267],[-117.2552,32.6913],[-117.3221,33.1085],[-117.5088,33.3352],[-118.1173,33.7436],[-118.4120,33.7416],[-118.3913,33.8359],[-118.5140,34.0221],[-118.8069,33.9994],[-119.1286,34.1005],[-119.5631,34.4147],[-120.4541,34.4428],[-120.6366,34.5628],[-120.6428,35.0]],[[-114.6264,35.0],[-114.3689,34.4715],[-114.1190,34.2932],[-114.5159,33.9636],[-114.5326,33.5685],[-114.7268,33.4114],[-114.7235,33.3212],[-114.6967,33.0893],[-114.5017,33.0194],[-114.4607,32.8549],[-114.5358,32.7382]]]}},{"type":"Feature","properties":{"name":"New Mexico"},"geometry":{"type":"MultiLineString","coordinates":[[[-106.5060,31.7702],[-108.2151,31.7777],[-108.2148,31.3274],[-109.0474,31.3273],[-109.0466,36.9998],[-103.0008,36.9998],[-103.0655,32.0016],[-106.6621,32.0002],[-106.5060,31.7702]]]}},{"type":"Feature","properties":{"name":"Texas"},"geometry":{"type":"MultiLineString","coordinates":[[[-106.3584,31.7175],[-106.6007,31.8359],[-106.6621,32.0002],[-103.0655,32.0016],[-103.0421,36.4995],[-100.0023,36.4998],[-99.9992,34.5754],[-99.6808,34.3946],[-99.4164,34.3803],[-99.3623,34.4622],[-99.1759,34.2206],[-98.5860,34.1571],[-98.4906,34.0751],[-98.1065,34.1496],[-98.0883,34.0278],[-97.9559,33.9953],[-97.9266,33.8731],[-97.6406,33.9945],[-97.4364,33.8269],[-97.2117,33.9100],[-97.1441,33.7251],[-96.9327,33.9573],[-96.7484,33.8488],[-96.6008,33.9048],[-96.3287,33.7018],[-95.9378,33.8955],[-95.7832,33.8554],[-95.5981,33.9520],[-95.3570,33.8682],[-95.2203,33.9629],[-94.3874,33.5617],[-94.0472,33.5541],[-94.0432,31.9981],[-93.8400,31.7903],[-93.8296,31.5938],[-93.7267,31.5149],[-93.5147,31.0420],[-93.7305,30.5656],[-93.7172,30.0798],[-93.9243,29.8656],[-93.8758,29.6750],[-94.1019,29.6706],[-94.7627,29.3665],[-94.7009,29.4627],[-94.5044,29.5260],[-94.4859,29.5661],[-94.7790,29.5298],[-94.6927,29.6963],[-94.7340,29.7822],[-94.9195,29.6553],[-95.0522,29.7497],[-94.9858,29.6749],[-95.0239,29.5421],[-94.8211,29.3739],[-95.1158,29.1747],[-95.1705,29.2089],[-95.1589,29.0457],[-95.6019,28.7638],[-95.9519,28.6887],[-95.9401,28.6257],[-95.7192,28.7154],[-96.2188,28.4894],[-95.9877,28.6448],[-96.2264,28.5871],[-96.1368,28.6266],[-96.2154,28.6293],[-96.1880,28.6908],[-96.3457,28.6353],[-96.3832,28.7300],[-96.4448,28.7638],[-96.3697,28.6266],[-96.4276,28.5954],[-96.4932,28.5789],[-96.4471,28.6356],[-96.6508,28.7297],[-96.6086,28.5789],[-96.4932,28.5106],[-96.5475,28.4693],[-96.4037,28.4348],[-96.6537,28.3194],[-96.7933,28.4797],[-96.7669,28.4107],[-96.8444,28.4155],[-96.7823,28.2416],[-96.8802,28.1506],[-96.9450,28.1264],[-96.9103,28.2636],[-96.9730,28.1339],[-97.0139,28.2089],[-97.1732,28.1590],[-97.2175,28.0747],[-97.1490,28.0055],[-97.0210,28.1003],[-97.1840,27.8366],[-97.5210,27.8731],[-97.3907,27.8458],[-97.2595,27.6950],[-97.4112,27.3350],[-97.5415,27.2903],[-97.4869,27.4002],[-97.6302,27.3002],[-97.7742,27.4684],[-97.6676,27.3108],[-97.7742,27.2977],[-97.4260,27.2636],[-97.4807,27.0219],[-97.5628,26.9937],[-97.4813,26.8776],[-97.5620,26.8378],[-97.3105,26.1232],[-97.2119,26.0912],[-97.2556,25.9989],[-97.1518,26.0750],[-97.1375,25.9745],[-97.3284,25.9333],[-97.3659,25.8439],[-97.6598,26.0306],[-98.2226,26.0754],[-98.8013,26.3721],[-99.1064,26.4230],[-99.2482,26.8270],[-99.4617,27.0569],[-99.5150,27.5886],[-99.8329,27.7767],[-100.0564,28.1379],[-100.2750,28.2772],[-100.3226,28.5104],[-100.6243,28.9247],[-100.6689,29.1162],[-101.2128,29.5315],[-101.2339,29.6226],[-101.3121,29.5978],[-101.4050,29.7784],[-102.1093,29.8021],[-102.3210,29.8939],[-102.4060,29.7772],[-102.6910,29.7368],[-102.8830,29.3437],[-102.8587,29.2291],[-103.1227,28.9964],[-103.3866,29.0287],[-104.4440,29.5892],[-104.6804,29.9423],[-104.6815,30.1929],[-104.9343,30.6105],[-105.3637,30.8503],[-105.9612,31.3710],[-106.2092,31.4773],[-106.3584,31.7175]]]}},{"type":"Feature","properties":{"name":"Alaska"},"geometry":{"type":"MultiLineString","coordinates":[[[-130.0190,56.0],[-130.0196,55.9079],[-130.0493,55.8714],[-130.1488,55.7953],[-130.1736,55.7494],[-130.1600,55.7271],[-130.1673,55.7153],[-130.1318,55.6765],[-130.1264,55.6539],[-130.1531,55.5851],[-130.1469,55.5471],[-130.1121,55.5093],[-130.0950,55.4721],[-130.0575,55.4348],[-130.0501,55.3454],[-129.9892,55.2840],[-130.0782,55.2337],[-130.1004,55.2302],[-130.1091,55.2007],[-130.1599,55.1537],[-130.1736,55.1177],[-130.2002,55.1041],[-130.2288,55.0438],[-130.2698,55.0165],[-130.2943,54.9718],[-130.3265,54.9520],[-130.3653,54.9072],[-130.4308,54.8812],[-130.4887,54.8441],[-130.6046,54.8021],[-130.6025,54.8145],[-130.5609,54.8513],[-130.5851,54.8519],[-130.6714,54.7720],[-130.6912,54.7626],[-130.7288,54.7841],[-130.7285,54.7974],[-130.6778,54.8145],[-130.7235,54.8873],[-130.7285,54.9481],[-130.7525,54.9693],[-130.7543,54.8927],[-130.7340,54.8430],[-130.7451,54.8217],[-130.7560,54.8195],[-130.7769,54.8315],[-130.8066,54.7787],[-130.8318,54.7653],[-130.8663,54.7731],[-130.9183,54.8029],[-130.9342,54.8244],[-130.9278,54.8519],[-130.9420,54.8588],[-130.9334,54.8801],[-130.9619,54.9277],[-130.9412,54.9253],[-130.9326,54.9401],[-130.9396,54.9589],[-130.9653,54.9680],[-130.9822,54.9911],[-131.0093,54.9982],[-130.9710,55.0612],[-130.9496,55.0737],[-130.8321,55.1052],[-130.8211,55.1002],[-130.8111,55.0785],[-130.7203,55.081],[-130.7124,55.1066],[-130.6875,55.1400],[-130.5660,55.2233],[-130.4734,55.3101],[-130.4615,55.3318],[-130.4801,55.3307],[-130.5525,55.2877],[-130.6154,55.1995],[-130.6684,55.1804],[-130.7599,55.0969],[-130.7742,55.0925],[-130.7911,55.0990],[-130.8111,55.1468],[-130.8520,55.1332],[-130.8902,55.1052],[-130.9708,55.0854],[-131.0157,55.0935],[-131.0570,55.1262],[-131.0649,55.1434],[-131.0652,55.1862],[-131.0576,55.1986],[-131.0019,55.2401],[-130.9584,55.2560],[-130.9383,55.2870],[-130.9247,55.2940],[-130.6321,55.2910],[-130.6124,55.2970],[-130.6568,55.3157],[-130.6694,55.3285],[-130.6465,55.3386],[-130.6564,55.3522],[-130.7263,55.3146],[-130.8338,55.3043],[-130.8618,55.3121],[-130.8731,55.3420],[-130.8867,55.4516],[-130.8663,55.5502],[-130.8731,55.6229],[-130.9072,55.6818],[-130.8867,55.7085],[-130.9146,55.7468],[-130.9619,55.7830],[-130.9204,55.8104],[-130.9345,55.8184],[-130.9834,55.8056],[-131.0134,55.8184],[-131.0615,55.8767],[-131.1338,55.9208],[-131.1263,55.9345],[-131.1651,55.9405],[-131.1768,55.9519],[-131.1747,55.9693],[-131.1964,55.9714],[-131.1610,56.0]],[[-131.2466,56.0],[-131.2902,55.9883],[-131.3418,55.9609],[-131.3712,55.9685],[-131.4037,56.0]],[[-131.4322,56.0],[-131.4589,55.9846],[-131.4830,55.9794],[-131.4963,55.9897],[-131.5641,55.9470],[-131.6273,55.9413],[-131.6381,55.9299],[-131.7359,55.8867],[-131.8047,55.8867],[-131.8531,55.8662],[-131.9146,55.8594],[-131.8253,55.8314],[-131.7779,55.8253],[-131.7658,55.8168],[-131.7638,55.7973],[-131.7827,55.7538],[-131.8084,55.7294],[-131.8668,55.7290],[-131.8321,55.6969],[-131.8277,55.6678],[-131.8479,55.6419],[-131.8873,55.6192],[-131.8805,55.5987],[-132.0040,55.6676],[-131.9289,55.5893],[-131.9488,55.5919],[-131.9260,55.5636],[-131.9283,55.5304],[-131.9518,55.5175],[-131.9614,55.5010],[-132.1346,55.5651],[-132.1716,55.5885],[-132.2119,55.6980],[-132.2615,55.7396],[-132.2661,55.7562],[-132.2467,55.7638],[-132.2273,55.7577],[-132.1678,55.7228],[-132.1822,55.7768],[-132.1688,55.8023],[-132.0735,55.8028],[-132.0586,55.8047],[-132.0462,55.8172],[-132.0860,55.8457],[-132.0360,55.8937],[-132.0568,55.9445],[-132.0170,55.9618],[-131.9556,55.9618],[-131.9498,55.9721],[-131.9537,55.9928],[-131.9485,56.0]],[[-141.0055,69.6509],[-140.9949,60.3043],[-140.5337,60.2185],[-140.4241,60.2931],[-140.0157,60.1873],[-139.6798,60.3268],[-139.0794,60.3410],[-139.1821,60.0733],[-138.7048,59.8984],[-138.5992,59.7538],[-137.6113,59.2393],[-137.4868,58.9000],[-136.8408,59.1481],[-136.5694,59.1721],[-136.4665,59.2878],[-136.4675,59.4616],[-136.2447,59.5282],[-136.3503,59.5923],[-135.4827,59.7924],[-135.2598,59.6982],[-135.0185,59.5593],[-135.0957,59.4188],[-134.9578,59.2809],[-134.6920,59.2352],[-134.2221,58.8427],[-133.8311,58.7180],[-133.3922,58.4038],[-133.4150,58.3305],[-132.2309,57.1968],[-132.3412,57.0803],[-132.0318,57.0284],[-132.1073,56.8587],[-131.8715,56.7934],[-131.8255,56.5933],[-131.5603,56.5940],[-130.7603,56.3451],[-130.4722,56.2248],[-130.4039,56.1218],[-130.0715,56.0841],[-130.0467,56.0]],[[-131.1586,56.0],[-131.0096,56.1126],[-131.2562,56.0]],[[-131.3993,56.0],[-131.4143,56.0101],[-131.4482,56.0]],[[-131.9518,56.0],[-131.9630,56.1573],[-131.5794,56.1791],[-131.4894,56.2224],[-131.9078,56.2327],[-131.9801,56.3659],[-132.1610,56.3801],[-132.3448,56.5289],[-132.3050,56.6402],[-132.5401,56.6314],[-132.3596,56.8184],[-132.5148,56.7554],[-132.7613,56.8457],[-132.9220,56.9828],[-132.7676,56.9696],[-132.7954,57.0927],[-132.8776,57.0213],[-133.1651,57.0860],[-133.1675,57.1696],[-133.3170,57.1024],[-133.5519,57.1814],[-133.4719,57.2818],[-133.2547,57.2810],[-133.0584,57.3318],[-133.0380,57.3670],[-133.4195,57.3439],[-133.4564,57.3807],[-133.3359,57.4381],[-133.4542,57.4317],[-133.4974,57.5315],[-133.3131,57.5929],[-133.5914,57.5746],[-133.6482,57.7028],[-133.5663,57.7164],[-133.0455,57.5036],[-133.0039,57.5178],[-133.5289,57.7509],[-133.5519,57.9151],[-133.1240,57.8571],[-133.5543,57.9294],[-133.6863,57.7907],[-133.8611,57.9567],[-133.6913,57.9420],[-133.6693,58.0175],[-133.7649,58.0622],[-133.6823,58.1553],[-133.8643,57.9869],[-134.0597,58.0721],[-134.0045,58.4085],[-133.7717,58.5246],[-133.9766,58.5048],[-134.1578,58.2042],[-134.7561,58.3815],[-134.9914,58.6829],[-134.9156,58.6555],[-134.9504,58.8200],[-135.0255,58.7375],[-135.1490,58.8436],[-135.2296,59.1258],[-135.3618,59.2708],[-135.3482,59.4706],[-135.4143,59.3006],[-135.5537,59.3197],[-135.3595,59.2137],[-135.3073,59.0869],[-135.5537,59.2304],[-135.3749,59.0869],[-135.3858,58.9543],[-135.1627,58.6345],[-135.2261,58.6122],[-135.0572,58.3515],[-135.0938,58.2372],[-135.3504,58.2768],[-135.4849,58.4839],[-135.4780,58.3737],[-135.9094,58.3812],[-135.8758,58.4632],[-135.9503,58.4563],[-135.9503,58.4632],[-135.8479,58.4700],[-135.8895,58.5799],[-135.8206,58.6003],[-136.0738,58.8126],[-135.7730,58.9045],[-136.0465,58.8610],[-136.1573,59.0375],[-136.1409,58.9548],[-136.2247,58.9225],[-136.1177,58.9332],[-136.0999,58.8537],[-136.2097,58.7508],[-136.3823,58.8064],[-136.2595,58.8263],[-136.4752,58.8365],[-136.4922,58.9708],[-136.5741,58.9157],[-136.7119,59.0255],[-136.6334,58.8917],[-137.0594,59.0637],[-136.9037,58.9324],[-137.0130,58.9225],[-137.1297,58.8263],[-136.9947,58.8933],[-136.5875,58.8483],[-136.4847,58.7996],[-136.6498,58.8200],[-136.5158,58.7023],[-136.3426,58.6915],[-136.5257,58.614],[-136.3277,58.6003],[-136.2930,58.6692],[-136.1282,58.5707],[-136.2110,58.5246],[-136.0825,58.5164],[-136.0267,58.3881],[-136.2728,58.3129],[-136.3277,58.4085],[-136.5059,58.4426],[-136.5611,58.3737],[-136.4100,58.3793],[-136.3705,58.2995],[-136.6205,58.3539],[-136.5611,58.2577],[-136.6647,58.2203],[-136.6772,58.3055],[-136.8605,58.3823],[-137.1122,58.3949],[-137.6314,58.6061],[-137.4381,58.6555],[-137.6706,58.6332],[-138.2879,59.0807],[-138.6100,59.1279],[-138.4490,59.1916],[-138.6304,59.1422],[-139.8570,59.5462],[-139.6448,59.5727],[-139.4800,59.7044],[-139.6210,59.8902],[-139.4732,59.9935],[-139.3051,59.8646],[-139.3420,59.7204],[-139.2673,59.6214],[-139.3430,59.6008],[-139.2899,59.5761],[-139.2263,59.6214],[-139.2803,59.8336],[-139.0363,59.8468],[-138.9453,59.8071],[-138.8973,59.8131],[-139.0283,59.8615],[-139.2390,59.8783],[-139.5209,60.0515],[-139.8490,59.8194],[-140.3227,59.7012],[-141.4540,59.8820],[-141.2673,59.9555],[-141.3776,60.1421],[-141.4776,60.1110],[-141.3929,60.0220],[-141.6734,59.9611],[-142.7984,60.1123],[-143.9186,59.9970],[-144.2496,60.0322],[-144.0025,60.0397],[-144.2525,60.1546],[-144.1964,60.2056],[-144.5711,60.1906],[-144.9416,60.3066],[-144.7908,60.4649],[-144.8870,60.4854],[-144.7606,60.6727],[-144.6227,60.7170],[-144.7560,60.6840],[-145.2695,60.3570],[-145.9387,60.4560],[-145.6290,60.6791],[-146.2631,60.6537],[-146.0261,60.7448],[-146.0434,60.8010],[-146.4822,60.6869],[-146.6957,60.7448],[-146.0930,60.8410],[-146.2234,60.8926],[-146.6282,60.8272],[-146.7532,60.9550],[-146.5858,60.9447],[-146.6998,60.9768],[-146.5704,61.0307],[-146.6479,61.0737],[-146.2364,61.0943],[-146.2779,61.1227],[-146.6094,61.1307],[-146.9767,60.9457],[-147.0315,60.9577],[-146.9837,61.0055],[-147.1652,60.9508],[-147.2879,61.0070],[-147.2573,60.9378],[-147.3646,60.8912],[-147.4498,60.9025],[-147.4225,61.0123],[-147.5420,60.9133],[-147.4839,61.0737],[-147.5611,61.1559],[-147.6652,61.0145],[-147.5990,60.8690],[-147.7304,60.8894],[-147.7031,60.9508],[-147.8129,60.8758],[-147.7546,60.8410],[-147.8701,60.8377],[-148.0504,60.9501],[-147.7021,61.2132],[-147.7652,61.2184],[-147.7304,61.2798],[-148.0494,61.0265],[-148.1459,61.1179],[-148.4094,61.0601],[-148.3610,61.0465],[-148.4498,60.9918],[-148.1487,61.0601],[-148.2519,60.9547],[-148.3331,60.9713],[-148.3072,60.8527],[-148.3958,60.8615],[-148.3328,60.8194],[-148.5234,60.8403],[-148.7036,60.7926],[-148.4498,60.8001],[-148.6111,60.7628],[-148.6674,60.6745],[-148.3747,60.7796],[-148.4299,60.6287],[-148.2307,60.7727],[-148.1966,60.6287],[-148.3369,60.5405],[-148.4884,60.5822],[-148.6898,60.4572],[-148.4702,60.5462],[-148.2375,60.4574],[-148.0836,60.6048],[-147.9359,60.4611],[-148.1823,60.4164],[-148.1424,60.3552],[-148.2545,60.3789],[-148.2409,60.2976],[-148.3908,60.2774],[-148.4429,60.1837],[-148.2258,60.2604],[-148.2101,60.1558],[-148.1003,60.2209],[-148.1888,60.1347],[-148.3331,60.1701],[-148.4353,59.9592],[-148.5460,60.0322],[-148.6455,59.9231],[-149.1068,59.9689],[-149.0388,60.0528],[-149.1030,60.0580],[-149.2858,59.8746],[-149.2933,60.0117],[-149.4086,60.1237],[-149.3889,59.9975],[-149.6278,59.8283],[-149.5267,59.7175],[-149.6359,59.7449],[-149.7247,59.9640],[-149.7659,59.8396],[-149.8681,59.8479],[-149.7460,59.6671],[-150.0316,59.7992],[-149.9164,59.7175],[-150.0126,59.6282],[-150.1192,59.7003],[-150.0878,59.5946],[-150.3479,59.4699],[-150.2243,59.7153],[-150.4794,59.4673],[-150.5533,59.5357],[-150.4925,59.6008],[-150.6569,59.5524],[-150.6093,59.4386],[-150.9176,59.3265],[-150.9586,59.2036],[-151.0425,59.2971],[-151.2434,59.3184],[-151.0972,59.2326],[-151.4096,59.2600],[-151.7415,59.1671],[-151.9771,59.2793],[-151.8151,59.3539],[-151.8940,59.4128],[-151.6890,59.4802],[-151.3821,59.4447],[-151.4414,59.5322],[-151.1741,59.6000],[-150.9927,59.7790],[-151.4726,59.6356],[-151.4105,59.6077],[-151.8717,59.7494],[-151.7249,60.0248],[-151.3059,60.3869],[-151.2827,60.5370],[-151.3969,60.7380],[-151.0714,60.7853],[-150.3870,61.0472],[-150.2252,60.9372],[-149.7529,60.9738],[-149.0258,60.8546],[-150.0673,61.1557],[-149.6834,61.3993],[-149.2455,61.4989],[-149.4281,61.5131],[-149.7573,61.4533],[-149.9837,61.2463],[-150.4996,61.2616],[-150.5402,61.3692],[-151.1771,61.0539],[-151.5667,60.9945],[-151.8077,60.8478],[-151.7113,60.7257],[-151.8698,60.7591],[-152.0513,60.6731],[-152.3295,60.4924],[-152.2459,60.3959],[-152.5963,60.2284],[-152.9385,60.3134],[-153.0826,60.2997],[-152.5786,60.0701],[-152.7379,59.9083],[-153.2433,59.8624],[-153.2880,59.8200],[-153.0000,59.8131],[-153.1662,59.6640],[-153.4252,59.6493],[-153.3222,59.7175],[-153.4525,59.7926],[-153.4907,59.6500],[-153.6226,59.6952],[-153.7064,59.6319],[-153.5864,59.5674],[-153.8771,59.5462],[-153.7410,59.4977],[-153.7514,59.4402],[-154.1452,59.3811],[-153.9534,59.3613],[-154.2613,59.1484],[-154.1773,59.1297],[-154.1651,59.0255],[-153.7115,59.0707],[-153.2641,58.8573],[-153.6087,58.6444],[-153.8994,58.6166],[-153.9423,58.5029],[-154.1104,58.4774],[-154.0002,58.3855],[-154.3643,58.2851],[-154.1213,58.2797],[-154.3023,58.1962],[-154.2467,58.1264],[-154.3370,58.1620],[-154.3527,58.0822],[-154.4940,58.2031],[-154.4698,58.0898],[-154.6107,58.1205],[-154.5831,58.0249],[-155.0231,58.0255],[-155.1253,57.9567],[-155.0686,57.8973],[-155.3369,57.8331],[-155.3102,57.7404],[-155.6050,57.7922],[-155.5908,57.6755],[-155.7714,57.6447],[-155.7416,57.5520],[-156.0204,57.5768],[-156.1047,57.5315],[-156.0606,57.4302],[-156.2145,57.4762],[-156.5446,57.3226],[-156.3399,57.2853],[-156.4473,57.2299],[-156.3759,57.1432],[-156.6453,57.0585],[-156.5497,56.9828],[-156.7847,57.0491],[-156.8094,56.9066],[-156.9612,56.9766],[-156.9408,56.9145],[-157.1909,56.8496],[-157.1894,56.7762],[-157.4196,56.8673],[-157.4684,56.8289],[-157.4063,56.7637],[-157.6055,56.7221],[-157.4826,56.6203],[-157.7728,56.6843],[-158.1331,56.5303],[-157.8689,56.5690],[-157.8771,56.4782],[-158.1263,56.5166],[-158.4310,56.4380],[-158.6464,56.2706],[-158.5372,56.2498],[-158.4729,56.3427],[-158.2082,56.2839],[-158.4143,56.2020],[-158.1194,56.2361],[-158.3597,56.1268],[-158.4096,56.1808],[-158.4075,56.0784],[-158.5032,56.1016],[-158.4275,56.0065],[-158.6046,56.0523],[-158.4792,56.1914],[-158.6396,56.2020],[-158.5645,56.1679],[-158.7023,56.1474],[-158.6829,55.9584],[-158.8594,56.0129],[-158.9282,55.9208],[-159.3559,55.8794],[-159.4217,55.7904],[-159.4695,55.9003],[-159.5449,55.8896],[-159.5036,55.7669],[-159.6265,55.5782],[-159.7569,55.5987],[-159.6170,55.6351],[-159.7097,55.6676],[-159.6252,55.8126],[-159.8457,55.8512],[-159.8568,55.7904],[-160.0380,55.7973],[-160.0653,55.7011],[-160.1553,55.7365],[-160.1640,55.6571],[-160.4421,55.6465],[-160.3664,55.6055],[-160.4951,55.4861],[-160.6134,55.6055],[-160.7681,55.5453],[-160.6834,55.4646],[-160.9245,55.5191],[-161.2791,55.3548],[-161.5184,55.3833],[-161.3887,55.5721],[-161.1448,55.5349],[-161.4081,55.6359],[-161.6207,55.6129],[-161.9024,55.2178],[-162.0460,55.2355],[-161.9566,55.1257],[-162.0012,55.0932],[-162.128,55.1029],[-162.1012,55.1679],[-162.2309,55.1127],[-162.2020,55.0398],[-162.4493,55.0402],[-162.5174,55.1146],[-162.3607,55.1052],[-162.6453,55.3000],[-162.7183,55.2179],[-162.6141,55.1663],[-162.6427,55.0711],[-162.5599,54.9612],[-162.6494,55.0529],[-162.7527,54.9448],[-162.8776,54.9389],[-163.1830,55.1391],[-163.2055,55.0189],[-163.0498,54.9418],[-163.3413,54.8111],[-163.3897,54.8588],[-163.2798,54.9135],[-163.3476,54.9408],[-163.2459,54.9699],[-163.3345,55.1195],[-163.0247,55.2455],[-163.0765,55.1806],[-162.9620,55.1690],[-162.6418,55.3802],[-162.4971,55.3739],[-162.5288,55.4479],[-162.6214,55.4069],[-162.2269,55.6979],[-161.7999,55.8897],[-161.1553,56.0170],[-161.3675,55.9556],[-160.8741,55.9931],[-160.8604,55.9345],[-161.0233,55.8907],[-160.6895,55.6979],[-160.7915,55.8867],[-160.2435,55.7768],[-160.3192,55.8252],[-160.2509,55.8524],[-160.5662,55.9282],[-160.5799,55.9897],[-160.3687,56.2768],[-160.1887,56.3869],[-159.7457,56.5793],[-159.2088,56.6954],[-159.2634,56.7085],[-158.8892,56.8895],[-159.0248,56.7965],[-158.9450,56.8429],[-158.6396,56.7637],[-158.6821,57.0220],[-158.3124,57.3148],[-158.0580,57.3670],[-157.7577,57.5642],[-157.6806,57.5724],[-157.6567,57.4835],[-157.4138,57.4899],[-157.3920,57.5663],[-157.4547,57.5520],[-157.4138,57.4974],[-157.5954,57.4932],[-157.6021,57.6240],[-157.7099,57.6525],[-157.6055,58.1052],[-157.3842,58.2070],[-157.1394,58.1684],[-157.4826,58.2304],[-157.5620,58.3636],[-157.4361,58.5216],[-156.9408,58.7375],[-157.0779,58.7573],[-156.7831,59.1552],[-157.0844,58.8866],[-158.2033,58.6129],[-158.5577,58.8064],[-158.4211,58.9771],[-158.4975,58.9939],[-158.1728,59.0130],[-158.0301,58.8790],[-157.9953,58.9082],[-158.1402,59.0362],[-158.4416,59.0869],[-158.5440,59.1757],[-158.4621,59.0528],[-158.7294,58.8736],[-158.7464,58.9948],[-158.8252,58.9771],[-158.7879,58.7697],[-158.9146,58.7753],[-158.7086,58.4922],[-158.8817,58.3996],[-159.0512,58.4247],[-159.4827,58.8160],[-159.6609,58.8394],[-159.6174,58.9313],[-159.7381,58.9282],[-159.7529,58.8408],[-159.9061,58.7654],[-159.9971,58.8740],[-160.3289,58.9414],[-160.2551,58.9903],[-160.3521,59.0706],[-160.8337,58.8125],[-160.8885,58.8841],[-161.1797,58.7827],[-161.3061,58.8126],[-161.2629,58.7766],[-161.3762,58.6868],[-161.3012,58.6818],[-161.7075,58.5611],[-161.7650,58.6450],[-161.7628,58.5909],[-162.1760,58.6449],[-161.8911,58.6537],[-161.6773,58.7735],[-161.7747,58.7705],[-161.8558,59.0337],[-161.5691,59.1150],[-161.8405,59.1205],[-161.8474,59.0665],[-161.9741,59.1314],[-162.0429,59.2483],[-162.0515,59.2701],[-162.0386,59.2893],[-161.9831,59.2537],[-161.9466,59.3877],[-161.7139,59.5013],[-162.2098,60.0254],[-162.2035,60.1533],[-162.2514,60.2014],[-162.1615,60.2163],[-162.1490,60.2451],[-162.2902,60.2424],[-162.2287,60.1455],[-162.3172,60.1130],[-162.4585,60.2950],[-162.2241,60.5878],[-161.8815,60.7039],[-162.0722,60.6652],[-162.1151,60.7127],[-162.1831,60.7311],[-162.1233,60.6589],[-162.2763,60.6129],[-162.4159,60.3823],[-162.6083,60.3339],[-162.5600,60.2611],[-162.7033,60.2656],[-162.4502,60.1910],[-162.5258,59.9975],[-162.7516,60.0049],[-163.3164,59.8302],[-164.0983,59.8336],[-164.2122,59.9549],[-164.1147,60.0049],[-164.4126,60.0917],[-164.6437,60.2482],[-164.6491,60.3339],[-164.9889,60.3413],[-165.1432,60.4506],[-164.9855,60.5468],[-165.2217,60.4990],[-165.4312,60.5530],[-164.9992,60.7113],[-165.0313,60.7870],[-164.8749,60.8487],[-164.9374,60.9364],[-164.8347,60.8683],[-164.6395,60.9133],[-164.6691,60.8257],[-164.2708,60.7879],[-164.2183,60.6901],[-164.4203,60.5542],[-163.9556,60.7798],[-163.8162,60.7551],[-163.8111,60.5939],[-163.6864,60.5897],[-163.4090,60.7523],[-163.9304,60.8546],[-163.5635,60.9133],[-163.7564,60.9452],[-163.7040,60.9996],[-164.0070,60.8622],[-164.5644,60.8546],[-164.6280,60.9323],[-165.1707,60.9415],[-164.7664,61.1085],[-165.0587,61.0628],[-165.1910,61.1364],[-165.1295,61.1566],[-165.0606,61.2184],[-165.1432,61.2594],[-165.0823,61.2184],[-165.1568,61.1557],[-165.3627,61.2127],[-165.2127,61.2652],[-165.2083,61.3268],[-165.2598,61.3344],[-165.1577,61.3657],[-165.1587,61.4186],[-165.0762,61.4193],[-164.9677,61.4895],[-164.8415,61.4989],[-164.7240,61.6255],[-165.0857,61.4762],[-165.2940,61.3344],[-165.2257,61.2730],[-165.3902,61.2245],[-165.3737,61.0716],[-165.6050,61.1244],[-165.6099,61.2872],[-165.8767,61.3365],[-165.9183,61.4147],[-165.7769,61.5158],[-165.9238,61.5621],[-166.1061,61.4985],[-166.1999,61.5945],[-166.1443,61.7255],[-166.1164,61.6361],[-165.7664,61.6908],[-166.1027,61.8211],[-165.5882,61.8621],[-165.7503,61.9844],[-165.7055,62.1166],[-165.1330,62.5156],[-164.8678,62.5380],[-164.8481,62.4779],[-164.6088,62.4374],[-164.7336,62.3787],[-164.5818,62.4261],[-164.6771,62.4743],[-164.6299,62.5131],[-164.8415,62.4927],[-164.7944,62.5336],[-164.8579,62.5636],[-164.4790,62.7459],[-164.8132,62.6201],[-164.8900,62.7869],[-164.7664,62.8012],[-164.8831,62.8415],[-164.6907,63.0270],[-164.3139,63.0141],[-164.5951,63.1301],[-164.4235,63.2089],[-163.9945,63.2562],[-163.5418,63.1288],[-163.7919,63.0219],[-163.8068,62.9861],[-163.5285,63.1166],[-163.3505,63.0308],[-163.0939,63.0573],[-162.5965,63.2766],[-162.2800,63.4890],[-162.3094,63.5465],[-162.0180,63.4858],[-162.1688,63.4312],[-161.4405,63.4601],[-161.0565,63.5744],[-160.7669,63.8241],[-160.9734,64.2504],[-161.2577,64.4050],[-161.1888,64.4181],[-161.5388,64.3976],[-161.4139,64.5375],[-161.0350,64.5077],[-161.0859,64.5525],[-160.8339,64.6173],[-160.7915,64.7258],[-161.1553,64.9251],[-161.0857,64.9129],[-160.9908,64.9394],[-161.0201,64.9472],[-161.2105,64.9326],[-161.5457,64.7508],[-161.7335,64.8207],[-161.8063,64.8227],[-161.7164,64.7948],[-162.5112,64.5586],[-162.7813,64.3436],[-162.8746,64.4596],[-162.8274,64.5006],[-163.1489,64.6582],[-163.3897,64.5968],[-163.0397,64.5211],[-163.1658,64.4105],[-163.6785,64.5863],[-164.9378,64.5347],[-164.9241,64.4596],[-164.7664,64.4801],[-164.8371,64.4552],[-165.0355,64.4483],[-166.1896,64.5851],[-166.4834,64.7296],[-166.3902,64.8985],[-166.6845,64.9821],[-166.9573,65.1781],[-166.8802,65.2820],[-166.9320,65.1688],[-166.7126,65.1129],[-166.5341,65.1374],[-166.3712,65.2725],[-166.0311,65.2431],[-167.3985,65.4010],[-168.0524,65.5800],[-168.1374,65.6650],[-167.8820,65.7554],[-168.0629,65.6513],[-167.5312,65.7261],[-167.5610,65.8089],[-167.3459,65.8985],[-167.0598,65.8776],[-166.8768,65.9468],[-166.9730,65.9741],[-166.3109,66.1753],[-165.7549,66.1052],[-165.5001,66.1522],[-165.8899,66.2410],[-165.4876,66.4022],[-165.0333,66.3993],[-164.7180,66.5563],[-164.2743,66.6022],[-163.7363,66.6034],[-163.6287,66.5700],[-163.9301,66.5857],[-163.7624,66.5258],[-163.8956,66.3993],[-163.8546,66.2894],[-164.1911,66.1933],[-163.9174,66.2106],[-163.6804,66.0785],[-162.7585,66.1113],[-162.6768,66.0065],[-162.1794,66.0759],[-161.8582,65.9772],[-161.5059,66.2788],[-161.0864,66.2410],[-161.1625,66.1185],[-161.0175,66.1933],[-161.1357,66.3431],[-161.5106,66.4076],[-161.8747,66.3776],[-161.8963,66.2704],[-161.9566,66.3502],[-161.8883,66.5244],[-162.2098,66.7072],[-162.5045,66.7498],[-162.6253,66.8614],[-162.4848,66.9603],[-162.3066,66.9529],[-162.0168,66.7809],[-162.0659,66.6530],[-161.6337,66.4579],[-161.2042,66.5386],[-160.7653,66.3704],[-160.2285,66.4120],[-160.2191,66.5320],[-160.3254,66.6048],[-160.2749,66.6546],[-160.5517,66.5911],[-161.1360,66.6519],[-161.2719,66.5429],[-161.4954,66.5366],[-161.9019,66.7350],[-161.7306,66.9535],[-161.5252,66.9914],[-161.8351,67.0549],[-162.2480,67.0150],[-162.2882,67.0708],[-162.2930,67.0088],[-162.4568,66.9945],[-162.3378,67.1450],[-162.3600,67.1674],[-162.5804,67.0150],[-163.7249,67.1112],[-163.8239,67.3545],[-164.1514,67.6196],[-166.2966,68.2996],[-166.8290,68.3513],[-166.3151,68.4059],[-166.3703,68.4408],[-166.2310,68.5799],[-166.2226,68.8858],[-164.3464,68.9293],[-163.6225,69.1192],[-163.1769,69.4269],[-163.2724,69.2979],[-163.1258,69.3899],[-163.0647,69.5559],[-163.1489,69.6057],[-162.9384,69.7112],[-163.0187,69.7458],[-161.9057,70.3206],[-161.7033,70.2637],[-162.1216,70.1538],[-160.9499,70.2904],[-160.1722,70.6049],[-159.9470,70.5972],[-159.9438,70.5219],[-160.2018,70.4766],[-159.9219,70.4896],[-160.1336,70.3251],[-159.9484,70.3704],[-159.7711,70.1954],[-159.8872,70.3871],[-159.8257,70.4970],[-159.7097,70.4697],[-159.2913,70.5380],[-159.7159,70.4970],[-159.9478,70.6364],[-160.1274,70.6262],[-159.6681,70.8049],[-159.161,70.8869],[-159.3732,70.8459],[-159.1405,70.8254],[-159.4490,70.7770],[-159.2224,70.6889],[-159.2790,70.7647],[-158.9897,70.7770],[-159.0604,70.8165],[-157.8649,70.8664],[-156.4715,71.4125],[-156.3716,71.3803],[-156.6044,71.3536],[-156.0427,71.2158],[-156.1109,71.1748],[-155.9448,71.2203],[-155.5734,71.1503],[-155.5666,71.0815],[-155.7447,71.0044],[-156.1873,70.9216],[-155.9812,70.8943],[-155.9780,70.7596],[-155.8914,70.8366],[-155.5771,70.8459],[-155.5178,70.9521],[-155.3085,71.0287],[-155.1917,70.9950],[-155.2891,71.0861],[-155.0974,71.0861],[-155.0896,71.1549],[-155.0393,71.0557],[-155.0974,71.0172],[-155.0390,71.0174],[-154.9716,71.1200],[-154.6001,71.0128],[-154.8100,70.8806],[-154.2303,70.7783],[-153.8935,70.8983],[-153.2556,70.9327],[-152.7149,70.8210],[-152.6574,70.8459],[-152.7125,70.8903],[-152.3275,70.8568],[-152.2192,70.8124],[-152.5091,70.6638],[-152.0752,70.5790],[-152.6301,70.5585],[-151.7332,70.5585],[-151.9796,70.4487],[-151.2222,70.3757],[-151.1777,70.4487],[-150.7451,70.4766],[-150.7935,70.5033],[-150.3793,70.4970],[-150.4167,70.4145],[-149.4885,70.5230],[-148.6824,70.4201],[-148.5118,70.3183],[-147.8427,70.3075],[-147.6795,70.2122],[-145.8801,70.1749],[-145.6138,70.0713],[-145.2154,70.0440],[-145.2748,69.9930],[-144.9415,69.9779],[-144.1295,70.0676],[-144.0714,69.9894],[-144.0640,70.0855],[-143.5506,70.1266],[-143.2975,70.0434],[-143.2356,70.1182],[-142.6008,70.0131],[-142.2709,69.8560],[-141.6533,69.7621],[-141.4129,69.6503],[-141.0055,69.6509]],[[-132.6476,54.8178],[-132.6175,54.7934],[-132.6162,54.7601],[-132.6360,54.7574],[-132.6616,54.7678],[-132.6817,54.7837],[-132.6923,54.8073],[-132.7197,54.8212],[-132.7302,54.8445],[-132.7719,54.8622],[-132.7940,54.9019],[-132.7823,54.9188],[-132.7848,54.9277],[-132.7780,54.9345],[-132.7575,54.9203],[-132.7505,54.9310],[-132.7097,54.9408],[-132.7364,54.9203],[-132.7152,54.9152],[-132.6954,54.9277],[-132.6613,54.9035],[-132.6293,54.9039],[-132.6153,54.8824],[-132.6237,54.8748],[-132.6346,54.8793],[-132.6285,54.8478],[-132.6892,54.8445],[-132.6626,54.8210],[-132.6476,54.8178]],[[-131.2437,54.9345],[-131.1974,54.9203],[-131.1946,54.9072],[-131.2391,54.8830],[-131.2997,54.8792],[-131.3311,54.8612],[-131.3870,54.8725],[-131.3875,54.8842],[-131.4417,54.9203],[-131.4681,54.9124],[-131.4821,54.9256],[-131.4783,54.9447],[-131.4515,54.9544],[-131.3522,54.9755],[-131.3301,54.9613],[-131.2638,54.9968],[-131.2362,54.9954],[-131.2437,54.9892],[-131.2371,54.9495],[-131.2437,54.9345]],[[-132.8264,55.0543],[-132.8160,55.0748],[-132.7991,55.0853],[-132.8565,55.0990],[-132.8692,55.1539],[-132.8674,55.1605],[-132.8492,55.1632],[-132.8426,55.1791],[-132.8226,55.1904],[-132.7227,55.1332],[-132.6682,55.0506],[-132.6826,55.0343],[-132.7507,54.9954],[-132.7916,55.0363],[-132.7915,55.0136],[-132.8736,55.0363],[-132.8264,55.0543]],[[-132.7029,54.7012],[-132.6712,54.6773],[-132.7575,54.6738],[-132.7682,54.6930],[-132.8428,54.6937],[-132.8638,54.7416],[-132.8394,54.7421],[-132.9380,54.7877],[-132.9561,54.8036],[-132.9256,54.8153],[-132.911,54.8264],[-132.9083,54.8383],[-132.9217,54.8452],[-132.9803,54.8315],[-132.9987,54.8379],[-133.0070,54.8661],[-133.0491,54.8889],[-133.0515,54.9024],[-133.0380,54.9135],[-133.1007,54.9203],[-133.1007,54.9277],[-133.0637,54.9357],[-133.0585,54.9408],[-133.0645,54.9470],[-133.1328,54.9433],[-133.1479,54.9544],[-133.1434,54.9730],[-133.1547,54.9817],[-133.1348,54.9975],[-133.1534,55.0211],[-133.2032,55.0580],[-133.1992,55.0652],[-133.2168,55.0990],[-133.1206,55.0990],[-133.1393,55.1156],[-133.1893,55.1217],[-133.2032,55.1332],[-133.1821,55.1332],[-133.2168,55.1537],[-133.1684,55.1537],[-133.1870,55.1720],[-133.2168,55.1741],[-133.2168,55.1809],[-133.1547,55.1946],[-133.1888,55.2137],[-133.194,55.2222],[-133.1821,55.2355],[-133.1434,55.2488],[-133.1070,55.2486],[-133.0965,55.2331],[-133.1042,55.2115],[-133.0667,55.2009],[-133.0654,55.1502],[-132.9971,55.1257],[-132.9908,55.0922],[-132.9561,55.0642],[-133.0548,55.1089],[-133.0865,55.0922],[-132.9971,55.0642],[-132.9971,55.0580],[-133.0455,55.0506],[-133.0455,55.0438],[-132.9575,55.0233],[-132.9424,54.9954],[-132.9424,54.9481],[-132.8941,54.9481],[-132.9015,54.9408],[-132.8872,54.9345],[-132.9015,54.9135],[-132.8604,54.9003],[-132.8438,54.8891],[-132.8394,54.8725],[-132.8245,54.8751],[-132.8150,54.8675],[-132.8143,54.8554],[-132.8264,54.8445],[-132.7845,54.8368],[-132.7626,54.8244],[-132.7224,54.7765],[-132.7252,54.7674],[-132.7507,54.7564],[-132.7438,54.7490],[-132.7575,54.7421],[-132.6883,54.7179],[-132.7029,54.7012]],[[-131.4795,55.0062],[-131.4826,55.0438],[-131.4937,55.0572],[-131.5344,55.0871],[-131.5478,55.0888],[-131.5497,55.0763],[-131.5249,55.0499],[-131.5311,55.0302],[-131.5829,54.9953],[-131.6245,55.0174],[-131.5810,55.0900],[-131.5993,55.0990],[-131.5828,55.1255],[-131.5235,55.1195],[-131.5172,55.1341],[-131.5314,55.1517],[-131.5720,55.1741],[-131.5584,55.1884],[-131.5865,55.2186],[-131.5812,55.2533],[-131.5440,55.2704],[-131.5515,55.2765],[-131.4792,55.2526],[-131.4512,55.2237],[-131.3955,55.2153],[-131.3727,55.2014],[-131.3769,55.1828],[-131.3522,55.1226],[-131.3661,55.0973],[-131.3450,55.0709],[-131.3570,55.0325],[-131.4042,55.0112],[-131.4795,55.0062]],[[-133.2913,55.2629],[-133.2803,55.2821],[-133.2093,55.2704],[-133.2337,55.2422],[-133.2401,55.2203],[-133.3161,55.2014],[-133.3824,55.2233],[-133.4007,55.2032],[-133.4222,55.2014],[-133.4365,55.2113],[-133.4498,55.2502],[-133.4496,55.2704],[-133.4246,55.2630],[-133.4012,55.2704],[-133.4344,55.2858],[-133.4427,55.2977],[-133.4322,55.3144],[-133.3775,55.3167],[-133.3819,55.3318],[-133.3181,55.3390],[-133.2852,55.3179],[-133.3192,55.2704],[-133.2913,55.2629]],[[-131.8383,55.4259],[-131.6965,55.3434],[-131.6360,55.2993],[-131.6334,55.2629],[-131.6463,55.2868],[-131.6712,55.2970],[-131.6682,55.2560],[-131.6861,55.2302],[-131.7394,55.2507],[-131.7638,55.2486],[-131.7208,55.2030],[-131.7023,55.1946],[-131.7333,55.1557],[-131.7228,55.1400],[-131.7433,55.1427],[-131.7719,55.1679],[-131.8049,55.1811],[-131.8177,55.1979],[-131.8531,55.3004],[-131.8531,55.3395],[-131.8668,55.3727],[-131.8457,55.3727],[-131.8495,55.4160],[-131.8383,55.4259]],[[-133.4496,55.4069],[-133.4422,55.3802],[-133.4578,55.3696],[-133.5053,55.3644],[-133.5048,55.3522],[-133.5268,55.3391],[-133.5799,55.3454],[-133.5651,55.3198],[-133.5943,55.2429],[-133.6072,55.2355],[-133.6363,55.2531],[-133.6556,55.2765],[-133.6588,55.3076],[-133.6891,55.3113],[-133.6414,55.3281],[-133.6214,55.3541],[-133.6233,55.3613],[-133.6556,55.3727],[-133.6038,55.3966],[-133.5805,55.4262],[-133.5419,55.4146],[-133.4715,55.4164],[-133.4496,55.4069]],[[-133.5384,55.4826],[-133.5057,55.5226],[-133.4317,55.4965],[-133.4184,55.4755],[-133.4280,55.4465],[-133.4947,55.4295],[-133.5330,55.4301],[-133.6004,55.4479],[-133.5897,55.4632],[-133.5384,55.4826]],[[-133.3465,55.4479],[-133.3950,55.5031],[-133.4331,55.5279],[-133.4285,55.5441],[-133.3906,55.5571],[-133.3244,55.5569],[-133.2874,55.5450],[-133.2720,55.5304],[-133.2790,55.4918],[-133.3370,55.4645],[-133.3465,55.4479]],[[-133.5847,55.4951],[-133.6184,55.4829],[-133.6331,55.4544],[-133.6519,55.4479],[-133.7301,55.4684],[-133.7990,55.4479],[-133.7990,55.4553],[-133.7770,55.4643],[-133.7482,55.4961],[-133.7008,55.5073],[-133.7018,55.5167],[-133.7301,55.5407],[-133.7028,55.5577],[-133.6463,55.5423],[-133.5867,55.5441],[-133.5786,55.5092],[-133.5847,55.4951]],[[-133.3056,55.7973],[-133.3100,55.7822],[-133.4178,55.7384],[-133.4485,55.7507],[-133.4905,55.7904],[-133.5038,55.7661],[-133.4885,55.7343],[-133.4871,55.7067],[-133.5421,55.6948],[-133.5786,55.7049],[-133.6238,55.7294],[-133.6632,55.7607],[-133.6823,55.7904],[-133.6414,55.7904],[-133.6345,55.8252],[-133.6148,55.8331],[-133.5731,55.8047],[-133.5789,55.8244],[-133.5652,55.8303],[-133.4952,55.8202],[-133.4776,55.7927],[-133.4669,55.7904],[-133.3516,55.7877],[-133.3160,55.8116],[-133.3056,55.7973]],[[-133.2851,55.9071],[-133.2674,55.9021],[-133.2646,55.8662],[-133.2289,55.8712],[-133.2168,55.8662],[-133.2237,55.8109],[-133.2359,55.7857],[-133.2508,55.7759],[-133.2833,55.7959],[-133.3028,55.8198],[-133.3411,55.8373],[-133.3397,55.8457],[-133.2913,55.8519],[-133.319,55.8605],[-133.3329,55.8798],[-133.2851,55.9071]],[[-134.2579,55.8998],[-134.1015,55.9208],[-134.1143,55.9003],[-134.1531,55.8936],[-134.1959,55.8733],[-134.2584,55.8184],[-134.2762,55.8288],[-134.3184,55.8338],[-134.3266,55.8488],[-134.3184,55.8578],[-134.2645,55.8737],[-134.3347,55.8950],[-134.3471,55.9109],[-134.3321,55.9225],[-134.2986,55.9265],[-134.2441,55.9208],[-134.2579,55.8998]],[[-133.9342,55.9125],[-133.8560,55.9422],[-133.8321,55.9005],[-133.8425,55.8663],[-133.8716,55.8467],[-133.9126,55.8627],[-133.9317,55.8939],[-133.9342,55.9125]],[[-130.9619,55.5851],[-130.9457,55.5827],[-130.9437,55.5726],[-130.9541,55.5656],[-130.9755,55.5720],[-130.9830,55.4652],[-130.9671,55.4237],[-130.9716,55.3852],[-131.0050,55.4133],[-131.0151,55.4171],[-131.0270,55.4103],[-131.0309,55.4004],[-131.0171,55.3727],[-131.0183,55.3543],[-131.0444,55.3113],[-131.0556,55.2735],[-131.0854,55.2486],[-131.1376,55.2313],[-131.1475,55.2014],[-131.1920,55.1857],[-131.2717,55.2250],[-131.3113,55.2355],[-131.2562,55.2705],[-131.2157,55.3175],[-131.1946,55.3693],[-131.1995,55.3997],[-131.2099,55.4063],[-131.2294,55.4069],[-131.2219,55.3932],[-131.2687,55.3861],[-131.2830,55.3710],[-131.2617,55.3288],[-131.2638,55.3093],[-131.2983,55.2765],[-131.3527,55.2632],[-131.4041,55.2629],[-131.4505,55.2778],[-131.4632,55.2934],[-131.4547,55.3113],[-131.3822,55.3294],[-131.3664,55.3710],[-131.3226,55.3849],[-131.2781,55.4302],[-131.2707,55.4473],[-131.2933,55.5145],[-131.3369,55.5796],[-131.3508,55.6455],[-131.3631,55.6431],[-131.3716,55.6186],[-131.3652,55.5873],[-131.3279,55.5027],[-131.3254,55.4467],[-131.3423,55.4174],[-131.4092,55.3522],[-131.4621,55.3318],[-131.4212,55.3765],[-131.4266,55.3922],[-131.4621,55.4274],[-131.4689,55.4586],[-131.4584,55.4837],[-131.4212,55.5304],[-131.4633,55.5232],[-131.5065,55.4994],[-131.5169,55.4800],[-131.5161,55.4600],[-131.4963,55.4212],[-131.4691,55.3896],[-131.4656,55.3722],[-131.5088,55.3117],[-131.5264,55.2993],[-131.5515,55.2970],[-131.6160,55.3327],[-131.6852,55.3543],[-131.7228,55.3802],[-131.7359,55.4000],[-131.8085,55.4444],[-131.8202,55.4638],[-131.8102,55.4766],[-131.7178,55.5179],[-131.6780,55.5496],[-131.6505,55.5502],[-131.6197,55.5952],[-131.6304,55.6043],[-131.6989,55.6161],[-131.7084,55.6454],[-131.6868,55.6839],[-131.6273,55.6881],[-131.6261,55.7121],[-131.6146,55.7237],[-131.5925,55.7153],[-131.5174,55.7290],[-131.5174,55.7365],[-131.5788,55.7290],[-131.6290,55.7340],[-131.6917,55.7052],[-131.7045,55.7097],[-131.7092,55.7396],[-131.6639,55.7612],[-131.4826,55.7830],[-131.5127,55.8002],[-131.5307,55.8257],[-131.5399,55.8251],[-131.5543,55.7987],[-131.6273,55.7830],[-131.6784,55.7992],[-131.6887,55.8109],[-131.6877,55.8319],[-131.6706,55.8395],[-131.4703,55.8319],[-131.4354,55.8457],[-131.5344,55.8519],[-131.5600,55.8747],[-131.5788,55.9071],[-131.5157,55.9096],[-131.4621,55.9345],[-131.4041,55.9282],[-131.2802,55.9651],[-131.2088,55.9448],[-131.1795,55.9235],[-131.0444,55.7904],[-131.0461,55.7665],[-130.9687,55.7011],[-130.9653,55.6710],[-130.9345,55.6431],[-130.9619,55.5851]],[[-133.6072,56.0785],[-133.5095,56.0781],[-133.4831,56.0921],[-133.5965,56.1009],[-133.6209,56.1126],[-133.6170,56.1315],[-133.4949,56.1206],[-133.3926,56.1604],[-133.3431,56.1474],[-133.2853,56.1472],[-133.2851,56.1331],[-133.3131,56.0921],[-133.2977,56.0329],[-133.2995,56.0120],[-133.3111,55.9978],[-133.3397,55.9965],[-133.3954,56.0263],[-133.4396,56.0026],[-133.4703,56.0172],[-133.4905,56.0101],[-133.5178,55.9823],[-133.5897,55.9557],[-133.6295,55.9594],[-133.6414,55.9481],[-133.6384,55.9379],[-133.6181,55.9280],[-133.6209,55.9208],[-133.6786,55.9146],[-133.7027,55.9027],[-133.7228,55.9177],[-133.7581,55.9208],[-133.7949,55.9435],[-133.7710,55.9804],[-133.6891,56.0437],[-133.6809,56.0691],[-133.6072,56.0785]],[[-132.5484,56.3044],[-132.5309,56.3391],[-132.5211,56.3432],[-132.3997,56.3504],[-132.3806,56.3215],[-132.3876,56.2982],[-132.3775,56.2845],[-132.3851,56.2617],[-132.4012,56.2572],[-132.3869,56.2477],[-132.3899,56.2355],[-132.4149,56.2162],[-132.4705,56.2040],[-132.4837,56.1945],[-132.4295,56.1867],[-132.3594,56.2179],[-132.2913,56.1883],[-132.1921,56.1765],[-132.0921,56.1064],[-132.1138,56.0846],[-132.1300,56.0938],[-132.1511,56.0716],[-132.2020,56.0921],[-132.1678,56.0512],[-132.1822,56.0437],[-132.1532,56.0158],[-132.1474,56.0027],[-132.1548,55.9897],[-132.1294,55.9702],[-132.1226,55.9455],[-132.1334,55.9290],[-132.1610,55.9345],[-132.1852,55.9693],[-132.2231,55.9345],[-132.2521,55.9362],[-132.3033,55.9153],[-132.3355,55.9181],[-132.3633,55.9447],[-132.4168,55.9578],[-132.4285,55.9693],[-132.4122,55.9981],[-132.3924,56.0058],[-132.3823,56.0226],[-132.3876,56.0307],[-132.4620,56.0366],[-132.4490,56.0648],[-132.5589,56.0716],[-132.5938,56.0865],[-132.6067,56.0846],[-132.6162,56.0568],[-132.6271,56.0512],[-132.6454,56.0580],[-132.6766,56.0972],[-132.7049,56.1174],[-132.7132,56.1397],[-132.7117,56.1571],[-132.6954,56.1536],[-132.6873,56.1953],[-132.6874,56.2116],[-132.7029,56.2224],[-132.6033,56.2361],[-132.5896,56.2468],[-132.5660,56.2937],[-132.5484,56.3044]],[[-131.9767,54.8315],[-131.9576,54.8281],[-131.9589,54.8030],[-131.9488,54.7899],[-132.0102,54.7837],[-131.9965,54.7769],[-132.0024,54.7654],[-131.9965,54.7352],[-132.0082,54.7040],[-132.0040,54.6937],[-132.0675,54.6990],[-132.1110,54.7167],[-132.1177,54.7136],[-132.1064,54.7012],[-132.1499,54.6986],[-132.2472,54.7433],[-132.2777,54.7148],[-132.2923,54.7274],[-132.2944,54.7621],[-132.2840,54.7769],[-132.2245,54.7916],[-132.2162,54.8036],[-132.2259,54.8146],[-132.2467,54.8178],[-132.2777,54.7974],[-132.2997,54.7943],[-132.3596,54.8036],[-132.2830,54.831],[-132.2647,54.8445],[-132.3255,54.8662],[-132.2777,54.8725],[-132.2777,54.8793],[-132.3356,54.8878],[-132.3497,54.8964],[-132.3499,54.9180],[-132.3938,54.9345],[-132.3596,54.9408],[-132.3938,54.9755],[-132.3801,55.0233],[-132.4026,55.0152],[-132.4175,54.9439],[-132.4361,54.9165],[-132.4729,54.9072],[-132.5014,54.9137],[-132.4976,54.9330],[-132.4565,54.9408],[-132.4441,54.9630],[-132.4522,54.9805],[-132.4900,55.0028],[-132.4954,54.9652],[-132.5188,54.9441],[-132.5502,54.9402],[-132.5934,54.9682],[-132.5960,54.9890],[-132.5657,54.9755],[-132.5464,55.0126],[-132.5309,55.0165],[-132.5794,55.0270],[-132.5719,55.0438],[-132.5534,55.0524],[-132.4837,55.0438],[-132.4649,55.0507],[-132.5309,55.0580],[-132.5429,55.0702],[-132.5391,55.0836],[-132.5111,55.1127],[-132.5598,55.1240],[-132.5756,55.1161],[-132.6028,55.0695],[-132.6129,55.0642],[-132.6266,55.0856],[-132.6085,55.1192],[-132.5583,55.1679],[-132.5758,55.1749],[-132.6332,55.2309],[-132.6408,55.2560],[-132.6574,55.2418],[-132.6558,55.2189],[-132.6424,55.1977],[-132.6161,55.1819],[-132.6204,55.1533],[-132.6309,55.1468],[-132.6961,55.1468],[-132.7848,55.1884],[-132.7989,55.2051],[-132.8093,55.2518],[-132.7991,55.2704],[-132.8404,55.2748],[-132.8599,55.2355],[-132.9493,55.2083],[-133.0304,55.2140],[-133.0350,55.2256],[-132.9835,55.2355],[-132.9137,55.2647],[-132.9015,55.2802],[-132.9097,55.2852],[-132.9595,55.2765],[-133.0865,55.2765],[-133.0790,55.2629],[-133.1309,55.2902],[-133.1888,55.2765],[-133.2129,55.2792],[-133.2202,55.3144],[-133.2570,55.3339],[-133.2646,55.3454],[-133.2481,55.3471],[-133.2298,55.3727],[-133.2066,55.3844],[-133.1787,55.3864],[-133.1524,55.3723],[-133.1441,55.3802],[-133.0606,55.3685],[-133.0177,55.3503],[-132.8724,55.3590],[-132.8463,55.3522],[-132.8698,55.3639],[-132.9561,55.3727],[-133.0078,55.3881],[-133.0287,55.4005],[-133.0244,55.4137],[-133.0310,55.4224],[-133.0654,55.4274],[-133.0237,55.4442],[-132.9772,55.4479],[-133.0082,55.4574],[-133.0753,55.4511],[-133.1070,55.4621],[-133.1258,55.4835],[-133.1248,55.5021],[-133.0933,55.5372],[-133.0728,55.5782],[-132.9864,55.6217],[-132.9083,55.6328],[-132.9698,55.6397],[-133.2036,55.5869],[-133.2512,55.5847],[-133.3570,55.6161],[-133.3790,55.6297],[-133.3881,55.6502],[-133.3821,55.6695],[-133.3414,55.6777],[-133.3602,55.7011],[-133.3852,55.7092],[-133.3819,55.7228],[-133.3704,55.7333],[-133.3575,55.7306],[-133.3239,55.7092],[-133.3056,55.7638],[-133.2366,55.7450],[-133.2139,55.7833],[-133.1479,55.8184],[-133.1398,55.8766],[-133.1441,55.8898],[-133.1563,55.8962],[-133.1611,55.8656],[-133.2176,55.8836],[-133.2367,55.9003],[-133.2486,55.9359],[-133.2597,55.9452],[-133.2298,55.9586],[-133.2441,55.9965],[-133.2502,56.0559],[-133.2791,56.0764],[-133.2646,56.1474],[-133.2855,56.1673],[-133.4434,56.1698],[-133.4903,56.1914],[-133.5731,56.1849],[-133.6121,56.2123],[-133.6147,56.2572],[-133.6339,56.2695],[-133.6345,56.2777],[-133.6196,56.2894],[-133.5763,56.2926],[-133.5663,56.3044],[-133.6147,56.3454],[-133.6147,56.3528],[-133.4390,56.3323],[-133.3415,56.3334],[-133.3131,56.3255],[-133.3300,56.3070],[-133.3284,56.2890],[-133.3122,56.2772],[-133.2851,56.2839],[-133.2993,56.2925],[-133.2940,56.3137],[-133.2584,56.3273],[-133.1821,56.3323],[-133.1393,56.2990],[-133.1343,56.2873],[-133.1406,56.2663],[-133.0585,56.2429],[-133.0523,56.2088],[-133.0585,56.1945],[-133.0350,56.1849],[-133.0248,56.1720],[-133.0242,56.1644],[-133.0462,56.1542],[-133.0728,56.1126],[-133.0929,56.1093],[-133.1238,56.1244],[-133.1404,56.1194],[-133.0790,56.0580],[-133.0628,56.0523],[-133.0009,56.0567],[-132.9561,56.0437],[-132.9513,56.0617],[-132.9356,56.0716],[-132.9185,56.0659],[-132.8958,56.0254],[-132.8690,56.0257],[-132.8424,56.0390],[-132.8022,56.0170],[-132.7364,55.9965],[-132.6709,55.9421],[-132.6207,55.9243],[-132.6004,55.8933],[-132.5697,55.8829],[-132.5583,55.8737],[-132.5657,55.8662],[-132.5084,55.8276],[-132.4627,55.7768],[-132.4728,55.7635],[-132.4454,55.7061],[-132.4627,55.6676],[-132.4387,55.6546],[-132.4348,55.6266],[-132.3937,55.6684],[-132.3705,55.6676],[-132.3499,55.6485],[-132.3392,55.6055],[-132.2877,55.5372],[-132.2148,55.5311],[-132.1575,55.4967],[-132.1406,55.4652],[-132.1505,55.4494],[-132.1732,55.4528],[-132.2504,55.5031],[-132.2962,55.5135],[-132.3338,55.5322],[-132.4348,55.5502],[-132.5235,55.6252],[-132.5521,55.6192],[-132.5309,55.5987],[-132.5526,55.5910],[-132.5657,55.5720],[-132.5281,55.5673],[-132.5121,55.5592],[-132.5145,55.5471],[-132.5620,55.5062],[-132.6598,55.4756],[-132.6817,55.4553],[-132.6546,55.4448],[-132.6493,55.4354],[-132.6545,55.4212],[-132.6170,55.4575],[-132.5468,55.4726],[-132.5415,55.4956],[-132.5191,55.5066],[-132.4432,55.5035],[-132.4012,55.5167],[-132.3615,55.4729],[-132.2769,55.4527],[-132.2679,55.4413],[-132.2913,55.4348],[-132.3392,55.4479],[-132.3680,55.4302],[-132.4695,55.4212],[-132.4837,55.4069],[-132.4782,55.3905],[-132.4009,55.4115],[-132.3782,55.3979],[-132.3699,55.3811],[-132.3255,55.4069],[-132.2501,55.4137],[-132.2009,55.3692],[-132.1548,55.3659],[-132.1610,55.3522],[-132.1502,55.3463],[-132.1439,55.3250],[-132.1242,55.3180],[-132.1269,55.3039],[-132.0907,55.2768],[-132.0952,55.2670],[-132.1796,55.2450],[-132.2430,55.2560],[-132.2363,55.2449],[-132.2504,55.2083],[-132.2402,55.1972],[-132.2177,55.1984],[-132.2231,55.2083],[-132.2031,55.2291],[-132.1724,55.2250],[-132.1138,55.2014],[-132.0833,55.2101],[-132.0506,55.2589],[-132.0276,55.2704],[-131.9942,55.2681],[-131.9774,55.2454],[-131.9693,55.2049],[-131.9759,55.1769],[-132.0239,55.1195],[-131.9898,55.1195],[-132.0014,55.1044],[-132.0583,55.0785],[-132.0928,55.1052],[-132.1003,55.1012],[-132.0970,55.0925],[-132.0785,55.0785],[-132.1201,55.0711],[-132.1201,55.0642],[-132.0768,55.0487],[-132.0754,55.0401],[-132.2088,55.0026],[-132.2231,54.9892],[-132.1670,54.9872],[-132.1345,54.9701],[-132.1019,54.9882],[-132.0921,54.9755],[-132.0699,55.0011],[-132.0353,55.0227],[-131.9968,55.0344],[-131.9630,55.0302],[-131.9812,55.0167],[-131.9767,54.9954],[-132.0102,54.9680],[-131.9767,54.9697],[-131.9618,54.9577],[-131.9767,54.9408],[-131.9760,54.9081],[-132.0335,54.9055],[-132.0470,54.8985],[-132.0454,54.8871],[-132.0239,54.8725],[-131.9686,54.8535],[-131.9556,54.8383],[-131.9767,54.8315]],[[-133.9101,56.4975],[-133.8692,56.4868],[-133.8536,56.4552],[-133.8257,56.4422],[-133.8452,56.4343],[-133.8878,56.4400],[-133.9089,56.4348],[-133.8753,56.4105],[-133.8809,56.3937],[-133.9095,56.3908],[-133.9163,56.3733],[-133.8437,56.3491],[-133.8535,56.3104],[-133.8474,56.2982],[-133.8689,56.2847],[-133.9566,56.3596],[-133.9725,56.3605],[-133.9703,56.3187],[-133.9785,56.2787],[-133.9081,56.2763],[-133.8919,56.2298],[-133.8955,56.2199],[-133.9438,56.2119],[-133.9446,56.2016],[-133.9161,56.1590],[-133.9377,56.1370],[-133.9356,56.1194],[-133.9491,56.0923],[-133.9803,56.0846],[-134.0392,56.1126],[-134.0092,56.1851],[-134.0392,56.2162],[-134.0325,56.3068],[-134.0523,56.3187],[-134.0690,56.3028],[-134.0724,56.2486],[-134.1075,56.2429],[-134.0902,56.1926],[-134.1219,56.1797],[-134.1900,56.1781],[-134.1621,56.1399],[-134.1506,56.1369],[-134.1311,56.1474],[-134.1035,56.1402],[-134.1004,56.1052],[-134.0864,56.0921],[-134.1212,56.0648],[-134.1079,56.0530],[-134.1024,56.0107],[-134.1143,55.9965],[-134.1293,55.9994],[-134.1485,56.0116],[-134.1575,56.0281],[-134.1416,56.0437],[-134.2106,56.0628],[-134.2242,56.0785],[-134.2100,56.0872],[-134.2077,56.0985],[-134.2368,56.1181],[-134.2000,56.1505],[-134.1971,56.1620],[-134.2372,56.1679],[-134.2473,56.1783],[-134.2645,56.2604],[-134.2572,56.2716],[-134.2247,56.2576],[-134.2146,56.2913],[-134.1600,56.3124],[-134.1695,56.3323],[-134.2515,56.2982],[-134.2925,56.2982],[-134.2925,56.3044],[-134.2599,56.3159],[-134.2827,56.3466],[-134.2819,56.3627],[-134.2310,56.3696],[-134.2372,56.4142],[-134.2284,56.4202],[-134.1962,56.4081],[-134.1804,56.4125],[-134.1783,56.4413],[-134.1553,56.4112],[-134.1553,56.3659],[-134.1041,56.4081],[-134.0802,56.4006],[-134.0508,56.3677],[-134.0392,56.3733],[-134.0318,56.4211],[-134.0604,56.4480],[-134.0673,56.4776],[-134.0615,56.4843],[-134.0318,56.4757],[-134.0344,56.4859],[-134.0594,56.5152],[-134.0665,56.5446],[-134.0817,56.5515],[-134.1212,56.4968],[-134.1391,56.4987],[-134.1900,56.5446],[-134.2180,56.5567],[-134.2764,56.5640],[-134.3061,56.5582],[-134.3061,56.5651],[-134.2276,56.6074],[-134.1416,56.6339],[-134.0933,56.6315],[-134.0864,56.6470],[-134.1440,56.6519],[-134.2468,56.6201],[-134.2660,56.6268],[-134.2857,56.6470],[-134.2242,56.6616],[-134.2173,56.6848],[-134.2227,56.6944],[-134.2515,56.6920],[-134.2598,56.6706],[-134.3067,56.6657],[-134.3575,56.6765],[-134.3970,56.7295],[-134.3880,56.7569],[-134.4053,56.8197],[-134.4056,56.8526],[-134.3884,56.8650],[-134.3611,56.8635],[-134.3334,56.8320],[-134.2808,56.7927],[-134.2720,56.8015],[-134.2772,56.8213],[-134.3192,56.8599],[-134.3282,56.8887],[-134.3061,56.8978],[-134.2342,56.8941],[-134.1826,56.8599],[-134.1075,56.8463],[-134.1553,56.8941],[-134.2134,56.9071],[-134.2105,56.9220],[-134.2645,56.9418],[-134.1059,56.9122],[-134.0864,56.9003],[-134.0126,56.8851],[-133.9866,56.8656],[-133.9908,56.8320],[-133.9712,56.8364],[-133.9641,56.8311],[-133.9566,56.7978],[-133.9356,56.8122],[-133.9192,56.7702],[-133.9048,56.7606],[-133.9093,56.7469],[-133.9230,56.7407],[-133.9225,56.7159],[-133.9430,56.7023],[-133.9598,56.6712],[-133.9871,56.6551],[-134.0250,56.6538],[-133.9937,56.6392],[-133.9643,56.6432],[-133.9381,56.6593],[-133.9163,56.6812],[-133.9207,56.6998],[-133.8707,56.7149],[-133.8536,56.7569],[-133.8623,56.8098],[-133.8011,56.7770],[-133.7684,56.7857],[-133.7171,56.7711],[-133.7803,56.6864],[-133.7600,56.6699],[-133.7321,56.6631],[-133.7301,56.6339],[-133.7056,56.6041],[-133.7359,56.5671],[-133.7717,56.5582],[-133.7990,56.5987],[-133.9051,56.6203],[-133.9225,56.6166],[-133.9103,56.6014],[-133.8577,56.5874],[-133.8474,56.5651],[-133.8741,56.5303],[-133.9195,56.5136],[-133.9101,56.4975]],[[-134.6214,56.7438],[-134.6674,56.1703],[-135.0528,56.5378],[-134.8474,56.6886],[-134.9610,56.6265],[-134.9847,56.7145],[-135.1097,56.6017],[-134.9988,56.7616],[-135.1878,56.6767],[-135.1217,56.8320],[-135.3675,56.8289],[-135.2945,56.8921],[-135.3500,56.9704],[-135.1653,57.0417],[-135.3749,57.0927],[-135.2664,57.1610],[-135.4129,57.1579],[-135.3340,57.2503],[-135.5292,57.2367],[-135.6749,57.3586],[-135.4753,57.3543],[-135.6089,57.3876],[-135.3811,57.5536],[-135.2794,57.5110],[-135.3960,57.4426],[-135.1802,57.4806],[-135.2036,57.4285],[-134.9947,57.3977],[-134.9094,57.3397],[-134.9845,57.2981],[-134.8389,57.2577],[-134.6214,56.7438]],[[-152.1608,57.6271],[-152.3629,57.4285],[-152.9733,57.5178],[-152.9107,57.4899],[-153.0280,57.4762],[-153.0416,57.4285],[-152.8324,57.4762],[-152.5960,57.3739],[-152.8374,57.2707],[-152.8821,57.3524],[-153.1747,57.3513],[-152.9590,57.2571],[-153.3911,57.2094],[-153.4552,57.1168],[-153.4860,57.1757],[-153.5418,57.1758],[-153.4981,57.0742],[-153.7610,57.0517],[-153.5597,56.9865],[-153.9872,56.7438],[-154.1495,56.7509],[-153.7747,56.9971],[-153.9733,56.9629],[-153.7399,57.1336],[-154.0995,56.9648],[-154.1104,57.0380],[-153.9596,57.1200],[-154.2408,57.1547],[-154.4949,57.1135],[-154.4129,57.0501],[-154.1037,57.1138],[-154.3049,56.8557],[-154.3283,56.9296],[-154.5285,56.9916],[-154.6015,57.2589],[-154.7831,57.2729],[-154.8100,57.3465],[-154.7069,57.3397],[-154.7268,57.4285],[-154.6147,57.5265],[-154.2203,57.6755],[-154.0186,57.6472],[-153.9733,57.5724],[-154.1104,57.5445],[-153.9354,57.5349],[-153.8907,57.4080],[-153.7473,57.3034],[-153.6306,57.2709],[-153.8113,57.4123],[-153.8508,57.5772],[-153.6784,57.5445],[-153.8845,57.6482],[-153.5845,57.6170],[-153.9057,57.7112],[-153.9246,57.8104],[-153.6654,57.8946],[-153.5744,57.8395],[-153.5071,57.6271],[-153.5276,57.7233],[-153.4395,57.6994],[-153.4991,57.7608],[-153.3212,57.7309],[-153.4491,57.8468],[-153.2110,57.7855],[-153.2123,57.7295],[-153.1788,57.7096],[-153.2403,57.9020],[-153.0484,57.8331],[-153.2842,58.0104],[-152.8082,57.9082],[-152.8908,57.8741],[-152.8855,57.7287],[-152.8179,57.8604],[-152.4863,57.9107],[-152.3290,57.8257],[-152.5511,57.7033],[-152.3974,57.6885],[-152.4263,57.6135],[-152.1608,57.6271]],[[-135.6907,57.3670],[-136.0124,57.5178],[-135.8008,57.4658],[-136.0738,57.6073],[-135.9503,57.6209],[-136.1154,57.6216],[-136.0882,57.6885],[-136.2247,57.7848],[-136.4164,57.8257],[-136.3119,57.9955],[-136.0329,57.8468],[-136.4096,58.0799],[-136.3802,58.1403],[-136.2725,58.1068],[-136.3557,58.2198],[-136.2631,58.2169],[-136.1937,58.0836],[-136.1011,58.0585],[-136.1647,58.1019],[-136.1365,58.2230],[-135.9653,58.1640],[-135.7850,58.2760],[-135.4848,58.1620],[-135.6273,58.0414],[-135.7830,58.0420],[-135.6248,58.0131],[-135.7933,57.9840],[-135.6561,57.9492],[-135.3892,58.1410],[-134.9247,58.0274],[-134.9156,57.8468],[-135.2036,57.9430],[-134.9300,57.8126],[-135.0137,57.7858],[-135.8895,57.9977],[-135.3723,57.8052],[-135.3638,57.7262],[-134.9138,57.7558],[-134.8138,57.4974],[-135.0568,57.4666],[-135.8132,57.7643],[-135.7039,57.6755],[-135.8069,57.6414],[-135.6048,57.6070],[-135.6561,57.5520],[-135.5777,57.5554],[-135.5462,57.4660],[-135.6907,57.3670]],[[-134.0847,57.2564],[-134.6146,57.0101],[-134.6332,57.2241],[-134.5255,57.2157],[-134.5831,57.2693],[-134.4570,57.3118],[-134.5563,57.3977],[-134.3129,57.3323],[-134.3675,57.3739],[-134.3061,57.3943],[-134.4638,57.3943],[-134.5691,57.4920],[-134.3539,57.5445],[-134.5668,57.5110],[-134.6535,57.5982],[-134.8064,58.0554],[-134.7313,58.1789],[-134.7836,58.1105],[-134.9076,58.2012],[-134.9610,58.4048],[-134.6931,58.1684],[-134.1769,58.1635],[-133.7892,57.5888],[-134.3067,58.0980],[-134.2242,57.9697],[-134.3166,57.9966],[-134.2891,57.8366],[-133.9378,57.6185],[-133.8399,57.4626],[-134.0728,57.5110],[-133.8649,57.3551],[-133.9580,57.3036],[-134.1758,57.3876],[-134.0847,57.2564]],[[-163.0738,54.6875],[-163.3694,54.7645],[-163.6225,54.6118],[-164.1326,54.6232],[-164.4055,54.4359],[-164.6525,54.3919],[-164.8452,54.4234],[-164.9582,54.5851],[-164.7006,54.6782],[-164.4775,54.9188],[-164.2250,54.8947],[-163.7565,55.0603],[-163.5257,55.0438],[-163.3543,54.7769],[-163.1441,54.7703],[-163.0738,54.6875]],[[-165.5410,59.9845],[-166.2466,59.8539],[-166.0817,59.7790],[-166.1820,59.7562],[-167.1219,60.0007],[-167.4528,60.2172],[-166.8204,60.2175],[-166.7608,60.3044],[-166.1515,60.3811],[-166.1574,60.4369],[-166.0755,60.3339],[-165.6844,60.2997],[-165.7260,60.0664],[-165.5410,59.9845]],[[-168.6861,63.3014],[-168.8508,63.1628],[-169.3511,63.1762],[-169.6662,62.9452],[-169.7555,62.9656],[-169.7053,63.0401],[-169.8174,63.1267],[-170.2620,63.1984],[-170.2349,63.2835],[-170.4443,63.3591],[-170.8561,63.4603],[-171.4393,63.3197],[-171.7355,63.3759],[-171.8528,63.5211],[-171.7280,63.7961],[-171.4072,63.6441],[-171.5437,63.6229],[-171.4871,63.6089],[-170.9369,63.5716],[-170.6462,63.6850],[-170.3100,63.6986],[-170.0824,63.6151],[-170.0845,63.4858],[-169.1867,63.3014],[-169.0703,63.3213],[-169.2211,63.3492],[-168.6861,63.3014]],[[-133.5298,54.8310],[-133.5151,54.7824],[-133.5217,54.7667],[-133.5460,54.7850],[-133.5447,54.8316],[-133.5298,54.8310]],[[-131.1891,55.1034],[-131.1899,55.0483],[-131.2162,55.0480],[-131.2548,55.0692],[-131.2441,55.0927],[-131.2039,55.1099],[-131.1891,55.1034]],[[-133.3202,55.4231],[-133.2692,55.4439],[-133.2360,55.4402],[-133.2382,55.4138],[-133.2744,55.4042],[-133.3151,55.4045],[-133.3202,55.4231]]]}},{"type":"Feature","properties":{"name":"Louisiana"},"geometry":{"type":"MultiLineString","coordinates":[[[-89.5259,30.1927],[-89.7084,30.1752],[-90.1894,30.3908],[-90.4329,30.1432],[-90.1451,30.0238],[-89.8804,30.1548],[-89.7888,30.0988],[-89.7363,30.1752],[-89.7432,30.0995],[-89.6673,30.1640],[-89.7179,30.0332],[-89.8404,30.0114],[-89.6645,29.8754],[-89.4862,30.0763],[-89.3660,30.0486],[-89.4547,29.9763],[-89.3702,29.9507],[-89.4347,29.9289],[-89.3316,29.8798],[-89.3453,29.7916],[-89.4825,29.8333],[-89.6014,29.7348],[-89.4825,29.6341],[-89.7022,29.7097],[-89.6197,29.6272],[-89.7569,29.6341],[-89.5235,29.4696],[-89.5398,29.3977],[-89.1970,29.3534],[-89.0101,29.1747],[-89.0969,29.1596],[-89.0231,29.1474],[-89.1336,28.9962],[-89.2476,29.1059],[-89.4136,28.9283],[-89.2761,29.1601],[-89.3836,29.0878],[-89.4551,29.2504],[-89.8181,29.3161],[-89.7438,29.3698],[-89.8163,29.4743],[-90.1820,29.5794],[-90.2102,29.5151],[-90.0237,29.4286],[-90.0175,29.2982],[-90.2292,29.0866],[-90.2608,29.2694],[-90.3391,29.3112],[-90.3937,29.2430],[-90.4344,29.3572],[-90.6027,29.3075],[-90.5855,29.2293],[-90.7059,29.1195],[-91.2851,29.2608],[-91.3279,29.2948],[-91.3396,29.3392],[-91.2229,29.3801],[-91.1540,29.2504],[-91.1131,29.2709],[-91.2625,29.4690],[-91.2283,29.6080],[-91.2986,29.4838],[-91.4290,29.5658],[-91.5593,29.5384],[-91.6379,29.7420],[-91.8584,29.7190],[-91.8475,29.8312],[-92.2023,29.7643],[-92.0999,29.7097],[-92.1074,29.6204],[-92.0248,29.6272],[-92.2764,29.5338],[-93.1995,29.7728],[-93.8310,29.7001],[-93.8936,29.7908],[-93.7819,29.8565],[-93.7039,30.1437],[-93.7305,30.5656],[-93.5147,31.0420],[-93.7267,31.5149],[-93.8296,31.5938],[-93.8400,31.7903],[-94.0432,31.9981],[-94.0412,33.0109],[-91.1664,33.0143],[-91.0719,32.9231],[-91.1572,32.7708],[-91.0702,32.7109],[-91.1681,32.6662],[-91.1051,32.4651],[-90.9132,32.3100],[-91.0954,32.1413],[-91.0914,32.0141],[-91.3513,31.8407],[-91.5289,31.5006],[-91.5288,31.2934],[-91.6479,31.2715],[-91.5790,31.0561],[-91.6573,31.0002],[-89.7352,31.0001],[-89.8460,30.6824],[-89.5259,30.1927]]]}},{"type":"Feature","properties":{"name":"Mississippi"},"geometry":{"type":"MultiLineString","coordinates":[[[-88.4022,30.3878],[-88.4705,30.3238],[-88.9276,30.4422],[-88.9822,30.4223],[-88.8593,30.4081],[-89.2534,30.3192],[-89.3217,30.3807],[-89.4425,30.1897],[-89.5648,30.1890],[-89.8460,30.6824],[-89.7352,31.0001],[-91.6573,31.0002],[-91.5790,31.0561],[-91.6479,31.2715],[-91.5288,31.2934],[-91.5289,31.5006],[-91.3513,31.8407],[-91.0914,32.0141],[-91.0954,32.1413],[-90.9098,32.3243],[-91.1051,32.4651],[-91.1663,32.6444],[-91.0702,32.7109],[-91.1572,32.7708],[-91.0719,32.9231],[-91.1681,32.9815],[-91.0930,33.1674],[-91.1820,33.3200],[-91.1271,33.4780],[-91.2354,33.5668],[-91.1516,33.6334],[-91.2259,33.6898],[-91.0454,33.8145],[-91.0930,33.9895],[-90.8801,34.0609],[-90.9558,34.1571],[-90.7708,34.2840],[-90.7593,34.3806],[-90.5939,34.4250],[-90.5679,34.7198],[-90.2717,34.9230],[-90.3042,35.0000],[-88.1790,34.9978],[-88.0881,34.9080],[-88.4861,31.8895],[-88.4022,30.3878]]]}},{"type":"Feature","properties":{"name":"Alabama"},"geometry":{"type":"MultiLineString","coordinates":[[[-87.4051,30.6701],[-87.4737,30.3591],[-87.6118,30.3602],[-87.5901,30.2753],[-87.6545,30.2521],[-88.0301,30.2237],[-87.7642,30.2795],[-87.8212,30.4046],[-87.9113,30.4135],[-87.9124,30.5837],[-88.0301,30.7376],[-88.1263,30.3261],[-88.4022,30.3878],[-88.4861,31.8895],[-88.0894,34.8920],[-88.1855,35.0097],[-85.6056,34.9852],[-85.2013,32.9352],[-84.9677,32.4335],[-84.9918,32.3368],[-84.8979,32.2689],[-85.0313,32.1704],[-85.1439,31.8239],[-85.0425,31.5353],[-85.1010,31.1826],[-84.9974,31.0106],[-87.5936,30.9997],[-87.6211,30.8568],[-87.4051,30.6701]]]}},{"type":"Feature","properties":{"name":"Florida"},"geometry":{"type":"MultiLineString","coordinates":[[[-87.4473,30.3131],[-87.3448,30.4398],[-87.4390,30.5286],[-87.4051,30.6701],[-87.6253,30.8652],[-87.5936,30.9997],[-85.0065,31.0001],[-84.8757,30.7191],[-82.2398,30.5646],[-82.1661,30.3645],[-82.0485,30.3753],[-82.0413,30.7366],[-81.9619,30.8184],[-81.4402,30.7007],[-81.4378,30.5241],[-81.4890,30.6209],[-81.5003,30.5512],[-81.4098,30.4564],[-81.2388,29.7373],[-80.9221,29.0683],[-80.6270,28.6508],[-80.5282,28.4726],[-80.5921,28.2079],[-80.4509,27.8663],[-80.6199,28.2069],[-80.6004,28.6002],[-80.7659,28.6122],[-80.7523,28.7419],[-80.8481,28.7905],[-80.7382,28.3734],[-80.3809,27.6660],[-80.1970,27.1804],[-80.2171,27.2094],[-80.3143,27.2425],[-80.1487,27.1382],[-80.0382,26.8111],[-80.1287,25.7752],[-80.1406,25.9008],[-80.3068,25.6182],[-80.4024,25.1862],[-80.5655,25.2459],[-80.7109,25.1452],[-81.1019,25.1247],[-81.1771,25.2277],[-81.1648,25.2980],[-81.1299,25.3444],[-81.0057,25.2141],[-80.9172,25.2457],[-81.1413,25.3847],[-81.3484,25.8168],[-81.6227,25.9471],[-81.7320,25.9204],[-81.6643,25.9813],[-81.8008,26.0986],[-81.8559,26.4488],[-82.0086,26.4845],[-81.7803,26.7149],[-82.0390,26.5278],[-82.0969,26.9093],[-81.9783,26.9961],[-82.1551,26.9276],[-82.2738,27.0160],[-82.1502,26.8031],[-82.3138,26.8493],[-82.5736,27.3950],[-82.6983,27.4548],[-82.7291,27.5147],[-82.5891,27.5032],[-82.6369,27.5237],[-82.3899,27.8111],[-82.4217,27.9171],[-82.5270,27.8247],[-82.5411,27.9427],[-82.6909,28.0376],[-82.6443,27.9687],[-82.7188,27.9278],[-82.5618,27.8861],[-82.6540,27.6950],[-82.8150,27.8322],[-82.7393,27.7285],[-82.7188,27.6596],[-82.8423,27.8285],[-82.6642,28.4479],[-82.6336,28.8876],[-82.8008,29.1747],[-83.0406,29.1801],[-83.6805,29.9212],[-84.0240,30.1065],[-84.2091,30.1070],[-84.3836,30.0319],[-84.3463,29.9698],[-84.4535,30.0051],[-84.4661,29.9896],[-84.3430,29.9467],[-84.3489,29.9020],[-84.3773,29.8873],[-84.5083,29.9220],[-84.8753,29.7332],[-84.8732,29.8046],[-85.0042,29.7160],[-85.3460,29.6783],[-85.3915,29.7160],[-85.4134,29.8513],[-85.3205,29.6933],[-85.3565,29.8887],[-85.6795,30.1343],[-85.4423,30.0201],[-85.3950,30.0555],[-85.7205,30.1957],[-85.5554,30.2851],[-85.5867,30.3261],[-85.8543,30.2648],[-85.7205,30.1343],[-86.5108,30.4076],[-86.1077,30.3867],[-86.2071,30.5048],[-86.4083,30.4614],[-86.4883,30.5241],[-86.6022,30.4182],[-87.1940,30.3602],[-86.8937,30.4389],[-87.0296,30.6073],[-87.0773,30.4496],[-87.1805,30.5846],[-87.1804,30.4359],[-87.4473,30.3131]]]}},{"type":"Feature","properties":{"name":"Georgia"},"geometry":{"type":"MultiLineString","coordinates":[[[-81.1359,32.1355],[-80.8356,32.0029],[-80.9373,31.9764],[-80.9804,31.8653],[-81.1182,31.9076],[-81.1429,31.8549],[-81.0399,31.8269],[-81.1055,31.7426],[-81.2733,31.7655],[-81.1962,31.7175],[-81.3310,31.5524],[-81.3256,31.3489],[-81.4924,31.3676],[-81.2676,31.2587],[-81.3859,31.1417],[-81.4548,31.206],[-81.4958,31.1262],[-81.4036,31.1212],[-81.4241,31.0250],[-81.5135,31.0933],[-81.4507,31.0219],[-81.5196,30.9840],[-81.4507,30.9635],[-81.5333,30.8537],[-81.5000,30.7121],[-81.9619,30.8184],[-82.0413,30.7366],[-82.0576,30.3691],[-82.1918,30.3739],[-82.2398,30.5646],[-84.8757,30.7191],[-85.1010,31.1826],[-85.0425,31.5353],[-85.1439,31.8239],[-85.0313,32.1704],[-84.8979,32.2689],[-84.9918,32.3368],[-84.9677,32.4335],[-85.2013,32.9352],[-85.6056,34.9852],[-83.1147,35.0004],[-83.3554,34.7084],[-83.0472,34.4966],[-82.8572,34.4606],[-82.5705,33.9678],[-81.9380,33.4760],[-81.7597,33.1559],[-81.5176,33.0395],[-81.4057,32.6242],[-81.2007,32.4845],[-81.1317,32.3211],[-81.1359,32.1355]]]}},{"type":"Feature","properties":{"name":"South Carolina"},"geometry":{"type":"MultiLineString","coordinates":[[[-78.5731,33.8826],[-78.9379,33.6420],[-79.1331,33.4174],[-79.1834,33.2179],[-79.2720,33.3172],[-79.2322,33.4120],[-79.2994,33.2967],[-79.1834,33.1837],[-79.3404,33.1558],[-79.2926,33.1087],[-79.3870,33.0173],[-79.5848,33.0138],[-79.5887,32.9141],[-79.8287,32.7627],[-79.9437,32.8514],[-79.9676,32.7852],[-79.8714,32.7083],[-80.0051,32.6115],[-80.1771,32.5670],[-80.2659,32.6214],[-80.2044,32.5606],[-80.3312,32.4863],[-80.5396,32.5606],[-80.6697,32.5211],[-80.4781,32.4780],[-80.5874,32.4569],[-80.4583,32.4231],[-80.5471,32.3471],[-80.4297,32.4098],[-80.4707,32.3227],[-80.6368,32.2667],[-80.6572,32.4627],[-80.6782,32.3027],[-80.7593,32.3607],[-80.7855,32.4967],[-80.8549,32.5394],[-80.7989,32.3197],[-80.6778,32.2147],[-80.8207,32.1081],[-80.7772,32.2072],[-80.7798,32.2446],[-80.9110,32.0338],[-81.1359,32.1355],[-81.1317,32.3211],[-81.2007,32.4845],[-81.4057,32.6242],[-81.5176,33.0395],[-81.7597,33.1559],[-81.9380,33.4760],[-82.5705,33.9678],[-82.8572,34.4606],[-83.0472,34.4966],[-83.3554,34.7084],[-83.1147,35.0004],[-82.3912,35.2183],[-81.0610,35.1522],[-81.0452,35.0645],[-80.9336,35.1126],[-80.7929,34.9617],[-80.7840,34.8275],[-79.6535,34.7957],[-78.5731,33.8826]]]}},{"type":"Feature","properties":{"name":"North Carolina"},"geometry":{"type":"MultiLineString","coordinates":[[[-76.0317,36.5502],[-75.7855,36.0816],[-75.9617,36.3069],[-75.9080,36.1649],[-76.1988,36.3226],[-76.0634,36.1620],[-76.1681,36.1308],[-76.2919,36.2127],[-76.2201,36.0995],[-76.4630,36.2059],[-76.3115,36.0960],[-76.5772,36.0123],[-76.6870,36.0560],[-76.6795,36.2875],[-76.7298,36.3226],[-76.7298,35.9452],[-76.0483,35.9837],[-76.0563,35.7934],[-76.1241,35.7945],[-76.0371,35.6987],[-76.1408,35.6987],[-76.0309,35.6510],[-75.9899,35.8869],[-75.8614,35.8806],[-75.9080,35.9384],[-75.8248,35.9315],[-75.8528,35.9799],[-75.7218,35.8291],[-75.7538,35.6118],[-75.8391,35.5685],[-75.8863,35.6373],[-76.1503,35.3471],[-76.3553,35.4134],[-76.3736,35.3431],[-76.4183,35.4645],[-76.4983,35.3913],[-76.5751,35.4974],[-76.4630,35.5411],[-76.6473,35.5206],[-76.5997,35.3950],[-77.0519,35.5343],[-76.9763,35.4381],[-76.4703,35.2705],[-76.6752,35.1706],[-76.5605,35.1244],[-76.7644,34.9892],[-77.0793,35.1569],[-76.9402,34.9798],[-76.5398,34.9320],[-76.5685,34.9932],[-76.4896,34.9726],[-76.4537,35.0733],[-76.4618,34.9405],[-76.3251,34.9757],[-76.3531,35.0272],[-76.2698,34.9651],[-76.5127,34.7343],[-76.6159,34.8160],[-76.6329,34.7091],[-76.6852,34.8007],[-76.7708,34.7534],[-76.7019,34.7255],[-77.0932,34.6769],[-77.1317,34.7623],[-77.1368,34.6823],[-77.3180,34.5642],[-77.4014,34.5890],[-77.3331,34.6498],[-77.4356,34.7534],[-77.3824,34.6320],[-77.4498,34.6088],[-77.3788,34.5271],[-77.7304,34.3158],[-77.9420,33.9304],[-77.9216,34.1085],[-77.9625,34.1911],[-77.9494,34.0027],[-78.0323,33.8922],[-78.3746,33.9509],[-78.5589,33.8690],[-79.6535,34.7957],[-80.7840,34.8275],[-80.7929,34.9617],[-80.9336,35.1126],[-81.0452,35.0645],[-81.0610,35.1522],[-82.3912,35.2183],[-83.0965,35.0006],[-84.3246,34.9870],[-84.2905,35.2299],[-84.0783,35.2683],[-83.8887,35.5123],[-83.4992,35.5699],[-82.9905,35.7837],[-82.9074,35.9459],[-82.6297,36.0573],[-82.5595,35.9617],[-82.2131,36.1591],[-82.0779,36.1037],[-81.8924,36.3167],[-81.7163,36.3436],[-81.6588,36.6095],[-80.0895,36.5397],[-76.0317,36.5502]]]}},{"type":"Feature","properties":{"name":"Virginia"},"geometry":{"type":"MultiLineString","coordinates":[[[-76.0132,36.5501],[-76.0445,36.5895],[-80.0895,36.5397],[-83.6674,36.6040],[-83.1285,36.7533],[-83.0623,36.8517],[-82.8690,36.9010],[-82.6815,37.1370],[-81.9652,37.5386],[-81.9274,37.3707],[-81.5839,37.2047],[-81.3634,37.3345],[-81.2240,37.2443],[-80.8823,37.3258],[-80.8458,37.4248],[-80.7437,37.3818],[-80.2943,37.5092],[-80.2249,37.6215],[-80.2848,37.6851],[-79.7945,38.2738],[-79.6485,38.5880],[-79.2844,38.4268],[-78.9987,38.8423],[-78.8677,38.7882],[-78.4203,39.1569],[-78.3221,39.4508],[-77.8357,39.1441],[-77.7346,39.3310],[-77.4667,39.2437],[-77.4957,39.1239],[-77.0330,38.8539],[-77.0477,38.7157],[-77.2298,38.6566],[-77.3385,38.3426],[-77.0408,38.3959],[-76.9541,38.2101],[-76.6146,38.1503],[-76.5306,38.0251],[-76.2479,37.9034],[-76.2500,37.8228],[-76.3248,37.8487],[-76.3046,37.6378],[-76.4689,37.7086],[-76.5049,37.6569],[-76.9349,38.0936],[-77.0625,38.1660],[-77.1339,38.1660],[-76.9258,38.0588],[-76.5519,37.6267],[-76.2841,37.5695],[-76.3933,37.5331],[-76.2700,37.5173],[-76.2576,37.3355],[-76.4151,37.4426],[-76.4350,37.3231],[-76.3718,37.2880],[-76.4960,37.2491],[-76.7298,37.4944],[-76.7981,37.5043],[-76.6062,37.2957],[-76.4680,37.2139],[-76.3856,37.2324],[-76.2703,37.0976],[-76.2962,37.0135],[-76.4291,36.9763],[-76.6340,37.2206],[-76.7437,37.1974],[-76.8602,37.3231],[-76.9314,37.2452],[-76.9905,37.3202],[-77.2779,37.3293],[-76.7179,37.1500],[-76.6699,37.1850],[-76.6597,37.0433],[-76.4947,36.9539],[-76.5244,36.8632],[-76.2916,36.8495],[-76.3100,36.9596],[-76.0045,36.9323],[-75.8531,36.5490],[-75.9578,36.7194],[-76.0132,36.5501]]]}},{"type":"Feature","properties":{"name":"District of Columbia"},"geometry":{"type":"MultiLineString","coordinates":[[[-77.0229,38.8027],[-77.1197,38.9340],[-77.0419,38.9961],[-76.9093,38.8929],[-77.0229,38.8027]]]}},{"type":"Feature","properties":{"name":"Maryland"},"geometry":{"type":"MultiLineString","coordinates":[[[-75.3773,38.0151],[-75.8749,37.9511],[-75.7429,38.1108],[-75.9405,38.1354],[-75.8186,38.2337],[-75.9066,38.2709],[-75.8432,38.4043],[-75.9627,38.2479],[-75.9904,38.3620],[-76.0379,38.2324],[-76.2097,38.3920],[-76.2159,38.3168],[-76.3189,38.4739],[-76.1719,38.5662],[-76.2860,38.5628],[-76.2774,38.6247],[-76.0535,38.5680],[-75.9702,38.6065],[-76.2880,38.7755],[-76.3412,38.6731],[-76.3046,38.8227],[-76.2531,38.8550],[-76.1731,38.7566],[-76.1090,38.8007],[-76.1881,38.8466],[-76.1060,38.8779],[-76.2471,38.9511],[-76.3747,38.8415],[-76.3152,39.0293],[-76.1975,38.9793],[-76.0650,39.1461],[-76.2426,39.0332],[-76.2726,39.1679],[-76.1749,39.3162],[-75.8391,39.3714],[-76.0342,39.3928],[-75.8391,39.4607],[-75.8937,39.5086],[-75.8316,39.5843],[-76.0007,39.4527],[-75.9347,39.6041],[-76.0829,39.5578],[-76.0675,39.4578],[-76.2097,39.3646],[-76.2324,39.4745],[-76.2841,39.3106],[-76.3115,39.4027],[-76.4014,39.3925],[-76.3326,39.3509],[-76.4308,39.3181],[-76.4014,39.2560],[-76.4834,39.3106],[-76.3968,39.2379],[-76.4491,39.1949],[-76.5708,39.2736],[-76.6231,39.2597],[-76.4332,39.1312],[-76.4329,39.0672],[-76.5164,39.0756],[-76.3941,39.0245],[-76.5691,39.0663],[-76.4524,38.9438],[-76.5686,38.9525],[-76.4931,38.8989],[-76.5516,38.7755],[-76.5119,38.5277],[-76.3927,38.3535],[-76.4535,38.3240],[-76.6364,38.4741],[-76.6814,38.6793],[-76.6736,38.4860],[-76.4506,38.2931],[-76.3733,38.2988],[-76.3238,38.0438],[-76.4561,38.2070],[-76.5171,38.1317],[-76.8042,38.2536],[-76.8276,38.3628],[-76.8806,38.3988],[-76.8392,38.2572],[-76.9221,38.2915],[-77.0315,38.4813],[-77.2552,38.3935],[-77.2275,38.5568],[-77.0124,38.6973],[-77.0229,38.8027],[-76.9093,38.8929],[-77.0419,38.9961],[-77.1197,38.9340],[-77.4451,39.0845],[-77.5148,39.1525],[-77.4667,39.2437],[-77.7513,39.3510],[-77.8468,39.6117],[-78.1844,39.7042],[-78.5772,39.5291],[-78.7747,39.6378],[-78.9577,39.4541],[-79.1027,39.4672],[-79.4857,39.2069],[-79.4774,39.7217],[-75.7886,39.7213],[-75.6937,38.4603],[-75.0829,38.4474],[-75.1795,38.4084],[-75.0942,38.3353],[-75.3773,38.0151]]]}},{"type":"Feature","properties":{"name":"Delaware"},"geometry":{"type":"MultiLineString","coordinates":[[[-75.0580,38.4537],[-75.6937,38.4603],[-75.7886,39.7213],[-75.6779,39.8151],[-75.4244,39.8066],[-75.5921,39.6492],[-75.5879,39.4627],[-75.4077,39.2702],[-75.3103,38.9278],[-75.0843,38.7959],[-75.0648,38.6326],[-75.1391,38.6880],[-75.0987,38.6384],[-75.2079,38.5695],[-75.0600,38.6125],[-75.0580,38.4537]]]}},{"type":"Feature","properties":{"name":"New Jersey"},"geometry":{"type":"MultiLineString","coordinates":[[[-75.5413,39.5088],[-75.5574,39.6212],[-75.4401,39.7770],[-75.1441,39.8749],[-74.7286,40.1632],[-75.1957,40.6191],[-75.1887,40.7585],[-75.0576,40.8723],[-75.1395,40.9822],[-74.8446,41.2729],[-74.6989,41.3562],[-73.9071,40.9907],[-74.0319,40.7141],[-74.2096,40.6342],[-74.2826,40.4973],[-73.9791,40.4492],[-74.0930,39.7763],[-74.0513,40.0353],[-74.0606,40.0621],[-74.1675,39.6993],[-74.3284,39.5761],[-74.2973,39.5086],[-74.4072,39.5570],[-74.3836,39.4710],[-74.4686,39.3993],[-74.4134,39.3571],[-74.6604,39.2894],[-74.5506,39.2826],[-74.8032,38.9876],[-74.9547,38.9264],[-74.9063,39.1796],[-75.1464,39.1870],[-75.5413,39.5088]]]}},{"type":"Feature","properties":{"name":"Connecticut"},"geometry":{"type":"MultiLineString","coordinates":[[[-73.6417,41.0017],[-73.7229,41.1034],[-73.4841,41.2179],[-73.5446,41.2949],[-73.4805,42.0545],[-71.8015,42.0216],[-71.8449,41.3215],[-72.0834,41.3520],[-72.2879,41.2829],[-72.3918,41.3662],[-72.3697,41.2765],[-72.8560,41.2454],[-72.9099,41.3051],[-73.1084,41.1487],[-73.6417,41.0017]]]}},{"type":"Feature","properties":{"name":"Rhode Island"},"geometry":{"type":"MultiLineString","coordinates":[[[-71.2678,41.7498],[-71.3018,41.6596],[-71.2830,41.7488],[-71.3913,41.8187],[-71.4882,41.3705],[-71.8779,41.3115],[-71.8044,41.4157],[-71.8008,42.0109],[-71.3870,42.0158],[-71.3406,41.7969],[-71.2678,41.7498]]]}},{"type":"Feature","properties":{"name":"Massachusetts"},"geometry":{"type":"MultiLineString","coordinates":[[[-71.1939,41.6768],[-71.1107,41.7970],[-71.2368,41.7095],[-71.3237,41.7777],[-71.3870,42.0158],[-72.8064,42.0069],[-73.5072,42.0789],[-73.2655,42.7456],[-71.3063,42.7008],[-70.9164,42.8867],[-70.8142,42.8772],[-70.8637,42.8262],[-70.7571,42.6572],[-70.6317,42.6946],[-70.5970,42.6344],[-70.878,42.5375],[-70.8382,42.4991],[-71.0384,42.3079],[-70.7418,42.2356],[-70.5908,42.0173],[-70.6483,42.0652],[-70.7148,42.0026],[-70.5449,41.9406],[-70.5331,41.8162],[-70.4391,41.7560],[-70.2747,41.7151],[-70.0001,41.8163],[-69.9866,41.9212],[-70.0686,41.8932],[-70.0998,42.0373],[-70.1892,42.0178],[-70.2157,42.0846],[-70.0511,42.0397],[-69.9246,41.8380],[-69.9798,41.7970],[-69.9388,41.6742],[-70.4180,41.6400],[-70.6586,41.5213],[-70.6306,41.7401],[-71.0401,41.5071],[-71.0623,41.5643],[-71.1218,41.5130],[-71.1311,41.6611],[-71.1939,41.6768]]]}},{"type":"Feature","properties":{"name":"Oregon"},"geometry":{"type":"MultiLineString","coordinates":[[[-124.4924,42.9298],[-124.4448,43.0299],[-124.4244,43.1192],[-124.4161,43.1254],[-124.4184,43.1421],[-124.3866,43.2630],[-124.4013,43.3100],[-124.3765,43.3402],[-124.3421,43.3521],[-124.3294,43.3488],[-124.3264,43.3122],[-124.3165,43.2998],[-124.3087,43.3549],[-124.2873,43.3705],[-124.2527,43.4174],[-124.2328,43.4240],[-124.2223,43.4251],[-124.2179,43.4163],[-124.2128,43.3746],[-124.1777,43.3691],[-124.1400,43.3753],[-124.1697,43.3798],[-124.1866,43.3913],[-124.1943,43.4200],[-124.2086,43.4309],[-124.1976,43.4524],[-124.2086,43.4521],[-124.2331,43.4472],[-124.2401,43.4366],[-124.2770,43.4214],[-124.2834,43.4031],[-124.3252,43.3625],[-124.3352,43.3653],[-124.2980,43.4179],[-124.2379,43.5471],[-124.2097,43.6566],[-124.1746,43.6729],[-124.1398,43.7331],[-124.1328,43.7346],[-124.1090,43.7061],[-124.0724,43.7047],[-124.0702,43.7116],[-124.1012,43.7186],[-124.1285,43.7490],[-124.1488,43.7475],[-124.1604,43.7367],[-124.1715,43.6976],[-124.2029,43.6807],[-124.1760,43.7624],[-124.1510,43.8817],[-124.1398,43.9820],[-124.1194,44.0064],[-124.1335,44.0442],[-124.1139,44.1905],[-124.1072,44.2863],[-124.1140,44.3073],[-124.1004,44.3272],[-124.0844,44.4116],[-124.0535,44.4329],[-124.0178,44.4098],[-124.0276,44.4392],[-124.0496,44.4486],[-124.0834,44.4277],[-124.0843,44.4980],[-124.0631,44.6095],[-124.0456,44.6215],[-124.0120,44.5998],[-124.0047,44.6162],[-124.0067,44.6238],[-124.0271,44.6224],[-124.0482,44.6325],[-124.0681,44.6177],[-124.0578,44.6635],[-124.0779,44.6749],[-124.0670,44.6894],[-124.0584,44.7261],[-124.0733,44.7776],[-124.0651,44.8233],[-124.0345,44.8784],[-124.0318,44.9048],[-124.0176,44.9165],[-124.0256,44.9356],[-124.0047,45.0435],[-124.0157,45.0544],[-124.0141,45.0642],[-123.9843,45.1049],[-123.9710,45.1537],[-123.9691,45.2053],[-123.9763,45.2166],[-123.9603,45.2999],[-123.9719,45.3314],[-124.0017,45.3376],[-124.0017,45.3444],[-123.9810,45.3495],[-123.9727,45.3620],[-123.9578,45.4149],[-123.9608,45.3786],[-123.9184,45.4176],[-123.9547,45.4328],[-123.9710,45.4519],[-123.9705,45.4944],[-123.9488,45.5571],[-123.9391,45.4998],[-123.8905,45.4754],[-123.8942,45.4823],[-123.8832,45.5000],[-123.9005,45.5384],[-123.8960,45.5602],[-123.9252,45.5542],[-123.9578,45.5761],[-123.9418,45.6485],[-123.9207,45.6626],[-123.9182,45.6895],[-123.8874,45.6829],[-123.8710,45.6979],[-123.8858,45.6940],[-123.9080,45.7082],[-123.9174,45.7044],[-123.9303,45.6934],[-123.9378,45.6606],[-123.9416,45.7269],[-123.9639,45.7438],[-123.9677,45.7609],[-123.9811,45.7602],[-123.9591,45.8156],[-123.9566,45.8732],[-123.9697,45.9186],[-123.9905,45.9379],[-123.9642,45.9669],[-123.9339,45.9796],[-123.9233,46.0139],[-123.9506,46.1199],[-123.9904,46.2005],[-124.0226,46.2308],[-124.0173,46.2354],[-124.0027,46.2377],[-123.9881,46.2266],[-123.9947,46.2202],[-123.9848,46.2101],[-123.9510,46.2050],[-123.9159,46.1805],[-123.9039,46.1801],[-123.9006,46.1686],[-123.8251,46.1569],[-123.8124,46.1141],[-123.7987,46.1024],[-123.8006,46.1435],[-123.7783,46.1371],[-123.7783,46.1433],[-123.8069,46.1675],[-123.8435,46.1730],[-123.8654,46.1864],[-123.7667,46.2041],[-123.7271,46.1704],[-123.7059,46.1708],[-123.6140,46.1864],[-123.5994,46.1918],[-123.6201,46.1966],[-123.6205,46.2048],[-123.5815,46.2065],[-123.5365,46.2339],[-123.5192,46.2352],[-123.4849,46.2300],[-123.4371,46.1983],[-123.4301,46.1767],[-123.3855,46.1461],[-123.2564,46.1333],[-123.2333,46.1371],[-123.1800,46.1791],[-123.1118,46.1864],[-123.0299,46.1494],[-122.9666,46.1357],[-122.8917,46.0924],[-122.8607,46.0496],[-122.8500,46.0115],[-122.8065,45.9781],[-122.7924,45.9163],[-122.7740,45.8813],[-122.7798,45.8198],[-122.7531,45.7823],[-122.7593,45.7410],[-122.7544,45.7019],[-122.7388,45.6628],[-122.7216,45.6488],[-122.6731,45.6257],[-122.5948,45.6144],[-122.5396,45.6218],[-122.4261,45.5881],[-122.3416,45.5870],[-122.2610,45.5663],[-121.9710,45.6423],[-121.8623,45.7007],[-121.7926,45.7213],[-121.7175,45.7100],[-121.5702,45.7294],[-121.2718,45.7087],[-121.2042,45.6849],[-121.1728,45.6317],[-121.1549,45.6222],[-121.0388,45.6533],[-120.9001,45.6418],[-120.8386,45.6525],[-120.7869,45.6795],[-120.6686,45.7033],[-120.6314,45.7290],[-120.4701,45.7101],[-120.4256,45.7208],[-120.3625,45.7152],[-120.2901,45.7404],[-120.2299,45.7370],[-120.1272,45.7890],[-120.0803,45.7947],[-119.9341,45.8379],[-119.6624,45.8718],[-119.5752,45.9275],[-119.4796,45.9274],[-119.3413,45.9461],[-119.0933,45.9488],[-119.0445,45.9644],[-119.0023,45.9995],[-116.8788,46.0014],[-116.8385,45.9098],[-116.7788,45.8665],[-116.7593,45.8379],[-116.6877,45.8267],[-116.6574,45.8035],[-116.5994,45.7780],[-116.5574,45.7720],[-116.5301,45.7515],[-116.4559,45.6219],[-116.4629,45.5819],[-116.5118,45.5356],[-116.5391,45.4710],[-116.5866,45.4280],[-116.6015,45.3945],[-116.6490,45.3475],[-116.6560,45.2847],[-116.6789,45.2513],[-116.6968,45.1898],[-116.7174,45.1513],[-116.8313,45.0250],[-116.8324,45.0034],[-116.8203,44.9875],[-116.8408,44.9012],[-116.9172,44.8025],[-117.0292,44.7336],[-117.1037,44.6118],[-117.1222,44.5540],[-117.1493,44.5251],[-117.1799,44.5135],[-117.2038,44.4824],[-117.1935,44.4555],[-117.2153,44.3947],[-117.1948,44.3500],[-117.2017,44.3162],[-117.1950,44.2977],[-117.1402,44.2644],[-117.0992,44.2923],[-117.0861,44.2898],[-117.0645,44.2644],[-117.0440,44.2596],[-116.9860,44.2718],[-116.9734,44.2683],[-116.9613,44.2238],[-116.9169,44.2001],[-116.8919,44.1766],[-116.9068,44.1582],[-116.9083,44.1350],[-116.9205,44.1135],[-116.9586,44.1086],[-116.9689,44.0999],[-116.9686,44.0835],[-116.9413,44.0495],[-116.9355,44.0170],[-116.9710,43.8933],[-116.9937,43.8576],[-117.0314,43.8286],[-117.0201,43.7850],[-117.0166,41.9995],[-124.2145,41.9995],[-124.2748,42.0453],[-124.2931,42.0464],[-124.3504,42.0979],[-124.3595,42.1130],[-124.3541,42.1319],[-124.3661,42.1500],[-124.3638,42.1751],[-124.3790,42.2202],[-124.4124,42.2489],[-124.4094,42.2962],[-124.4328,42.3293],[-124.4249,42.4198],[-124.4397,42.4391],[-124.4235,42.4540],[-124.4206,42.4910],[-124.3944,42.5665],[-124.4033,42.5949],[-124.3998,42.6157],[-124.4145,42.6624],[-124.4544,42.6869],[-124.4667,42.7025],[-124.4729,42.7303],[-124.5054,42.7365],[-124.5388,42.8162],[-124.5667,42.8339],[-124.5477,42.8454],[-124.4924,42.9298]],[[-123.4807,46.2559],[-123.4443,46.2358],[-123.4366,46.2203],[-123.4408,46.2132],[-123.4684,46.2250],[-123.4807,46.2559]]]}},{"type":"Feature","properties":{"name":"Hawaii"},"geometry":{"type":"MultiLineString","coordinates":[[[-154.9899,19.7267],[-154.8140,19.5065],[-154.8747,19.4128],[-155.5027,19.1376],[-155.6747,18.9061],[-155.8781,19.0290],[-155.8873,19.3595],[-156.0601,19.7312],[-155.8354,19.9757],[-155.8804,20.2520],[-155.1680,19.9468],[-155.0853,19.7274],[-154.9899,19.7267]]]}},{"type":"Feature","properties":{"name":"Utah"},"geometry":{"type":"MultiLineString","coordinates":[[[-111.0502,41.9998],[-111.0499,40.9998],[-110.0,40.9998]],[[-110.0,37.0004],[-114.0402,37.0031],[-114.0425,42.0000],[-111.0502,41.9998]],[[-110.0,40.9998],[-109.0463,40.9998],[-109.0466,36.9998],[-110.0,37.0004]]]}},{"type":"Feature","properties":{"name":"Wyoming"},"geometry":{"type":"MultiLineString","coordinates":[[[-111.0499,41.0000],[-111.0508,45.0000],[-110.0,45.0000]],[[-110.0,41.0000],[-111.0499,41.0000]],[[-110.0,45.0000],[-104.0566,45.0001],[-104.0537,40.9998],[-110.0,41.0000]]]}},{"type":"Feature","properties":{"name":"Nevada"},"geometry":{"type":"MultiLineString","coordinates":[[[-114.0425,42.0000],[-114.0420,36.2197],[-114.0452,36.2004],[-114.0841,36.1575],[-114.1238,36.0458],[-114.1586,36.0297],[-114.2077,36.0232],[-114.2565,36.0324],[-114.2877,36.0581],[-114.3270,36.1207],[-114.3656,36.1471],[-114.4429,36.1276],[-114.5547,36.1605],[-114.6368,36.1413],[-114.7028,36.1120],[-114.7211,36.0927],[-114.7199,36.0388],[-114.7412,36.0136],[-114.7395,35.9857],[-114.7146,35.9361],[-114.6752,35.8942],[-114.6668,35.8739],[-114.6934,35.8224],[-114.6945,35.7670],[-114.6866,35.7193],[-114.6450,35.6306],[-114.6527,35.6088],[-114.6465,35.5654],[-114.6676,35.5170],[-114.6323,35.4287],[-114.5908,35.3528],[-114.5898,35.3004],[-114.5719,35.2125],[-114.5818,35.1513],[-114.6355,35.1371],[-114.6388,35.1235],[-114.6115,35.0825],[-114.6388,35.0478],[-114.6282,35.0035],[-115.1937,35.4378],[-116.6595,36.5889],[-118.1262,37.6913],[-120.0000,38.9992],[-120.0007,41.9995],[-114.0425,42.0000]]]}},{"type":"Feature","properties":{"name":"Colorado"},"geometry":{"type":"MultiLineString","coordinates":[[[-109.0463,40.9998],[-102.0518,40.9995],[-102.0395,36.9998],[-109.0466,36.9998],[-109.0463,40.9998]]]}},{"type":"Feature","properties":{"name":"South Dakota"},"geometry":{"type":"MultiLineString","coordinates":[[[-104.0531,43.0003],[-104.0448,45.9420],[-96.5563,45.9417],[-96.6416,45.7590],[-96.8630,45.6007],[-96.7082,45.4216],[-96.4536,45.2965],[-96.4535,43.5001],[-96.5985,43.4964],[-96.5330,43.3750],[-96.5706,43.2285],[-96.4808,43.2166],[-96.4553,43.1217],[-96.6379,42.7510],[-96.4826,42.5183],[-97.2758,42.8842],[-97.8387,42.8715],[-98.0068,42.7840],[-98.4851,43.0001],[-104.0531,43.0003]]]}},{"type":"Feature","properties":{"name":"Nebraska"},"geometry":{"type":"MultiLineString","coordinates":[[[-104.0537,40.9998],[-104.0531,43.0003],[-98.4851,43.0001],[-97.9798,42.7823],[-97.8387,42.8715],[-97.2758,42.8842],[-96.6967,42.6721],[-96.6112,42.5343],[-96.3974,42.4966],[-96.3422,42.1814],[-96.0642,41.7959],[-96.0821,41.5498],[-95.9876,41.5340],[-95.9244,41.4545],[-95.9579,41.3384],[-95.8697,41.3088],[-95.9248,41.2241],[-95.8527,41.1758],[-95.8693,40.7288],[-95.6961,40.5183],[-95.6499,40.3110],[-95.4781,40.2491],[-95.4195,40.0450],[-95.3172,40.0001],[-102.0512,40.0001],[-102.0518,40.9995],[-104.0537,40.9998]]]}},{"type":"Feature","properties":{"name":"Kansas"},"geometry":{"type":"MultiLineString","coordinates":[[[-102.0395,36.9998],[-102.0512,40.0001],[-95.3172,40.0001],[-95.0911,39.8607],[-94.9481,39.9013],[-94.8748,39.7420],[-94.9693,39.7387],[-95.1105,39.5503],[-94.8997,39.3851],[-94.8295,39.2172],[-94.6125,39.1528],[-94.6180,36.9998],[-102.0395,36.9998]]]}},{"type":"Feature","properties":{"name":"Oklahoma"},"geometry":{"type":"MultiLineString","coordinates":[[[-103.0002,36.5001],[-103.0008,36.9998],[-94.6180,36.9998],[-94.6183,36.4998],[-94.4390,35.3862],[-94.4841,33.6474],[-94.8727,33.7559],[-95.2203,33.9629],[-95.3570,33.8682],[-95.5981,33.9520],[-95.7832,33.8554],[-95.9378,33.8955],[-96.3287,33.7018],[-96.6008,33.9048],[-96.7484,33.8488],[-96.9327,33.9573],[-97.1441,33.7251],[-97.2117,33.9100],[-97.4364,33.8269],[-97.6406,33.9945],[-97.9266,33.8731],[-97.9559,33.9953],[-98.0883,34.0278],[-98.1065,34.1496],[-98.4906,34.0751],[-98.5860,34.1571],[-99.1759,34.2206],[-99.3623,34.4622],[-99.4164,34.3803],[-99.6808,34.3946],[-99.9992,34.5754],[-100.0023,36.4998],[-103.0002,36.5001]]]}},{"type":"Feature","properties":{"name":"Iowa"},"geometry":{"type":"MultiLineString","coordinates":[[[-96.4553,43.1217],[-96.5952,43.4989],[-91.2501,43.5009],[-91.2088,43.3729],[-91.0864,43.3173],[-91.1677,43.1604],[-91.0454,42.7420],[-90.7029,42.6553],[-90.6419,42.4756],[-90.1696,42.1164],[-90.1494,41.9763],[-90.4223,41.5540],[-91.0309,41.4136],[-91.0989,41.2359],[-90.9686,41.1160],[-90.9490,40.9822],[-91.1530,40.6724],[-91.4008,40.5812],[-91.3825,40.3929],[-91.4936,40.4031],[-91.7306,40.6188],[-95.7675,40.6004],[-95.8693,40.7288],[-95.8247,40.8889],[-95.8527,41.1758],[-95.9238,41.2076],[-95.8697,41.3088],[-95.9579,41.3384],[-95.9244,41.4545],[-96.0821,41.5498],[-96.0740,41.8189],[-96.3422,42.1814],[-96.3974,42.4966],[-96.6379,42.7510],[-96.4553,43.1217]]]}},{"type":"Feature","properties":{"name":"Missouri"},"geometry":{"type":"MultiLineString","coordinates":[[[-95.6336,40.3091],[-95.7676,40.6004],[-91.7306,40.6188],[-91.4418,40.3795],[-91.5189,40.1749],[-91.3749,39.7357],[-90.7739,39.2790],[-90.6575,38.9210],[-90.5852,38.8780],[-90.4282,38.9674],[-90.1435,38.8568],[-90.3675,38.2387],[-89.5233,37.6788],[-89.4413,37.3983],[-89.5233,37.2680],[-89.3773,37.0472],[-89.2751,37.0004],[-89.2601,37.0830],[-89.1237,36.9796],[-89.2053,36.6075],[-89.3701,36.6330],[-89.4789,36.4524],[-89.5696,36.5563],[-89.5307,36.3835],[-89.6283,36.3414],[-89.5573,36.2747],[-89.6946,36.2469],[-89.6138,36.1417],[-89.7238,36.0004],[-90.3733,35.9861],[-90.0674,36.2873],[-90.1621,36.4998],[-94.6183,36.4998],[-94.6125,39.1528],[-94.8295,39.2172],[-94.8997,39.3851],[-95.1105,39.5503],[-94.9693,39.7387],[-94.8748,39.7420],[-94.9481,39.9013],[-95.0911,39.8607],[-95.4082,40.0335],[-95.4674,40.2380],[-95.6336,40.3091]]]}},{"type":"Feature","properties":{"name":"Wisconsin"},"geometry":{"type":"MultiLineString","coordinates":[[[-86.7635,45.4438],[-86.2506,45.2360],[-86.7146,44.8451],[-87.0613,43.9696],[-87.1471,43.3798],[-87.0188,42.4962],[-90.6412,42.5117],[-90.7029,42.6553],[-91.0795,42.7919],[-91.1677,43.1604],[-91.0864,43.3173],[-91.2479,43.4627],[-91.2950,43.9189],[-91.8171,44.1626],[-92.1026,44.4369],[-92.8197,44.7578],[-92.7593,45.2833],[-92.6630,45.4263],[-92.7508,45.5591],[-92.9017,45.6113],[-92.7040,45.9130],[-92.2925,46.0833],[-92.2892,46.6629],[-91.4683,46.9240],[-90.6539,47.3080],[-89.9576,47.2861],[-90.4125,46.5842],[-90.2173,46.4982],[-90.1185,46.3406],[-88.1231,45.9314],[-88.1099,45.8031],[-87.8026,45.6870],[-87.8821,45.3773],[-87.6612,45.3703],[-87.7347,45.1993],[-87.6535,45.1207],[-87.4360,45.0789],[-87.4033,45.2049],[-87.0924,45.4438],[-86.7635,45.4438]]]}},{"type":"Feature","properties":{"name":"Illinois"},"geometry":{"type":"MultiLineString","coordinates":[[[-90.5852,38.8780],[-90.7026,38.9953],[-90.7739,39.2790],[-91.3749,39.7357],[-91.5189,40.1749],[-91.4729,40.3581],[-91.3736,40.4031],[-91.4008,40.5812],[-91.1530,40.6724],[-90.9490,40.9822],[-90.9686,41.1160],[-91.0989,41.2359],[-91.0309,41.4136],[-90.4409,41.5434],[-90.1885,41.8347],[-90.1696,42.1164],[-90.4031,42.2453],[-90.6412,42.5117],[-87.0188,42.4962],[-87.2077,41.7596],[-87.5210,41.7597],[-87.5326,39.3616],[-87.6150,39.3199],[-87.6668,39.1182],[-87.5364,38.9575],[-87.5112,38.7633],[-87.6532,38.4971],[-87.9918,38.2327],[-87.9339,38.1598],[-88.0299,38.0978],[-87.9678,38.0835],[-88.0454,38.0517],[-88.0381,37.9056],[-88.1118,37.8986],[-88.0499,37.7736],[-88.1633,37.6400],[-88.0909,37.4913],[-88.4886,37.3846],[-88.4544,37.0960],[-88.9554,37.2278],[-89.1787,37.0622],[-89.1237,36.9796],[-89.2601,37.0830],[-89.2751,37.0004],[-89.3773,37.0472],[-89.5233,37.2680],[-89.4413,37.3983],[-89.5233,37.6788],[-90.3675,38.2387],[-90.1435,38.8568],[-90.4282,38.9674],[-90.5852,38.8780]]]}},{"type":"Feature","properties":{"name":"Kentucky"},"geometry":{"type":"MultiLineString","coordinates":[[[-89.2533,36.5691],[-89.1329,36.7609],[-89.1787,37.0622],[-89.0782,37.1854],[-88.9069,37.2202],[-88.4842,37.0724],[-88.4334,37.1365],[-88.4886,37.3846],[-88.0909,37.4913],[-88.1566,37.6638],[-88.0452,37.8067],[-87.8995,37.8297],[-87.9265,37.9233],[-87.6867,37.9068],[-87.6570,37.8251],[-87.5986,37.9764],[-87.1181,37.7887],[-87.0195,37.9191],[-86.8188,37.9952],[-86.6244,37.8537],[-86.4617,38.1373],[-86.3327,38.1471],[-86.3828,38.1946],[-86.0513,37.9696],[-85.9309,38.0289],[-85.8294,38.2772],[-85.6651,38.3095],[-85.5899,38.4609],[-85.4147,38.5534],[-85.4546,38.7264],[-85.1859,38.6937],[-84.8061,38.7949],[-84.8730,39.0616],[-84.7300,39.1462],[-84.6372,39.0772],[-84.4441,39.1018],[-84.3069,39.0168],[-84.2175,38.8234],[-83.8658,38.7622],[-83.7142,38.6385],[-83.5342,38.7074],[-83.3050,38.6014],[-83.1515,38.6189],[-82.8863,38.7448],[-82.8266,38.5864],[-82.5894,38.4193],[-82.6368,38.1615],[-82.2964,37.6883],[-81.9652,37.5386],[-82.6815,37.1370],[-82.8690,36.9010],[-83.0623,36.8517],[-83.1285,36.7533],[-83.7303,36.5857],[-88.0671,36.6897],[-88.0427,36.4986],[-89.4244,36.4989],[-89.3588,36.6380],[-89.2533,36.5691]]]}},{"type":"Feature","properties":{"name":"Arkansas"},"geometry":{"type":"MultiLineString","coordinates":[[[-90.3042,35.0000],[-90.2717,34.9230],[-90.5679,34.7198],[-90.5939,34.4250],[-90.7593,34.3806],[-90.7708,34.2840],[-90.9558,34.1571],[-90.8801,34.0609],[-91.0930,33.9895],[-91.0454,33.8145],[-91.2259,33.6898],[-91.1516,33.6334],[-91.2354,33.5668],[-91.1271,33.4780],[-91.1820,33.3200],[-91.0930,33.1674],[-91.1664,33.0143],[-94.0412,33.0109],[-94.0472,33.5541],[-94.3874,33.5617],[-94.4841,33.6474],[-94.4390,35.3862],[-94.6183,36.4998],[-90.1621,36.4998],[-90.0674,36.2873],[-90.3793,35.9877],[-89.7238,36.0004],[-89.6673,35.9152],[-89.9518,35.7229],[-89.9179,35.5480],[-90.1152,35.3695],[-90.0853,35.1483],[-90.3042,35.0000]]]}},{"type":"Feature","properties":{"name":"Tennessee"},"geometry":{"type":"MultiLineString","coordinates":[[[-89.6740,35.8962],[-89.7157,36.0346],[-89.6138,36.1417],[-89.6946,36.2469],[-89.5611,36.2637],[-89.6283,36.3414],[-89.5307,36.3835],[-89.5598,36.5001],[-88.0427,36.4986],[-88.0720,36.6893],[-81.6588,36.6095],[-81.7163,36.3436],[-81.8924,36.3167],[-82.0779,36.1037],[-82.2131,36.1591],[-82.5595,35.9617],[-82.6297,36.0573],[-82.9074,35.9459],[-82.9905,35.7837],[-83.4992,35.5699],[-83.8887,35.5123],[-84.0783,35.2683],[-84.2905,35.2299],[-84.3246,34.9870],[-90.3042,35.0000],[-90.0853,35.1483],[-90.1152,35.3695],[-89.9179,35.5480],[-89.9518,35.7229],[-89.7221,35.8334],[-89.7595,35.9089],[-89.6740,35.8962]]]}},{"type":"Feature","properties":{"name":"West Virginia"},"geometry":{"type":"MultiLineString","coordinates":[[[-82.5894,38.4193],[-82.3316,38.4436],[-82.2771,38.5882],[-82.1774,38.6117],[-82.2087,38.7859],[-82.0583,39.0032],[-81.9374,38.9905],[-81.9016,38.8742],[-81.7639,38.9372],[-81.8184,39.0797],[-81.6824,39.271],[-81.4631,39.4065],[-81.3686,39.3510],[-81.2269,39.3984],[-80.8752,39.6287],[-80.6005,40.3233],[-80.6768,40.5887],[-80.6225,40.6260],[-80.5202,40.6467],[-80.5194,39.7214],[-79.4774,39.7217],[-79.4857,39.2069],[-79.1027,39.4672],[-78.9577,39.4541],[-78.7747,39.6378],[-78.6832,39.5462],[-78.4689,39.5335],[-78.4236,39.6293],[-78.1329,39.7013],[-77.8468,39.6117],[-77.8599,39.5155],[-77.7389,39.4061],[-77.8357,39.1441],[-78.3360,39.4449],[-78.4203,39.1569],[-78.8677,38.7882],[-78.9987,38.8423],[-79.2900,38.4243],[-79.6485,38.5880],[-79.7945,38.2738],[-80.2848,37.6851],[-80.2249,37.6215],[-80.2897,37.5136],[-80.4578,37.4282],[-80.8596,37.4207],[-80.9482,37.2948],[-81.2240,37.2443],[-81.3634,37.3345],[-81.5839,37.2047],[-81.8352,37.2920],[-81.9816,37.4681],[-81.9565,37.5314],[-82.2916,37.6829],[-82.6311,38.1528],[-82.5894,38.4193]]]}},{"type":"Feature","properties":{"name":"Indiana"},"geometry":{"type":"MultiLineString","coordinates":[[[-84.8060,41.7582],[-84.8730,39.0616],[-84.8228,38.9742],[-84.8774,38.9196],[-84.7839,38.8929],[-84.8061,38.7949],[-85.1859,38.6937],[-85.4546,38.7264],[-85.4147,38.5534],[-85.5899,38.4609],[-85.6651,38.3095],[-85.8294,38.2772],[-85.9309,38.0289],[-86.0513,37.9696],[-86.3828,38.1946],[-86.3327,38.1471],[-86.4617,38.1373],[-86.6244,37.8537],[-86.8188,37.9952],[-87.0195,37.9191],[-87.1181,37.7887],[-87.5986,37.9764],[-87.6270,37.8345],[-87.9091,37.9315],[-87.9508,37.7819],[-88.0948,37.8182],[-88.0398,37.8334],[-88.1118,37.8986],[-88.0381,37.9056],[-88.0454,38.0517],[-87.9678,38.0835],[-88.0299,38.0978],[-87.9339,38.1598],[-87.9918,38.2327],[-87.6532,38.4971],[-87.5112,38.7633],[-87.5364,38.9575],[-87.6668,39.1182],[-87.6150,39.3199],[-87.5326,39.3616],[-87.5210,41.7597],[-84.8060,41.7582]]]}}]}